Tick 2(0), Delay 443 ms, IGT 00:00.000, RTA 00:00.-443-00:00.000, due world load
Tick 3(1), Delay 82 ms, IGT 00:00.014, RTA 00:00.-60-00:00.022
Tick 4(2), Delay 0 ms, IGT 00:00.064, RTA 00:00.022-00:00.022
Tick 15(13), Delay 79 ms, IGT 00:00.614, RTA 00:00.520-00:00.599
Tick 16(14), Delay 18 ms, IGT 00:00.664, RTA 00:00.599-00:00.617
Tick 20(18), Delay 64 ms, IGT 00:00.864, RTA 00:00.770-00:00.834
Tick 21(19), Delay 62 ms, IGT 00:00.914, RTA 00:00.834-00:00.896
Tick 22(20), Delay 34 ms, IGT 00:00.964, RTA 00:00.896-00:00.930
Tick 23(21), Delay 67 ms, IGT 00:01.014, RTA 00:00.930-00:00.997
Tick 24(22), Delay 34 ms, IGT 00:01.064, RTA 00:00.997-00:01.031
Tick 25(23), Delay 55 ms, IGT 00:01.114, RTA 00:01.031-00:01.086
Tick 26(24), Delay 84 ms, IGT 00:01.164, RTA 00:01.086-00:01.170
Tick 27(25), Delay 0 ms, IGT 00:01.214, RTA 00:01.170-00:01.170
Tick 28(26), Delay 60 ms, IGT 00:01.264, RTA 00:01.170-00:01.230
Tick 29(27), Delay 6280 ms, IGT 00:01.314, RTA 00:01.230-00:07.510
Tick 138(136), Delay 55 ms, IGT 00:06.764, RTA 00:12.910-00:12.965
Tick 213(211), Delay 11986 ms, IGT 00:10.514, RTA 00:16.660-00:28.646
Tick 231(229), Delay 75 ms, IGT 00:11.414, RTA 00:29.496-00:29.571
Tick 232(230), Delay 23 ms, IGT 00:11.464, RTA 00:29.571-00:29.594
Tick 371(369), Delay 61 ms, IGT 00:18.414, RTA 00:36.496-00:36.557
Tick 372(370), Delay 58 ms, IGT 00:18.464, RTA 00:36.557-00:36.615
Tick 373(371), Delay 31 ms, IGT 00:18.514, RTA 00:36.615-00:36.646
Tick 374(372), Delay 62 ms, IGT 00:18.564, RTA 00:36.646-00:36.708
Tick 375(373), Delay 58 ms, IGT 00:18.614, RTA 00:36.708-00:36.766
Tick 376(374), Delay 31 ms, IGT 00:18.664, RTA 00:36.766-00:36.797
Tick 1188(1186), Delay 40756 ms, IGT 00:59.264, RTA 01:17.345-01:58.101
Tick 1197(1195), Delay 55 ms, IGT 00:59.714, RTA 01:58.501-01:58.556
Tick 1487(1485), Delay 63 ms, IGT 01:14.214, RTA 02:13.003-02:13.066
Tick 1488(1486), Delay 35 ms, IGT 01:14.264, RTA 02:13.066-02:13.101
Tick 1556(1554), Delay 39663 ms, IGT 01:17.664, RTA 02:16.452-02:56.115
Tick 1714(1712), Delay 56 ms, IGT 01:25.564, RTA 03:03.966-03:04.022
Tick 1715(1713), Delay 43 ms, IGT 01:25.614, RTA 03:04.022-03:04.065
Tick 1916(1913), Delay 470 ms, IGT 01:35.614, RTA 03:14.066-03:14.536
Tick 1917(1913), Delay 208082 ms, IGT 01:35.614, RTA 03:14.536-06:42.618
Tick 1918(1913), Delay 84 ms, IGT 01:35.614, RTA 06:42.618-06:42.702, due world load
Tick 1919(1914), Delay 4 ms, IGT 01:35.639, RTA 06:42.702-06:42.706
Tick 2269(2263), Delay 686 ms, IGT 01:53.089, RTA 07:00.153-07:00.839
Tick 2270(2263), Delay 17547 ms, IGT 01:53.089, RTA 07:00.839-07:18.386
Tick 2271(2263), Delay 86 ms, IGT 01:53.089, RTA 07:18.386-07:18.472, due world load
Tick 2272(2263), Delay 0 ms, IGT 01:53.089, RTA 07:18.472-07:18.472, due world load
Tick 2273(2264), Delay 32 ms, IGT 01:53.136, RTA 07:18.472-07:18.504
Tick 2541(2532), Delay 62 ms, IGT 02:06.536, RTA 07:31.858-07:31.920
Tick 2542(2533), Delay 33 ms, IGT 02:06.586, RTA 07:31.920-07:31.953
Tick 2543(2534), Delay 61 ms, IGT 02:06.636, RTA 07:31.953-07:32.014
Tick 2544(2535), Delay 61 ms, IGT 02:06.686, RTA 07:32.014-07:32.075
Tick 2545(2536), Delay 28 ms, IGT 02:06.736, RTA 07:32.075-07:32.103
Tick 2546(2537), Delay 63 ms, IGT 02:06.786, RTA 07:32.103-07:32.166
Tick 2547(2538), Delay 62 ms, IGT 02:06.836, RTA 07:32.166-07:32.228
Tick 2548(2539), Delay 56 ms, IGT 02:06.886, RTA 07:32.228-07:32.284
Tick 2549(2540), Delay 30 ms, IGT 02:06.936, RTA 07:32.284-07:32.314
Tick 2550(2541), Delay 62 ms, IGT 02:06.986, RTA 07:32.314-07:32.376
Tick 2551(2542), Delay 27 ms, IGT 02:07.036, RTA 07:32.376-07:32.403
Tick 2552(2543), Delay 62 ms, IGT 02:07.086, RTA 07:32.403-07:32.465
Tick 2553(2544), Delay 61 ms, IGT 02:07.136, RTA 07:32.465-07:32.526
Tick 2554(2545), Delay 56 ms, IGT 02:07.186, RTA 07:32.526-07:32.582
Tick 2555(2546), Delay 31 ms, IGT 02:07.236, RTA 07:32.582-07:32.613
Tick 2556(2547), Delay 62 ms, IGT 02:07.286, RTA 07:32.613-07:32.675
Tick 2557(2548), Delay 28 ms, IGT 02:07.336, RTA 07:32.675-07:32.703
Tick 2558(2549), Delay 62 ms, IGT 02:07.386, RTA 07:32.703-07:32.765
Tick 2559(2550), Delay 39 ms, IGT 02:07.436, RTA 07:32.765-07:32.804
Tick 2578(2568), Delay 224 ms, IGT 02:08.336, RTA 07:33.703-07:33.927
Tick 2579(2568), Delay 1605 ms, IGT 02:08.336, RTA 07:33.927-07:35.532
Tick 2580(2569), Delay 87 ms, IGT 02:08.351, RTA 07:35.532-07:35.619
Tick 2581(2570), Delay 0 ms, IGT 02:08.401, RTA 07:35.619-07:35.619
Tick 2582(2571), Delay 28 ms, IGT 02:08.451, RTA 07:35.619-07:35.647
Tick 2587(2575), Delay 252 ms, IGT 02:08.651, RTA 07:35.844-07:36.096
Tick 2588(2575), Delay 179143 ms, IGT 02:08.651, RTA 07:36.096-10:35.239
Tick 2589(2576), Delay 98 ms, IGT 02:08.668, RTA 10:35.239-10:35.337
Tick 2590(2577), Delay 0 ms, IGT 02:08.718, RTA 10:35.337-10:35.337
Tick 2591(2578), Delay 43 ms, IGT 02:08.768, RTA 10:35.337-10:35.380
Tick 2733(2720), Delay 66 ms, IGT 02:15.868, RTA 10:42.430-10:42.496
Tick 2734(2721), Delay 36 ms, IGT 02:15.918, RTA 10:42.496-10:42.532
Tick 2867(2854), Delay 55 ms, IGT 02:22.568, RTA 10:49.130-10:49.185
Tick 2868(2855), Delay 45 ms, IGT 02:22.618, RTA 10:49.185-10:49.230
Tick 2999(2986), Delay 67 ms, IGT 02:29.168, RTA 10:55.731-10:55.798
Tick 3000(2987), Delay 32 ms, IGT 02:29.218, RTA 10:55.798-10:55.830
Tick 3220(3207), Delay 55 ms, IGT 02:40.218, RTA 11:06.779-11:06.834
Tick 3350(3337), Delay 45 ms, IGT 02:46.718, RTA 11:13.284-11:13.329
Tick 3427(3414), Delay 60 ms, IGT 02:50.568, RTA 11:17.132-11:17.192
Tick 3428(3415), Delay 41 ms, IGT 02:50.618, RTA 11:17.192-11:17.233
Tick 3429(3415), Delay 252 ms, IGT 02:50.618, RTA 11:17.233-11:17.485
Tick 3430(3415), Delay 405837 ms, IGT 02:50.618, RTA 11:17.485-18:03.322
Tick 3432(3417), Delay 6 ms, IGT 02:50.718, RTA 18:03.373-18:03.379
Tick 3573(3558), Delay 2914534 ms, IGT 02:57.768, RTA 18:10.379-1:06:44.913
Tick 3574(3559), Delay 35 ms, IGT 02:57.818, RTA 1:06:44.913-1:06:44.948
Tick 4132(4117), Delay 55 ms, IGT 03:25.718, RTA 1:07:12.796-1:07:12.851
Tick 4133(4118), Delay 44 ms, IGT 03:25.768, RTA 1:07:12.851-1:07:12.895
Tick 4169(4154), Delay 15636 ms, IGT 03:27.568, RTA 1:07:14.648-1:07:30.284
Tick 4404(4389), Delay 63 ms, IGT 03:39.318, RTA 1:07:41.983-1:07:42.046
Tick 4405(4390), Delay 37 ms, IGT 03:39.368, RTA 1:07:42.046-1:07:42.083
Tick 4587(4572), Delay 45 ms, IGT 03:48.468, RTA 1:07:51.137-1:07:51.182
Tick 4628(4613), Delay 10468 ms, IGT 03:50.518, RTA 1:07:53.185-1:08:03.653
Tick 4935(4920), Delay 55 ms, IGT 04:05.868, RTA 1:08:18.953-1:08:19.008
Tick 5035(5020), Delay 7553 ms, IGT 04:10.868, RTA 1:08:23.955-1:08:31.508
Tick 5276(5261), Delay 1379 ms, IGT 04:22.918, RTA 1:08:43.507-1:08:44.886
Tick 5480(5465), Delay 56 ms, IGT 04:33.118, RTA 1:08:55.036-1:08:55.092
Tick 5481(5466), Delay 44 ms, IGT 04:33.168, RTA 1:08:55.092-1:08:55.136
Tick 5579(5564), Delay 4494 ms, IGT 04:38.068, RTA 1:08:59.986-1:09:04.480
Tick 5857(5842), Delay 45 ms, IGT 04:51.968, RTA 1:09:18.332-1:09:18.377
Tick 5859(5844), Delay 55 ms, IGT 04:52.068, RTA 1:09:18.427-1:09:18.482
Tick 6243(6228), Delay 55 ms, IGT 05:11.268, RTA 1:09:37.628-1:09:37.683
Tick 6354(6339), Delay 44 ms, IGT 05:16.818, RTA 1:09:43.184-1:09:43.228
Tick 6538(6523), Delay 55 ms, IGT 05:26.018, RTA 1:09:52.378-1:09:52.433
Tick 6539(6524), Delay 45 ms, IGT 05:26.068, RTA 1:09:52.433-1:09:52.478
Tick 6608(6593), Delay 55 ms, IGT 05:29.518, RTA 1:09:55.877-1:09:55.932
Tick 6635(6620), Delay 55 ms, IGT 05:30.868, RTA 1:09:57.228-1:09:57.283
Tick 7380(7365), Delay 45 ms, IGT 06:08.118, RTA 1:10:34.482-1:10:34.527
Tick 7859(7844), Delay 1700 ms, IGT 06:32.068, RTA 1:10:58.430-1:11:00.130
Tick 7977(7962), Delay 55 ms, IGT 06:37.968, RTA 1:11:05.980-1:11:06.035
Tick 8176(8161), Delay 55 ms, IGT 06:47.918, RTA 1:11:15.929-1:11:15.984
Tick 8177(8162), Delay 45 ms, IGT 06:47.968, RTA 1:11:15.984-1:11:16.029
Tick 8183(8168), Delay 6001 ms, IGT 06:48.268, RTA 1:11:16.280-1:11:22.281
Tick 8211(8196), Delay 524 ms, IGT 06:49.668, RTA 1:11:23.632-1:11:24.156
Tick 8356(8341), Delay 5255 ms, IGT 06:56.918, RTA 1:11:31.352-1:11:36.607
Tick 8569(8554), Delay 44 ms, IGT 07:07.568, RTA 1:11:47.212-1:11:47.256
Tick 8603(8588), Delay 5985 ms, IGT 07:09.268, RTA 1:11:48.908-1:11:54.893
Tick 8616(8601), Delay 56 ms, IGT 07:09.918, RTA 1:11:55.494-1:11:55.550
Tick 8617(8602), Delay 44 ms, IGT 07:09.968, RTA 1:11:55.550-1:11:55.594
Tick 8803(8788), Delay 57 ms, IGT 07:19.268, RTA 1:12:04.843-1:12:04.900
Tick 8804(8789), Delay 45 ms, IGT 07:19.318, RTA 1:12:04.900-1:12:04.945
Tick 9140(9125), Delay 30641 ms, IGT 07:36.118, RTA 1:12:21.693-1:12:52.334
Tick 9148(9133), Delay 56 ms, IGT 07:36.518, RTA 1:12:52.683-1:12:52.739
Tick 9149(9134), Delay 45 ms, IGT 07:36.568, RTA 1:12:52.739-1:12:52.784
Tick 9586(9571), Delay 55 ms, IGT 07:58.418, RTA 1:13:14.583-1:13:14.638
Tick 9587(9572), Delay 45 ms, IGT 07:58.468, RTA 1:13:14.638-1:13:14.683
Tick 9780(9765), Delay 55 ms, IGT 08:08.118, RTA 1:13:24.282-1:13:24.337
Tick 11175(11160), Delay 110 ms, IGT 09:17.868, RTA 1:14:34.033-1:14:34.143
Tick 11176(11161), Delay 34 ms, IGT 09:17.918, RTA 1:14:34.143-1:14:34.177
Tick 11177(11162), Delay 15 ms, IGT 09:17.968, RTA 1:14:34.177-1:14:34.192
Tick 11178(11163), Delay 43 ms, IGT 09:18.018, RTA 1:14:34.192-1:14:34.235
Tick 11222(11207), Delay 44 ms, IGT 09:20.218, RTA 1:14:36.388-1:14:36.432
Tick 11288(11273), Delay 55 ms, IGT 09:23.518, RTA 1:14:39.682-1:14:39.737
Tick 11289(11274), Delay 45 ms, IGT 09:23.568, RTA 1:14:39.737-1:14:39.782
Tick 11300(11285), Delay 131 ms, IGT 09:24.118, RTA 1:14:40.283-1:14:40.414
Tick 11301(11286), Delay 22 ms, IGT 09:24.168, RTA 1:14:40.414-1:14:40.436
Tick 11302(11287), Delay 0 ms, IGT 09:24.218, RTA 1:14:40.436-1:14:40.436
Tick 11310(11295), Delay 45 ms, IGT 09:24.618, RTA 1:14:40.787-1:14:40.832
Tick 11490(11475), Delay 55 ms, IGT 09:33.618, RTA 1:14:49.783-1:14:49.838
Tick 11491(11476), Delay 45 ms, IGT 09:33.668, RTA 1:14:49.838-1:14:49.883
Tick 11587(11572), Delay 163 ms, IGT 09:38.468, RTA 1:14:54.633-1:14:54.796
Tick 11588(11573), Delay 2 ms, IGT 09:38.518, RTA 1:14:54.796-1:14:54.798
Tick 11589(11574), Delay 21 ms, IGT 09:38.568, RTA 1:14:54.798-1:14:54.819
Tick 11590(11575), Delay 16 ms, IGT 09:38.618, RTA 1:14:54.819-1:14:54.835
Tick 11675(11660), Delay 109 ms, IGT 09:42.868, RTA 1:14:59.033-1:14:59.142
Tick 11676(11661), Delay 35 ms, IGT 09:42.918, RTA 1:14:59.142-1:14:59.177
Tick 11677(11662), Delay 15 ms, IGT 09:42.968, RTA 1:14:59.177-1:14:59.192
Tick 11678(11663), Delay 41 ms, IGT 09:43.018, RTA 1:14:59.192-1:14:59.233
Tick 11719(11704), Delay 61 ms, IGT 09:45.068, RTA 1:15:01.232-1:15:01.293
Tick 11720(11705), Delay 41 ms, IGT 09:45.118, RTA 1:15:01.293-1:15:01.334
Tick 11849(11834), Delay 93 ms, IGT 09:51.568, RTA 1:15:07.734-1:15:07.827
Tick 11850(11835), Delay 7 ms, IGT 09:51.618, RTA 1:15:07.827-1:15:07.834
Tick 12046(12030), Delay 42 ms, IGT 10:01.368, RTA 1:15:17.583-1:15:17.625, due world load
Tick 12047(12030), Delay 44 ms, IGT 10:01.368, RTA 1:15:17.625-1:15:17.669, due world load
Tick 12131(12114), Delay 55 ms, IGT 10:05.526, RTA 1:15:21.819-1:15:21.874
Tick 12248(12231), Delay 20973 ms, IGT 10:11.376, RTA 1:15:27.670-1:15:48.643
Tick 12255(12237), Delay 274 ms, IGT 10:11.676, RTA 1:15:48.944-1:15:49.218
Tick 12256(12237), Delay 32836 ms, IGT 10:11.676, RTA 1:15:49.218-1:16:22.054
Tick 12258(12237), Delay 31 ms, IGT 10:11.676, RTA 1:16:22.105-1:16:22.136, due world load
Tick 12293(12272), Delay 22731 ms, IGT 10:13.415, RTA 1:16:23.836-1:16:46.567
Tick 12304(12283), Delay 3047 ms, IGT 10:13.965, RTA 1:16:47.068-1:16:50.115
Tick 12305(12283), Delay 79 ms, IGT 10:13.965, RTA 1:16:50.115-1:16:50.194, due world load
Tick 12306(12284), Delay 6 ms, IGT 10:13.999, RTA 1:16:50.194-1:16:50.200
Tick 12589(12567), Delay 55 ms, IGT 10:28.149, RTA 1:17:04.300-1:17:04.355
Tick 12725(12703), Delay 55 ms, IGT 10:34.949, RTA 1:17:11.101-1:17:11.156
Tick 12737(12712), Delay 81 ms, IGT 10:35.393, RTA 1:17:11.701-1:17:11.782, due world load
Tick 12738(12713), Delay 56 ms, IGT 10:35.436, RTA 1:17:11.782-1:17:11.838
Tick 12739(12714), Delay 14 ms, IGT 10:35.486, RTA 1:17:11.838-1:17:11.852
Tick 12824(12799), Delay 45 ms, IGT 10:39.736, RTA 1:17:16.056-1:17:16.101
Tick 12944(12919), Delay 88 ms, IGT 10:45.646, RTA 1:17:22.053-1:17:22.141
Tick 12945(12920), Delay 15 ms, IGT 10:45.696, RTA 1:17:22.141-1:17:22.156
Tick 12946(12921), Delay 57 ms, IGT 10:45.746, RTA 1:17:22.156-1:17:22.213
Tick 12947(12922), Delay 41 ms, IGT 10:45.796, RTA 1:17:22.213-1:17:22.254
Tick 12977(12952), Delay 56 ms, IGT 10:47.296, RTA 1:17:23.699-1:17:23.755
Tick 12980(12955), Delay 55 ms, IGT 10:47.446, RTA 1:17:23.850-1:17:23.905
Tick 12984(12959), Delay 55 ms, IGT 10:47.646, RTA 1:17:24.049-1:17:24.104
Tick 13069(13044), Delay 56 ms, IGT 10:51.896, RTA 1:17:28.299-1:17:28.355
Tick 13070(13045), Delay 45 ms, IGT 10:51.946, RTA 1:17:28.355-1:17:28.400
Tick 13110(13085), Delay 79 ms, IGT 10:53.899, RTA 1:17:30.350-1:17:30.429
Tick 13111(13086), Delay 23 ms, IGT 10:53.949, RTA 1:17:30.429-1:17:30.452
Tick 13113(13088), Delay 83 ms, IGT 10:54.003, RTA 1:17:30.502-1:17:30.585
Tick 13114(13089), Delay 25 ms, IGT 10:54.053, RTA 1:17:30.585-1:17:30.610
Tick 13116(13091), Delay 35 ms, IGT 10:54.153, RTA 1:17:30.663-1:17:30.698
Tick 13219(13193), Delay 82638 ms, IGT 10:59.253, RTA 1:17:35.798-1:18:58.436
Tick 13220(13193), Delay 436559 ms, IGT 10:59.253, RTA 1:18:58.436-1:26:14.995
Tick 13221(13194), Delay 90 ms, IGT 10:59.256, RTA 1:26:14.995-1:26:15.085
Tick 13222(13195), Delay 1 ms, IGT 10:59.306, RTA 1:26:15.085-1:26:15.086
Tick 13223(13196), Delay 20 ms, IGT 10:59.356, RTA 1:26:15.086-1:26:15.106
Tick 13265(13237), Delay 44 ms, IGT 11:01.406, RTA 1:26:17.155-1:26:17.199, due world load
Tick 13266(13237), Delay 20 ms, IGT 11:01.406, RTA 1:26:17.199-1:26:17.219, due world load
Tick 13267(13237), Delay 117 ms, IGT 11:01.391, RTA 1:26:17.219-1:26:17.336, due world load
Tick 13268(13237), Delay 0 ms, IGT 11:01.391, RTA 1:26:17.336-1:26:17.336, due world load
Tick 13269(13238), Delay 59 ms, IGT 11:01.438, RTA 1:26:17.336-1:26:17.395
Tick 13270(13239), Delay 30 ms, IGT 11:01.488, RTA 1:26:17.395-1:26:17.425
Tick 13300(13269), Delay 55 ms, IGT 11:02.988, RTA 1:26:18.873-1:26:18.928
Tick 13322(13291), Delay 84 ms, IGT 11:04.088, RTA 1:26:19.975-1:26:20.059
Tick 13323(13292), Delay 19 ms, IGT 11:04.138, RTA 1:26:20.059-1:26:20.078
Tick 13368(13337), Delay 8011 ms, IGT 11:06.388, RTA 1:26:22.273-1:26:30.284
Tick 13386(13354), Delay 495 ms, IGT 11:07.238, RTA 1:26:31.133-1:26:31.628
Tick 13387(13354), Delay 1566 ms, IGT 11:07.238, RTA 1:26:31.628-1:26:33.194
Tick 13388(13355), Delay 89 ms, IGT 11:07.256, RTA 1:26:33.194-1:26:33.283
Tick 13389(13356), Delay 12 ms, IGT 11:07.306, RTA 1:26:33.283-1:26:33.295
Tick 13431(13397), Delay 74 ms, IGT 11:09.356, RTA 1:26:35.345-1:26:35.419, due world load
Tick 13433(13397), Delay 155 ms, IGT 11:09.345, RTA 1:26:35.468-1:26:35.623, due world load
Tick 13434(13397), Delay 0 ms, IGT 11:09.345, RTA 1:26:35.623-1:26:35.623, due world load
Tick 13436(13399), Delay 56 ms, IGT 11:09.440, RTA 1:26:35.670-1:26:35.726
Tick 13437(13400), Delay 41 ms, IGT 11:09.490, RTA 1:26:35.726-1:26:35.767
Tick 13461(13424), Delay 45 ms, IGT 11:10.690, RTA 1:26:36.922-1:26:36.967
Tick 13535(13497), Delay 251 ms, IGT 11:14.340, RTA 1:26:40.617-1:26:40.868
Tick 13536(13497), Delay 7377 ms, IGT 11:14.340, RTA 1:26:40.868-1:26:48.245
Tick 13537(13498), Delay 86 ms, IGT 11:14.355, RTA 1:26:48.245-1:26:48.331
Tick 13538(13499), Delay 1 ms, IGT 11:14.405, RTA 1:26:48.331-1:26:48.332
Tick 13539(13500), Delay 38 ms, IGT 11:14.455, RTA 1:26:48.332-1:26:48.370
Tick 13544(13505), Delay 42 ms, IGT 11:14.705, RTA 1:26:48.579-1:26:48.621
Tick 13549(13510), Delay 45 ms, IGT 11:14.955, RTA 1:26:48.823-1:26:48.868
Tick 13555(13516), Delay 55 ms, IGT 11:15.255, RTA 1:26:49.120-1:26:49.175
Tick 13569(13529), Delay 69 ms, IGT 11:15.905, RTA 1:26:49.823-1:26:49.892, due world load
Tick 13572(13530), Delay 130 ms, IGT 11:15.915, RTA 1:26:49.993-1:26:50.123, due world load
Tick 13573(13530), Delay 1 ms, IGT 11:15.915, RTA 1:26:50.123-1:26:50.124, due world load
Tick 13574(13531), Delay 28 ms, IGT 11:15.962, RTA 1:26:50.124-1:26:50.152
Tick 13575(13532), Delay 56 ms, IGT 11:16.012, RTA 1:26:50.152-1:26:50.208
Tick 13577(13534), Delay 42 ms, IGT 11:16.112, RTA 1:26:50.255-1:26:50.297
Tick 13624(13581), Delay 45 ms, IGT 11:18.462, RTA 1:26:52.600-1:26:52.645
Tick 13692(13648), Delay 1432 ms, IGT 11:21.812, RTA 1:26:55.998-1:26:57.430
Tick 13693(13648), Delay 13216 ms, IGT 11:21.812, RTA 1:26:57.430-1:27:10.646
Tick 13694(13649), Delay 79 ms, IGT 11:21.827, RTA 1:27:10.646-1:27:10.725
Tick 13695(13650), Delay 19 ms, IGT 11:21.877, RTA 1:27:10.725-1:27:10.744
Tick 13700(13655), Delay 56 ms, IGT 11:22.127, RTA 1:27:10.942-1:27:10.998
Tick 13702(13657), Delay 45 ms, IGT 11:22.227, RTA 1:27:11.050-1:27:11.095
Tick 13705(13660), Delay 81 ms, IGT 11:22.377, RTA 1:27:11.191-1:27:11.272
Tick 13706(13661), Delay 21 ms, IGT 11:22.427, RTA 1:27:11.272-1:27:11.293
Tick 13710(13665), Delay 75 ms, IGT 11:22.583, RTA 1:27:11.442-1:27:11.517
Tick 13714(13668), Delay 95 ms, IGT 11:22.733, RTA 1:27:11.666-1:27:11.761, due world load
Tick 13715(13669), Delay 42 ms, IGT 11:22.781, RTA 1:27:11.761-1:27:11.803
Tick 13827(13780), Delay 446 ms, IGT 11:28.331, RTA 1:27:17.348-1:27:17.794
Tick 13828(13780), Delay 194992 ms, IGT 11:28.331, RTA 1:27:17.794-1:30:32.786
Tick 13829(13781), Delay 91 ms, IGT 11:28.335, RTA 1:30:32.786-1:30:32.877
Tick 13830(13782), Delay 1 ms, IGT 11:28.385, RTA 1:30:32.877-1:30:32.878
Tick 13831(13783), Delay 39 ms, IGT 11:28.435, RTA 1:30:32.878-1:30:32.917
Tick 13832(13784), Delay 45 ms, IGT 11:28.485, RTA 1:30:32.917-1:30:32.962
Tick 13839(13791), Delay 55 ms, IGT 11:28.835, RTA 1:30:33.260-1:30:33.315
Tick 13849(13801), Delay 55 ms, IGT 11:29.335, RTA 1:30:33.761-1:30:33.816
Tick 13866(13817), Delay 33 ms, IGT 11:30.135, RTA 1:30:34.610-1:30:34.643, due world load
Tick 13867(13817), Delay 45 ms, IGT 11:30.135, RTA 1:30:34.643-1:30:34.688, due world load
Tick 13886(13834), Delay 3924 ms, IGT 11:30.978, RTA 1:30:35.590-1:30:39.514
Tick 13942(13890), Delay 59 ms, IGT 11:33.778, RTA 1:30:42.264-1:30:42.323
Tick 13943(13891), Delay 41 ms, IGT 11:33.828, RTA 1:30:42.323-1:30:42.364
Tick 13965(13912), Delay 141 ms, IGT 11:34.878, RTA 1:30:43.414-1:30:43.555, due world load
Tick 13966(13912), Delay 1 ms, IGT 11:34.878, RTA 1:30:43.555-1:30:43.556, due world load
Tick 13967(13912), Delay 15 ms, IGT 11:34.878, RTA 1:30:43.556-1:30:43.571, due world load
Tick 13968(13913), Delay 36 ms, IGT 11:34.923, RTA 1:30:43.571-1:30:43.607
Tick 14086(14031), Delay 44 ms, IGT 11:40.823, RTA 1:30:49.462-1:30:49.506
Tick 14104(14049), Delay 45 ms, IGT 11:41.723, RTA 1:30:50.359-1:30:50.404
Tick 14156(14101), Delay 56 ms, IGT 11:44.323, RTA 1:30:52.956-1:30:53.012
Tick 14157(14102), Delay 43 ms, IGT 11:44.373, RTA 1:30:53.012-1:30:53.055
Tick 14164(14109), Delay 44 ms, IGT 11:44.723, RTA 1:30:53.363-1:30:53.407
Tick 14184(14129), Delay 55 ms, IGT 11:45.723, RTA 1:30:54.355-1:30:54.410
Tick 14186(14131), Delay 42 ms, IGT 11:45.778, RTA 1:30:54.458-1:30:54.500
Tick 14187(14132), Delay 20 ms, IGT 11:45.828, RTA 1:30:54.500-1:30:54.520
Tick 14188(14133), Delay 60 ms, IGT 11:45.878, RTA 1:30:54.520-1:30:54.580
Tick 14189(14134), Delay 43 ms, IGT 11:45.928, RTA 1:30:54.580-1:30:54.623
Tick 14199(14144), Delay 12303 ms, IGT 11:46.428, RTA 1:30:55.072-1:31:07.375
Tick 14200(14144), Delay 143 ms, IGT 11:46.428, RTA 1:31:07.375-1:31:07.518, due world load
Tick 14201(14144), Delay 1 ms, IGT 11:46.428, RTA 1:31:07.518-1:31:07.519, due world load
Tick 14202(14145), Delay 18 ms, IGT 11:46.445, RTA 1:31:07.519-1:31:07.537
Tick 14203(14146), Delay 33 ms, IGT 11:46.495, RTA 1:31:07.537-1:31:07.570
Tick 14250(14192), Delay 77 ms, IGT 11:48.795, RTA 1:31:09.870-1:31:09.947, due world load
Tick 14251(14192), Delay 24 ms, IGT 11:48.795, RTA 1:31:09.947-1:31:09.971, due world load
Tick 14252(14192), Delay 112 ms, IGT 11:48.784, RTA 1:31:09.971-1:31:10.083, due world load
Tick 14253(14192), Delay 1 ms, IGT 11:48.784, RTA 1:31:10.083-1:31:10.084, due world load
Tick 14254(14193), Delay 67 ms, IGT 11:48.832, RTA 1:31:10.084-1:31:10.151
Tick 14255(14194), Delay 20 ms, IGT 11:48.882, RTA 1:31:10.151-1:31:10.171
Tick 14355(14294), Delay 55 ms, IGT 11:53.882, RTA 1:31:15.122-1:31:15.177
Tick 14393(14331), Delay 76 ms, IGT 11:55.732, RTA 1:31:17.022-1:31:17.098, due world load
Tick 14394(14331), Delay 21 ms, IGT 11:55.732, RTA 1:31:17.098-1:31:17.119, due world load
Tick 14396(14331), Delay 126 ms, IGT 11:55.719, RTA 1:31:17.169-1:31:17.295, due world load
Tick 14397(14331), Delay 0 ms, IGT 11:55.719, RTA 1:31:17.295-1:31:17.295, due world load
Tick 14398(14332), Delay 71 ms, IGT 11:55.766, RTA 1:31:17.295-1:31:17.366
Tick 14399(14333), Delay 19 ms, IGT 11:55.816, RTA 1:31:17.366-1:31:17.385
Tick 14400(14334), Delay 44 ms, IGT 11:55.866, RTA 1:31:17.385-1:31:17.429
Tick 14412(14345), Delay 3559 ms, IGT 11:56.416, RTA 1:31:17.978-1:31:21.537
Tick 14413(14345), Delay 67502 ms, IGT 11:56.416, RTA 1:31:21.537-1:32:29.039
Tick 14414(14345), Delay 81 ms, IGT 11:56.416, RTA 1:32:29.039-1:32:29.120, due world load
Tick 14415(14345), Delay 1 ms, IGT 11:56.416, RTA 1:32:29.120-1:32:29.121, due world load
Tick 14416(14346), Delay 21 ms, IGT 11:56.462, RTA 1:32:29.121-1:32:29.142
Tick 14424(14354), Delay 57 ms, IGT 11:56.862, RTA 1:32:29.490-1:32:29.547
Tick 14425(14355), Delay 45 ms, IGT 11:56.912, RTA 1:32:29.547-1:32:29.592
Tick 14433(14363), Delay 56 ms, IGT 11:57.312, RTA 1:32:29.939-1:32:29.995
Tick 14444(14373), Delay 259 ms, IGT 11:57.812, RTA 1:32:30.489-1:32:30.748
Tick 14445(14373), Delay 3002 ms, IGT 11:57.812, RTA 1:32:30.748-1:32:33.750
Tick 14446(14373), Delay 97 ms, IGT 11:57.812, RTA 1:32:33.750-1:32:33.847, due world load
Tick 14447(14373), Delay 1 ms, IGT 11:57.812, RTA 1:32:33.847-1:32:33.848, due world load
Tick 14448(14374), Delay 35 ms, IGT 11:57.860, RTA 1:32:33.848-1:32:33.883
Tick 14452(14378), Delay 55 ms, IGT 11:58.060, RTA 1:32:34.032-1:32:34.087
Tick 14480(14405), Delay 78 ms, IGT 11:59.410, RTA 1:32:35.433-1:32:35.511, due world load
Tick 14489(14414), Delay 56 ms, IGT 11:59.836, RTA 1:32:35.916-1:32:35.972
Tick 14490(14415), Delay 45 ms, IGT 11:59.886, RTA 1:32:35.972-1:32:36.017
Tick 14494(14419), Delay 45 ms, IGT 12:00.086, RTA 1:32:36.167-1:32:36.212
Tick 14505(14430), Delay 10879 ms, IGT 12:00.636, RTA 1:32:36.715-1:32:47.594
Tick 14518(14443), Delay 43479 ms, IGT 12:01.286, RTA 1:32:48.197-1:33:31.676
Tick 14550(14475), Delay 550 ms, IGT 12:02.886, RTA 1:33:33.225-1:33:33.775
Tick 14594(14519), Delay 322949 ms, IGT 12:05.086, RTA 1:33:35.925-1:38:58.874
Tick 14605(14529), Delay 87 ms, IGT 12:05.586, RTA 1:38:59.374-1:38:59.461, due world load
Tick 14606(14529), Delay 1 ms, IGT 12:05.586, RTA 1:38:59.461-1:38:59.462, due world load
Tick 14607(14530), Delay 55 ms, IGT 12:05.633, RTA 1:38:59.462-1:38:59.517
Tick 14608(14531), Delay 31 ms, IGT 12:05.683, RTA 1:38:59.517-1:38:59.548
Tick 14621(14544), Delay 45 ms, IGT 12:06.333, RTA 1:39:00.153-1:39:00.198
Tick 14849(14771), Delay 59 ms, IGT 12:17.683, RTA 1:39:11.549-1:39:11.608, due world load
Tick 14850(14772), Delay 39 ms, IGT 12:17.690, RTA 1:39:11.608-1:39:11.647
Tick 14866(14788), Delay 2418 ms, IGT 12:18.490, RTA 1:39:12.399-1:39:14.817
Tick 14914(14835), Delay 118 ms, IGT 12:20.840, RTA 1:39:17.169-1:39:17.287, due world load
Tick 14915(14835), Delay 0 ms, IGT 12:20.840, RTA 1:39:17.287-1:39:17.287, due world load
Tick 14916(14836), Delay 19 ms, IGT 12:20.846, RTA 1:39:17.287-1:39:17.306
Tick 14917(14837), Delay 36 ms, IGT 12:20.896, RTA 1:39:17.306-1:39:17.342
Tick 14931(14851), Delay 55 ms, IGT 12:21.596, RTA 1:39:17.990-1:39:18.045
Tick 14983(14903), Delay 45 ms, IGT 12:24.196, RTA 1:39:20.596-1:39:20.641
Tick 15038(14957), Delay 65 ms, IGT 12:26.896, RTA 1:39:23.342-1:39:23.407, due world load
Tick 15039(14957), Delay 34 ms, IGT 12:26.896, RTA 1:39:23.407-1:39:23.441, due world load
Tick 15061(14979), Delay 10163 ms, IGT 12:27.975, RTA 1:39:24.492-1:39:34.655
Tick 15122(15040), Delay 55 ms, IGT 12:31.025, RTA 1:39:37.653-1:39:37.708
Tick 15132(15050), Delay 55 ms, IGT 12:31.525, RTA 1:39:38.153-1:39:38.208
Tick 15133(15051), Delay 45 ms, IGT 12:31.575, RTA 1:39:38.208-1:39:38.253
Tick 15162(15080), Delay 6230 ms, IGT 12:33.025, RTA 1:39:39.655-1:39:45.885
Tick 15171(15089), Delay 162 ms, IGT 12:33.436, RTA 1:39:46.285-1:39:46.447
Tick 15172(15090), Delay 1 ms, IGT 12:33.486, RTA 1:39:46.447-1:39:46.448
Tick 15173(15091), Delay 19 ms, IGT 12:33.536, RTA 1:39:46.448-1:39:46.467
Tick 15174(15092), Delay 38 ms, IGT 12:33.586, RTA 1:39:46.467-1:39:46.505
Tick 15178(15096), Delay 67 ms, IGT 12:33.786, RTA 1:39:46.653-1:39:46.720
Tick 15179(15097), Delay 35 ms, IGT 12:33.836, RTA 1:39:46.720-1:39:46.755
Tick 15247(15165), Delay 56 ms, IGT 12:37.236, RTA 1:39:50.102-1:39:50.158
Tick 15484(15401), Delay 55 ms, IGT 12:49.036, RTA 1:40:01.953-1:40:02.008, due world load
Tick 15496(15413), Delay 4025 ms, IGT 12:49.629, RTA 1:40:02.555-1:40:06.580
Tick 15507(15423), Delay 153 ms, IGT 12:50.129, RTA 1:40:07.080-1:40:07.233, due world load
Tick 15508(15423), Delay 1 ms, IGT 12:50.129, RTA 1:40:07.233-1:40:07.234, due world load
Tick 15509(15424), Delay 18 ms, IGT 12:50.141, RTA 1:40:07.234-1:40:07.252
Tick 15782(15697), Delay 64 ms, IGT 13:03.791, RTA 1:40:20.850-1:40:20.914
Tick 15783(15698), Delay 36 ms, IGT 13:03.841, RTA 1:40:20.914-1:40:20.950
Tick 15825(15739), Delay 61 ms, IGT 13:05.891, RTA 1:40:23.000-1:40:23.061, due world load
Tick 15826(15740), Delay 41 ms, IGT 13:05.902, RTA 1:40:23.061-1:40:23.102
Tick 15843(15757), Delay 44420 ms, IGT 13:06.752, RTA 1:40:23.903-1:41:08.323
Tick 15857(15770), Delay 91 ms, IGT 13:07.402, RTA 1:41:08.974-1:41:09.065, due world load
Tick 15858(15770), Delay 1 ms, IGT 13:07.402, RTA 1:41:09.065-1:41:09.066, due world load
Tick 15859(15771), Delay 40 ms, IGT 13:07.405, RTA 1:41:09.066-1:41:09.106
Tick 15866(15778), Delay 55 ms, IGT 13:07.755, RTA 1:41:09.399-1:41:09.454
Tick 16005(15917), Delay 55 ms, IGT 13:14.705, RTA 1:41:16.351-1:41:16.406
Tick 16006(15918), Delay 45 ms, IGT 13:14.755, RTA 1:41:16.406-1:41:16.451
Tick 16041(15953), Delay 45 ms, IGT 13:16.505, RTA 1:41:18.154-1:41:18.199
Tick 16111(16023), Delay 45 ms, IGT 13:20.005, RTA 1:41:21.654-1:41:21.699
Tick 16228(16140), Delay 61 ms, IGT 13:25.855, RTA 1:41:27.500-1:41:27.561
Tick 16229(16141), Delay 39 ms, IGT 13:25.905, RTA 1:41:27.561-1:41:27.600
Tick 16270(16181), Delay 653 ms, IGT 13:27.905, RTA 1:41:29.600-1:41:30.253
Tick 16271(16181), Delay 77438 ms, IGT 13:27.905, RTA 1:41:30.253-1:42:47.691
Tick 16272(16181), Delay 90 ms, IGT 13:27.905, RTA 1:42:47.691-1:42:47.781, due world load
Tick 16273(16181), Delay 1 ms, IGT 13:27.905, RTA 1:42:47.781-1:42:47.782, due world load
Tick 16274(16182), Delay 42 ms, IGT 13:27.952, RTA 1:42:47.782-1:42:47.824
Tick 16282(16190), Delay 55 ms, IGT 13:28.352, RTA 1:42:48.170-1:42:48.225
Tick 16293(16201), Delay 55 ms, IGT 13:28.902, RTA 1:42:48.721-1:42:48.776
Tick 16297(16205), Delay 45 ms, IGT 13:29.102, RTA 1:42:48.925-1:42:48.970
Tick 16328(16236), Delay 61 ms, IGT 13:30.652, RTA 1:42:50.472-1:42:50.533
Tick 16329(16237), Delay 37 ms, IGT 13:30.702, RTA 1:42:50.533-1:42:50.570
Tick 16333(16241), Delay 58 ms, IGT 13:30.902, RTA 1:42:50.722-1:42:50.780
Tick 16334(16242), Delay 41 ms, IGT 13:30.952, RTA 1:42:50.780-1:42:50.821
Tick 16383(16291), Delay 45 ms, IGT 13:33.402, RTA 1:42:53.225-1:42:53.270
Tick 16442(16350), Delay 45 ms, IGT 13:36.352, RTA 1:42:56.176-1:42:56.221
Tick 16669(16577), Delay 56 ms, IGT 13:47.702, RTA 1:43:07.520-1:43:07.576
Tick 16745(16653), Delay 55 ms, IGT 13:51.502, RTA 1:43:11.321-1:43:11.376
Tick 16764(16672), Delay 58 ms, IGT 13:52.452, RTA 1:43:12.273-1:43:12.331
Tick 16765(16673), Delay 41 ms, IGT 13:52.502, RTA 1:43:12.331-1:43:12.372
Tick 16841(16749), Delay 55 ms, IGT 13:56.302, RTA 1:43:16.121-1:43:16.176
Tick 16842(16750), Delay 45 ms, IGT 13:56.352, RTA 1:43:16.176-1:43:16.221
Tick 16890(16798), Delay 45 ms, IGT 13:58.752, RTA 1:43:18.577-1:43:18.622
Tick 17002(16910), Delay 56 ms, IGT 14:04.352, RTA 1:43:24.172-1:43:24.228
Tick 17003(16911), Delay 44 ms, IGT 14:04.402, RTA 1:43:24.228-1:43:24.272
Tick 17429(17337), Delay 45 ms, IGT 14:25.702, RTA 1:43:45.526-1:43:45.571
Tick 17601(17509), Delay 56 ms, IGT 14:34.302, RTA 1:43:54.122-1:43:54.178
Tick 17602(17510), Delay 43 ms, IGT 14:34.352, RTA 1:43:54.178-1:43:54.221
Tick 17963(17871), Delay 55 ms, IGT 14:52.402, RTA 1:44:12.220-1:44:12.275
Tick 18005(17913), Delay 55 ms, IGT 14:54.502, RTA 1:44:14.322-1:44:14.377
Tick 18132(18040), Delay 579 ms, IGT 15:00.852, RTA 1:44:20.672-1:44:21.251
Tick 18139(18047), Delay 56 ms, IGT 15:01.202, RTA 1:44:21.552-1:44:21.608
Tick 18140(18048), Delay 44 ms, IGT 15:01.252, RTA 1:44:21.608-1:44:21.652
Tick 18147(18055), Delay 56 ms, IGT 15:01.602, RTA 1:44:21.952-1:44:22.008
Tick 18148(18056), Delay 44 ms, IGT 15:01.652, RTA 1:44:22.008-1:44:22.052
Tick 18429(18337), Delay 56 ms, IGT 15:15.702, RTA 1:44:36.052-1:44:36.108
Tick 18430(18338), Delay 44 ms, IGT 15:15.752, RTA 1:44:36.108-1:44:36.152
Tick 18479(18387), Delay 1387 ms, IGT 15:18.202, RTA 1:44:38.551-1:44:39.938
Tick 18616(18524), Delay 1625 ms, IGT 15:25.052, RTA 1:44:46.736-1:44:48.361
Tick 19204(19112), Delay 45 ms, IGT 15:54.452, RTA 1:45:17.716-1:45:17.761
Tick 19216(19124), Delay 55 ms, IGT 15:55.052, RTA 1:45:18.311-1:45:18.366
Tick 19292(19200), Delay 56 ms, IGT 15:58.852, RTA 1:45:22.112-1:45:22.168
Tick 19297(19205), Delay 56 ms, IGT 15:59.102, RTA 1:45:22.361-1:45:22.417
Tick 19298(19206), Delay 45 ms, IGT 15:59.152, RTA 1:45:22.417-1:45:22.462
Tick 20070(19978), Delay 45 ms, IGT 16:37.752, RTA 1:46:01.015-1:46:01.060
Tick 20318(20226), Delay 45 ms, IGT 16:50.152, RTA 1:46:13.415-1:46:13.460
Tick 20480(20388), Delay 5904 ms, IGT 16:58.252, RTA 1:46:21.512-1:46:27.416
Tick 20483(20391), Delay 55 ms, IGT 16:58.402, RTA 1:46:27.514-1:46:27.569
Tick 20487(20395), Delay 12994 ms, IGT 16:58.602, RTA 1:46:27.716-1:46:40.710
Tick 20521(20429), Delay 56 ms, IGT 17:00.302, RTA 1:46:42.360-1:46:42.416
Tick 20522(20430), Delay 44 ms, IGT 17:00.352, RTA 1:46:42.416-1:46:42.460
Tick 20565(20473), Delay 56 ms, IGT 17:02.502, RTA 1:46:44.559-1:46:44.615
Tick 20571(20479), Delay 3445 ms, IGT 17:02.802, RTA 1:46:44.861-1:46:48.306
Tick 20641(20549), Delay 5174 ms, IGT 17:06.302, RTA 1:46:51.759-1:46:56.933
Tick 20682(20590), Delay 61 ms, IGT 17:08.352, RTA 1:46:58.932-1:46:58.993
Tick 20683(20591), Delay 42 ms, IGT 17:08.402, RTA 1:46:58.993-1:46:59.035
Tick 20724(20632), Delay 55 ms, IGT 17:10.452, RTA 1:47:01.032-1:47:01.087
Tick 20757(20665), Delay 55 ms, IGT 17:12.102, RTA 1:47:02.681-1:47:02.736
Tick 20760(20668), Delay 2779 ms, IGT 17:12.252, RTA 1:47:02.832-1:47:05.611
Tick 20843(20751), Delay 43 ms, IGT 17:16.402, RTA 1:47:09.717-1:47:09.760
Tick 20918(20826), Delay 45 ms, IGT 17:20.152, RTA 1:47:13.467-1:47:13.512
Tick 20928(20836), Delay 56 ms, IGT 17:20.652, RTA 1:47:13.962-1:47:14.018
Tick 20929(20837), Delay 45 ms, IGT 17:20.702, RTA 1:47:14.018-1:47:14.063
Tick 20954(20862), Delay 45 ms, IGT 17:21.952, RTA 1:47:15.267-1:47:15.312
Tick 21022(20930), Delay 899 ms, IGT 17:25.352, RTA 1:47:18.664-1:47:19.563
Tick 21042(20950), Delay 45 ms, IGT 17:26.352, RTA 1:47:20.515-1:47:20.560
Tick 21052(20960), Delay 763 ms, IGT 17:26.852, RTA 1:47:21.014-1:47:21.777
Tick 21061(20969), Delay 43 ms, IGT 17:27.302, RTA 1:47:22.181-1:47:22.224
Tick 21062(20970), Delay 55 ms, IGT 17:27.352, RTA 1:47:22.224-1:47:22.279
Tick 21066(20974), Delay 55 ms, IGT 17:27.552, RTA 1:47:22.425-1:47:22.480
Tick 21070(20978), Delay 1258 ms, IGT 17:27.752, RTA 1:47:22.628-1:47:23.886
Tick 21101(21009), Delay 56 ms, IGT 17:29.302, RTA 1:47:25.384-1:47:25.440
Tick 21104(21012), Delay 45 ms, IGT 17:29.452, RTA 1:47:25.540-1:47:25.585
Tick 21151(21059), Delay 3127 ms, IGT 17:31.802, RTA 1:47:27.888-1:47:31.015
Tick 21162(21070), Delay 1631 ms, IGT 17:32.352, RTA 1:47:31.514-1:47:33.145
Tick 21170(21078), Delay 3068 ms, IGT 17:32.752, RTA 1:47:33.498-1:47:36.566
Tick 21221(21129), Delay 55 ms, IGT 17:35.302, RTA 1:47:39.065-1:47:39.120
Tick 21222(21130), Delay 45 ms, IGT 17:35.352, RTA 1:47:39.120-1:47:39.165
Tick 21233(21141), Delay 55 ms, IGT 17:35.902, RTA 1:47:39.666-1:47:39.721
Tick 21237(21145), Delay 1039 ms, IGT 17:36.102, RTA 1:47:39.869-1:47:40.908
Tick 21245(21153), Delay 55 ms, IGT 17:36.502, RTA 1:47:41.258-1:47:41.313
Tick 21253(21161), Delay 55 ms, IGT 17:36.902, RTA 1:47:41.657-1:47:41.712
Tick 21268(21176), Delay 45 ms, IGT 17:37.652, RTA 1:47:42.413-1:47:42.458
Tick 21276(21184), Delay 55 ms, IGT 17:38.052, RTA 1:47:42.807-1:47:42.862
Tick 21277(21185), Delay 45 ms, IGT 17:38.102, RTA 1:47:42.862-1:47:42.907
Tick 21279(21187), Delay 61 ms, IGT 17:38.202, RTA 1:47:42.960-1:47:43.021
Tick 21280(21188), Delay 38 ms, IGT 17:38.252, RTA 1:47:43.021-1:47:43.059
Tick 21370(21278), Delay 19892 ms, IGT 17:42.752, RTA 1:47:47.508-1:48:07.400
Tick 21728(21636), Delay 11274 ms, IGT 18:00.652, RTA 1:48:25.250-1:48:36.524
Tick 21742(21650), Delay 45 ms, IGT 18:01.352, RTA 1:48:37.178-1:48:37.223
Tick 21763(21671), Delay 44 ms, IGT 18:02.402, RTA 1:48:38.228-1:48:38.272
Tick 21773(21681), Delay 55 ms, IGT 18:02.902, RTA 1:48:38.722-1:48:38.777
Tick 21804(21712), Delay 44 ms, IGT 18:04.452, RTA 1:48:40.278-1:48:40.322
Tick 21813(21721), Delay 3206 ms, IGT 18:04.902, RTA 1:48:40.726-1:48:43.932
Tick 21871(21779), Delay 55 ms, IGT 18:07.802, RTA 1:48:46.778-1:48:46.833
Tick 21879(21787), Delay 55 ms, IGT 18:08.202, RTA 1:48:47.178-1:48:47.233
Tick 21891(21799), Delay 13356 ms, IGT 18:08.802, RTA 1:48:47.783-1:49:01.139
Tick 21942(21850), Delay 55 ms, IGT 18:11.352, RTA 1:49:03.639-1:49:03.694
Tick 22023(21931), Delay 55 ms, IGT 18:15.402, RTA 1:49:07.688-1:49:07.743
Tick 22034(21942), Delay 55 ms, IGT 18:15.952, RTA 1:49:08.237-1:49:08.292
Tick 22053(21961), Delay 55 ms, IGT 18:16.902, RTA 1:49:09.188-1:49:09.243
Tick 22057(21965), Delay 55 ms, IGT 18:17.102, RTA 1:49:09.389-1:49:09.444
Tick 22058(21966), Delay 44 ms, IGT 18:17.152, RTA 1:49:09.444-1:49:09.488
Tick 22072(21980), Delay 55 ms, IGT 18:17.852, RTA 1:49:10.138-1:49:10.193
Tick 22078(21986), Delay 58 ms, IGT 18:18.152, RTA 1:49:10.438-1:49:10.496
Tick 22079(21987), Delay 45 ms, IGT 18:18.202, RTA 1:49:10.496-1:49:10.541
Tick 22185(22093), Delay 55 ms, IGT 18:23.502, RTA 1:49:15.788-1:49:15.843
Tick 22439(22347), Delay 45 ms, IGT 18:36.202, RTA 1:49:28.492-1:49:28.537
Tick 22483(22391), Delay 45 ms, IGT 18:38.402, RTA 1:49:30.693-1:49:30.738
Tick 22493(22401), Delay 55 ms, IGT 18:38.902, RTA 1:49:31.188-1:49:31.243
Tick 22494(22402), Delay 45 ms, IGT 18:38.952, RTA 1:49:31.243-1:49:31.288
Tick 22552(22460), Delay 45 ms, IGT 18:41.852, RTA 1:49:34.143-1:49:34.188
Tick 22679(22587), Delay 55 ms, IGT 18:48.202, RTA 1:49:40.488-1:49:40.543
Tick 22725(22633), Delay 57 ms, IGT 18:50.502, RTA 1:49:42.789-1:49:42.846
Tick 22726(22634), Delay 42 ms, IGT 18:50.552, RTA 1:49:42.846-1:49:42.888
Tick 22728(22636), Delay 55 ms, IGT 18:50.652, RTA 1:49:42.938-1:49:42.993
Tick 22731(22639), Delay 55 ms, IGT 18:50.802, RTA 1:49:43.088-1:49:43.143
Tick 22732(22640), Delay 45 ms, IGT 18:50.852, RTA 1:49:43.143-1:49:43.188
Tick 22799(22707), Delay 45 ms, IGT 18:54.202, RTA 1:49:46.492-1:49:46.537
Tick 22890(22798), Delay 56 ms, IGT 18:58.752, RTA 1:49:51.038-1:49:51.094
Tick 22891(22799), Delay 44 ms, IGT 18:58.802, RTA 1:49:51.094-1:49:51.138
Tick 23663(23571), Delay 55 ms, IGT 19:37.402, RTA 1:50:29.687-1:50:29.742
Tick 23711(23619), Delay 55 ms, IGT 19:39.802, RTA 1:50:32.087-1:50:32.142
Tick 23713(23621), Delay 45 ms, IGT 19:39.902, RTA 1:50:32.193-1:50:32.238
Tick 23778(23686), Delay 14047 ms, IGT 19:43.152, RTA 1:50:35.442-1:50:49.489
Tick 23815(23723), Delay 55 ms, IGT 19:45.002, RTA 1:50:51.288-1:50:51.343
Tick 23828(23736), Delay 55 ms, IGT 19:45.652, RTA 1:50:51.939-1:50:51.994
Tick 23875(23783), Delay 45 ms, IGT 19:48.002, RTA 1:50:54.293-1:50:54.338
Tick 23881(23789), Delay 45 ms, IGT 19:48.302, RTA 1:50:54.593-1:50:54.638
Tick 23884(23792), Delay 56 ms, IGT 19:48.452, RTA 1:50:54.738-1:50:54.794
Tick 24086(23994), Delay 55 ms, IGT 19:58.552, RTA 1:51:04.839-1:51:04.894
Tick 24088(23996), Delay 45 ms, IGT 19:58.652, RTA 1:51:04.943-1:51:04.988
Tick 24093(24001), Delay 56 ms, IGT 19:58.902, RTA 1:51:05.188-1:51:05.244
Tick 24128(24036), Delay 43 ms, IGT 20:00.652, RTA 1:51:06.944-1:51:06.987
Tick 24353(24261), Delay 55 ms, IGT 20:11.902, RTA 1:51:18.188-1:51:18.243
Tick 24464(24372), Delay 45 ms, IGT 20:17.452, RTA 1:51:23.742-1:51:23.787
Tick 24465(24373), Delay 56 ms, IGT 20:17.502, RTA 1:51:23.787-1:51:23.843
Tick 24578(24486), Delay 45 ms, IGT 20:23.152, RTA 1:51:29.442-1:51:29.487
Tick 24679(24587), Delay 55 ms, IGT 20:28.202, RTA 1:51:34.488-1:51:34.543
Tick 24681(24589), Delay 44 ms, IGT 20:28.302, RTA 1:51:34.594-1:51:34.638
Tick 24694(24602), Delay 45 ms, IGT 20:28.952, RTA 1:51:35.242-1:51:35.287
Tick 24899(24807), Delay 45 ms, IGT 20:39.202, RTA 1:51:45.493-1:51:45.538
Tick 25057(24965), Delay 44 ms, IGT 20:47.102, RTA 1:51:53.394-1:51:53.438
Tick 25084(24992), Delay 55 ms, IGT 20:48.452, RTA 1:51:54.738-1:51:54.793
Tick 25085(24993), Delay 45 ms, IGT 20:48.502, RTA 1:51:54.793-1:51:54.838
Tick 25192(25100), Delay 55 ms, IGT 20:53.852, RTA 1:52:00.137-1:52:00.192
Tick 25287(25195), Delay 55 ms, IGT 20:58.602, RTA 1:52:04.888-1:52:04.943
Tick 25288(25196), Delay 45 ms, IGT 20:58.652, RTA 1:52:04.943-1:52:04.988
Tick 25409(25317), Delay 55 ms, IGT 21:04.702, RTA 1:52:10.988-1:52:11.043
Tick 25481(25389), Delay 55 ms, IGT 21:08.302, RTA 1:52:14.589-1:52:14.644
Tick 25592(25500), Delay 55 ms, IGT 21:13.852, RTA 1:52:20.139-1:52:20.194
Tick 25616(25524), Delay 55 ms, IGT 21:15.052, RTA 1:52:21.338-1:52:21.393
Tick 25713(25621), Delay 45 ms, IGT 21:19.902, RTA 1:52:26.193-1:52:26.238
Tick 25840(25748), Delay 56 ms, IGT 21:26.252, RTA 1:52:32.541-1:52:32.597
Tick 25841(25749), Delay 42 ms, IGT 21:26.302, RTA 1:52:32.597-1:52:32.639
Tick 25875(25783), Delay 748 ms, IGT 21:28.002, RTA 1:52:34.292-1:52:35.040
Tick 25938(25846), Delay 58 ms, IGT 21:31.152, RTA 1:52:38.138-1:52:38.196
Tick 25939(25847), Delay 42 ms, IGT 21:31.202, RTA 1:52:38.196-1:52:38.238
Tick 25961(25869), Delay 55 ms, IGT 21:32.302, RTA 1:52:39.288-1:52:39.343
Tick 25977(25885), Delay 453 ms, IGT 21:33.102, RTA 1:52:40.090-1:52:40.543
Tick 25978(25886), Delay 45 ms, IGT 21:33.152, RTA 1:52:40.543-1:52:40.588
Tick 25987(25895), Delay 45 ms, IGT 21:33.602, RTA 1:52:40.993-1:52:41.038
Tick 26034(25942), Delay 45 ms, IGT 21:35.952, RTA 1:52:43.344-1:52:43.389
Tick 26055(25963), Delay 56 ms, IGT 21:37.002, RTA 1:52:44.388-1:52:44.444
Tick 26164(26072), Delay 56 ms, IGT 21:42.452, RTA 1:52:49.839-1:52:49.895
Tick 26165(26073), Delay 43 ms, IGT 21:42.502, RTA 1:52:49.895-1:52:49.938
Tick 26168(26076), Delay 56 ms, IGT 21:42.652, RTA 1:52:50.038-1:52:50.094
Tick 26171(26079), Delay 45 ms, IGT 21:42.802, RTA 1:52:50.193-1:52:50.238
Tick 26206(26114), Delay 45 ms, IGT 21:44.552, RTA 1:52:51.944-1:52:51.989
Tick 26217(26125), Delay 45 ms, IGT 21:45.102, RTA 1:52:52.493-1:52:52.538
Tick 26260(26168), Delay 58 ms, IGT 21:47.252, RTA 1:52:54.638-1:52:54.696
Tick 26270(26178), Delay 45 ms, IGT 21:47.752, RTA 1:52:55.143-1:52:55.188
Tick 26273(26181), Delay 43 ms, IGT 21:47.902, RTA 1:52:55.296-1:52:55.339
Tick 26321(26229), Delay 55 ms, IGT 21:50.302, RTA 1:52:57.690-1:52:57.745
Tick 26347(26255), Delay 56 ms, IGT 21:51.602, RTA 1:52:58.989-1:52:59.045
Tick 26348(26256), Delay 44 ms, IGT 21:51.652, RTA 1:52:59.045-1:52:59.089
Tick 26360(26268), Delay 45 ms, IGT 21:52.252, RTA 1:52:59.644-1:52:59.689
Tick 26366(26274), Delay 45 ms, IGT 21:52.552, RTA 1:52:59.943-1:52:59.988
Tick 26379(26287), Delay 45 ms, IGT 21:53.202, RTA 1:53:00.593-1:53:00.638
Tick 26444(26352), Delay 55 ms, IGT 21:56.452, RTA 1:53:03.838-1:53:03.893
Tick 26454(26362), Delay 56 ms, IGT 21:56.952, RTA 1:53:04.339-1:53:04.395
Tick 26489(26397), Delay 56 ms, IGT 21:58.702, RTA 1:53:06.088-1:53:06.144
Tick 26561(26469), Delay 55 ms, IGT 22:02.302, RTA 1:53:09.689-1:53:09.744
Tick 26564(26472), Delay 45 ms, IGT 22:02.452, RTA 1:53:09.844-1:53:09.889
Tick 26570(26478), Delay 45 ms, IGT 22:02.752, RTA 1:53:10.143-1:53:10.188
Tick 26588(26496), Delay 55 ms, IGT 22:03.652, RTA 1:53:11.038-1:53:11.093
Tick 26624(26532), Delay 55 ms, IGT 22:05.452, RTA 1:53:12.841-1:53:12.896
Tick 26625(26533), Delay 44 ms, IGT 22:05.502, RTA 1:53:12.896-1:53:12.940
Tick 26745(26653), Delay 55 ms, IGT 22:11.502, RTA 1:53:18.888-1:53:18.943
Tick 26985(26893), Delay 58 ms, IGT 22:23.502, RTA 1:53:30.890-1:53:30.948
Tick 26986(26894), Delay 41 ms, IGT 22:23.552, RTA 1:53:30.948-1:53:30.989
Tick 27255(27163), Delay 55 ms, IGT 22:37.002, RTA 1:53:44.389-1:53:44.444
Tick 27290(27198), Delay 55 ms, IGT 22:38.752, RTA 1:53:46.140-1:53:46.195
Tick 27291(27199), Delay 45 ms, IGT 22:38.802, RTA 1:53:46.195-1:53:46.240
Tick 27294(27202), Delay 1471 ms, IGT 22:38.952, RTA 1:53:46.340-1:53:47.811
Tick 27324(27232), Delay 403 ms, IGT 22:40.452, RTA 1:53:49.263-1:53:49.666
Tick 27331(27239), Delay 5415 ms, IGT 22:40.802, RTA 1:53:49.968-1:53:55.383
Tick 27346(27254), Delay 58 ms, IGT 22:41.552, RTA 1:53:56.084-1:53:56.142
Tick 27347(27255), Delay 41 ms, IGT 22:41.602, RTA 1:53:56.142-1:53:56.183
Tick 27413(27321), Delay 4888 ms, IGT 22:44.902, RTA 1:53:59.433-1:54:04.321
Tick 27414(27322), Delay 44 ms, IGT 22:44.952, RTA 1:54:04.321-1:54:04.365
Tick 27443(27351), Delay 57 ms, IGT 22:46.402, RTA 1:54:05.766-1:54:05.823
Tick 27444(27352), Delay 42 ms, IGT 22:46.452, RTA 1:54:05.823-1:54:05.865
Tick 27570(27478), Delay 55 ms, IGT 22:52.752, RTA 1:54:12.115-1:54:12.170
Tick 28404(28312), Delay 55 ms, IGT 23:34.452, RTA 1:54:53.815-1:54:53.870
Tick 28405(28313), Delay 45 ms, IGT 23:34.502, RTA 1:54:53.870-1:54:53.915
Tick 28426(28334), Delay 44 ms, IGT 23:35.552, RTA 1:54:54.920-1:54:54.964
Tick 28437(28345), Delay 44 ms, IGT 23:36.102, RTA 1:54:55.470-1:54:55.514
Tick 28565(28473), Delay 55 ms, IGT 23:42.502, RTA 1:55:01.864-1:55:01.919
Tick 28629(28537), Delay 55 ms, IGT 23:45.702, RTA 1:55:05.065-1:55:05.120
Tick 28630(28538), Delay 45 ms, IGT 23:45.752, RTA 1:55:05.120-1:55:05.165
Tick 28770(28678), Delay 55 ms, IGT 23:52.752, RTA 1:55:12.114-1:55:12.169
Tick 28787(28695), Delay 45 ms, IGT 23:53.602, RTA 1:55:12.970-1:55:13.015
Tick 28818(28726), Delay 1862 ms, IGT 23:55.152, RTA 1:55:14.516-1:55:16.378
Tick 28897(28805), Delay 5791 ms, IGT 23:59.102, RTA 1:55:20.277-1:55:26.068
Tick 28918(28826), Delay 45 ms, IGT 24:00.152, RTA 1:55:27.071-1:55:27.116
Tick 29126(29034), Delay 3077 ms, IGT 24:10.552, RTA 1:55:37.468-1:55:40.545
Tick 29267(29175), Delay 55 ms, IGT 24:17.602, RTA 1:55:47.545-1:55:47.600
Tick 29378(29286), Delay 45 ms, IGT 24:23.152, RTA 1:55:53.100-1:55:53.145
Tick 29382(29290), Delay 58 ms, IGT 24:23.352, RTA 1:55:53.297-1:55:53.355
Tick 29383(29291), Delay 43 ms, IGT 24:23.402, RTA 1:55:53.355-1:55:53.398
Tick 29579(29487), Delay 55 ms, IGT 24:33.202, RTA 1:56:03.145-1:56:03.200
Tick 29582(29490), Delay 55 ms, IGT 24:33.352, RTA 1:56:03.297-1:56:03.352
Tick 29583(29491), Delay 44 ms, IGT 24:33.402, RTA 1:56:03.352-1:56:03.396
Tick 29604(29512), Delay 45 ms, IGT 24:34.452, RTA 1:56:04.400-1:56:04.445
Tick 29625(29533), Delay 58 ms, IGT 24:35.502, RTA 1:56:05.445-1:56:05.503
Tick 29626(29534), Delay 45 ms, IGT 24:35.552, RTA 1:56:05.503-1:56:05.548
Tick 29642(29550), Delay 55 ms, IGT 24:36.352, RTA 1:56:06.296-1:56:06.351
Tick 29643(29551), Delay 45 ms, IGT 24:36.402, RTA 1:56:06.351-1:56:06.396
Tick 29646(29554), Delay 45 ms, IGT 24:36.552, RTA 1:56:06.500-1:56:06.545
Tick 29651(29559), Delay 57 ms, IGT 24:36.802, RTA 1:56:06.746-1:56:06.803
Tick 29652(29560), Delay 44 ms, IGT 24:36.852, RTA 1:56:06.803-1:56:06.847
Tick 29677(29585), Delay 55 ms, IGT 24:38.102, RTA 1:56:08.045-1:56:08.100
Tick 29691(29599), Delay 56 ms, IGT 24:38.802, RTA 1:56:08.745-1:56:08.801
Tick 29692(29600), Delay 45 ms, IGT 24:38.852, RTA 1:56:08.801-1:56:08.846
Tick 29761(29669), Delay 592 ms, IGT 24:42.302, RTA 1:56:12.246-1:56:12.838
Tick 29990(29898), Delay 609 ms, IGT 24:53.752, RTA 1:56:24.241-1:56:24.850
Tick 30015(29923), Delay 55 ms, IGT 24:55.002, RTA 1:56:26.052-1:56:26.107
Tick 30016(29924), Delay 43 ms, IGT 24:55.052, RTA 1:56:26.107-1:56:26.150
Tick 30084(29992), Delay 43 ms, IGT 24:58.452, RTA 1:56:29.507-1:56:29.550
Tick 30146(30054), Delay 45 ms, IGT 25:01.552, RTA 1:56:32.607-1:56:32.652
Tick 30155(30063), Delay 55 ms, IGT 25:02.002, RTA 1:56:33.050-1:56:33.105
Tick 30179(30087), Delay 55 ms, IGT 25:03.202, RTA 1:56:34.252-1:56:34.307
Tick 30180(30088), Delay 43 ms, IGT 25:03.252, RTA 1:56:34.307-1:56:34.350
Tick 30195(30103), Delay 45 ms, IGT 25:04.002, RTA 1:56:35.056-1:56:35.101
Tick 30290(30198), Delay 5983 ms, IGT 25:08.752, RTA 1:56:39.803-1:56:45.786
Tick 30333(30241), Delay 45 ms, IGT 25:10.902, RTA 1:56:47.890-1:56:47.935
Tick 30414(30322), Delay 45 ms, IGT 25:14.952, RTA 1:56:51.940-1:56:51.985
Tick 30430(30338), Delay 55 ms, IGT 25:15.752, RTA 1:56:52.735-1:56:52.790
Tick 30443(30351), Delay 45 ms, IGT 25:16.402, RTA 1:56:53.390-1:56:53.435
Tick 30476(30384), Delay 55 ms, IGT 25:18.052, RTA 1:56:55.038-1:56:55.093
Tick 30477(30385), Delay 44 ms, IGT 25:18.102, RTA 1:56:55.093-1:56:55.137
Tick 30483(30391), Delay 45 ms, IGT 25:18.402, RTA 1:56:55.391-1:56:55.436
Tick 30484(30392), Delay 55 ms, IGT 25:18.452, RTA 1:56:55.436-1:56:55.491
Tick 30510(30418), Delay 45 ms, IGT 25:19.752, RTA 1:56:56.740-1:56:56.785
Tick 30530(30438), Delay 45 ms, IGT 25:20.752, RTA 1:56:57.740-1:56:57.785
Tick 30539(30447), Delay 55 ms, IGT 25:21.202, RTA 1:56:58.185-1:56:58.240
Tick 30611(30519), Delay 55 ms, IGT 25:24.802, RTA 1:57:01.785-1:57:01.840
Tick 30650(30558), Delay 45 ms, IGT 25:26.752, RTA 1:57:03.740-1:57:03.785
Tick 30770(30678), Delay 55 ms, IGT 25:32.752, RTA 1:57:09.735-1:57:09.790
Tick 30777(30685), Delay 55 ms, IGT 25:33.102, RTA 1:57:10.086-1:57:10.141
Tick 30821(30729), Delay 45 ms, IGT 25:35.302, RTA 1:57:12.290-1:57:12.335
Tick 30898(30806), Delay 55 ms, IGT 25:39.152, RTA 1:57:16.136-1:57:16.191
Tick 30934(30842), Delay 55 ms, IGT 25:40.952, RTA 1:57:17.936-1:57:17.991
Tick 30939(30847), Delay 55 ms, IGT 25:41.202, RTA 1:57:18.185-1:57:18.240
Tick 31059(30967), Delay 55 ms, IGT 25:47.202, RTA 1:57:24.185-1:57:24.240
Tick 31111(31019), Delay 45 ms, IGT 25:49.802, RTA 1:57:26.790-1:57:26.835
Tick 31146(31054), Delay 56 ms, IGT 25:51.552, RTA 1:57:28.535-1:57:28.591
Tick 31147(31055), Delay 45 ms, IGT 25:51.602, RTA 1:57:28.591-1:57:28.636
Tick 31248(31156), Delay 60 ms, IGT 25:56.652, RTA 1:57:33.635-1:57:33.695
Tick 31250(31158), Delay 44 ms, IGT 25:56.752, RTA 1:57:33.742-1:57:33.786
Tick 31467(31375), Delay 55 ms, IGT 26:07.602, RTA 1:57:44.585-1:57:44.640
Tick 31510(31418), Delay 1035 ms, IGT 26:09.752, RTA 1:57:46.736-1:57:47.771
Tick 31572(31480), Delay 45 ms, IGT 26:12.852, RTA 1:57:50.826-1:57:50.871
Tick 31596(31504), Delay 1071 ms, IGT 26:14.052, RTA 1:57:52.023-1:57:53.094
Tick 31606(31514), Delay 2918 ms, IGT 26:14.552, RTA 1:57:53.546-1:57:56.464
Tick 31621(31529), Delay 56 ms, IGT 26:15.302, RTA 1:57:57.164-1:57:57.220
Tick 31622(31530), Delay 43 ms, IGT 26:15.352, RTA 1:57:57.220-1:57:57.263
Tick 31646(31554), Delay 56 ms, IGT 26:16.552, RTA 1:57:58.416-1:57:58.472
Tick 31647(31555), Delay 44 ms, IGT 26:16.602, RTA 1:57:58.472-1:57:58.516
Tick 31654(31562), Delay 44 ms, IGT 26:16.952, RTA 1:57:58.819-1:57:58.863
Tick 31669(31576), Delay 249 ms, IGT 26:17.652, RTA 1:57:59.563-1:57:59.812
Tick 31670(31576), Delay 123391 ms, IGT 26:17.652, RTA 1:57:59.812-2:00:03.203
Tick 31671(31576), Delay 84 ms, IGT 26:17.652, RTA 2:00:03.203-2:00:03.287, due world load
Tick 31672(31576), Delay 1 ms, IGT 26:17.652, RTA 2:00:03.287-2:00:03.288, due world load
Tick 31673(31577), Delay 34 ms, IGT 26:17.700, RTA 2:00:03.288-2:00:03.322
Tick 31681(31585), Delay 55 ms, IGT 26:18.100, RTA 2:00:03.672-2:00:03.727
Tick 31684(31588), Delay 64 ms, IGT 26:18.250, RTA 2:00:03.825-2:00:03.889
Tick 31685(31589), Delay 33 ms, IGT 26:18.300, RTA 2:00:03.889-2:00:03.922
Tick 31701(31605), Delay 56 ms, IGT 26:19.100, RTA 2:00:04.678-2:00:04.734
Tick 31702(31606), Delay 44 ms, IGT 26:19.150, RTA 2:00:04.734-2:00:04.778
Tick 31704(31608), Delay 40 ms, IGT 26:19.250, RTA 2:00:04.830-2:00:04.870
Tick 31705(31609), Delay 58 ms, IGT 26:19.300, RTA 2:00:04.870-2:00:04.928
Tick 31712(31616), Delay 45 ms, IGT 26:19.650, RTA 2:00:05.230-2:00:05.275
Tick 31714(31618), Delay 57 ms, IGT 26:19.750, RTA 2:00:05.327-2:00:05.384
Tick 31715(31619), Delay 40 ms, IGT 26:19.800, RTA 2:00:05.384-2:00:05.424
Tick 31749(31653), Delay 1316 ms, IGT 26:21.500, RTA 2:00:07.074-2:00:08.390
Tick 31754(31658), Delay 1248 ms, IGT 26:21.750, RTA 2:00:08.592-2:00:09.840
Tick 31829(31733), Delay 73 ms, IGT 26:25.500, RTA 2:00:13.541-2:00:13.614
Tick 31830(31734), Delay 30 ms, IGT 26:25.550, RTA 2:00:13.614-2:00:13.644
Tick 31929(31833), Delay 59 ms, IGT 26:30.500, RTA 2:00:18.541-2:00:18.600
Tick 31935(31839), Delay 60 ms, IGT 26:30.800, RTA 2:00:18.853-2:00:18.913
Tick 31936(31840), Delay 32 ms, IGT 26:30.850, RTA 2:00:18.913-2:00:18.945
Tick 31937(31841), Delay 56 ms, IGT 26:30.900, RTA 2:00:18.945-2:00:19.001
Tick 31938(31842), Delay 61 ms, IGT 26:30.950, RTA 2:00:19.001-2:00:19.062
Tick 31939(31843), Delay 30 ms, IGT 26:31.000, RTA 2:00:19.062-2:00:19.092
Tick 31940(31844), Delay 60 ms, IGT 26:31.050, RTA 2:00:19.092-2:00:19.152
Tick 31941(31845), Delay 61 ms, IGT 26:31.100, RTA 2:00:19.152-2:00:19.213
Tick 31942(31846), Delay 30 ms, IGT 26:31.150, RTA 2:00:19.213-2:00:19.243
Tick 31943(31847), Delay 62 ms, IGT 26:31.200, RTA 2:00:19.243-2:00:19.305
Tick 31944(31848), Delay 66 ms, IGT 26:31.250, RTA 2:00:19.305-2:00:19.371
Tick 31945(31849), Delay 36 ms, IGT 26:31.300, RTA 2:00:19.371-2:00:19.407
Tick 31947(31851), Delay 63 ms, IGT 26:31.400, RTA 2:00:19.457-2:00:19.520
Tick 31948(31852), Delay 31 ms, IGT 26:31.450, RTA 2:00:19.520-2:00:19.551
Tick 31956(31860), Delay 61 ms, IGT 26:31.850, RTA 2:00:19.902-2:00:19.963
Tick 31957(31861), Delay 30 ms, IGT 26:31.900, RTA 2:00:19.963-2:00:19.993
Tick 31958(31862), Delay 58 ms, IGT 26:31.950, RTA 2:00:19.993-2:00:20.051
Tick 31959(31863), Delay 61 ms, IGT 26:32.000, RTA 2:00:20.051-2:00:20.112
Tick 31960(31864), Delay 32 ms, IGT 26:32.050, RTA 2:00:20.112-2:00:20.144
Tick 31961(31865), Delay 58 ms, IGT 26:32.100, RTA 2:00:20.144-2:00:20.202
Tick 31962(31866), Delay 63 ms, IGT 26:32.150, RTA 2:00:20.202-2:00:20.265
Tick 31963(31867), Delay 30 ms, IGT 26:32.200, RTA 2:00:20.265-2:00:20.295
Tick 31964(31868), Delay 58 ms, IGT 26:32.250, RTA 2:00:20.295-2:00:20.353
Tick 31965(31869), Delay 61 ms, IGT 26:32.300, RTA 2:00:20.353-2:00:20.414
Tick 31966(31870), Delay 31 ms, IGT 26:32.350, RTA 2:00:20.414-2:00:20.445
Tick 31967(31871), Delay 57 ms, IGT 26:32.400, RTA 2:00:20.445-2:00:20.502
Tick 31968(31872), Delay 61 ms, IGT 26:32.450, RTA 2:00:20.502-2:00:20.563
Tick 31969(31873), Delay 37 ms, IGT 26:32.500, RTA 2:00:20.563-2:00:20.600
Tick 31975(31879), Delay 61 ms, IGT 26:32.800, RTA 2:00:20.853-2:00:20.914
Tick 31976(31880), Delay 38 ms, IGT 26:32.850, RTA 2:00:20.914-2:00:20.952
Tick 31977(31881), Delay 62 ms, IGT 26:32.900, RTA 2:00:20.952-2:00:21.014
Tick 31978(31882), Delay 30 ms, IGT 26:32.950, RTA 2:00:21.014-2:00:21.044
Tick 31979(31883), Delay 58 ms, IGT 26:33.000, RTA 2:00:21.044-2:00:21.102
Tick 31980(31884), Delay 62 ms, IGT 26:33.050, RTA 2:00:21.102-2:00:21.164
Tick 31981(31885), Delay 31 ms, IGT 26:33.100, RTA 2:00:21.164-2:00:21.195
Tick 31982(31886), Delay 59 ms, IGT 26:33.150, RTA 2:00:21.195-2:00:21.254
Tick 31983(31887), Delay 61 ms, IGT 26:33.200, RTA 2:00:21.254-2:00:21.315
Tick 31984(31888), Delay 30 ms, IGT 26:33.250, RTA 2:00:21.315-2:00:21.345
Tick 31985(31889), Delay 56 ms, IGT 26:33.300, RTA 2:00:21.345-2:00:21.401
Tick 31986(31890), Delay 62 ms, IGT 26:33.350, RTA 2:00:21.401-2:00:21.463
Tick 31987(31891), Delay 30 ms, IGT 26:33.400, RTA 2:00:21.463-2:00:21.493
Tick 31988(31892), Delay 58 ms, IGT 26:33.450, RTA 2:00:21.493-2:00:21.551
Tick 31995(31899), Delay 61 ms, IGT 26:33.800, RTA 2:00:21.852-2:00:21.913
Tick 31996(31900), Delay 30 ms, IGT 26:33.850, RTA 2:00:21.913-2:00:21.943
Tick 31997(31901), Delay 59 ms, IGT 26:33.900, RTA 2:00:21.943-2:00:22.002
Tick 31998(31902), Delay 62 ms, IGT 26:33.950, RTA 2:00:22.002-2:00:22.064
Tick 31999(31903), Delay 30 ms, IGT 26:34.000, RTA 2:00:22.064-2:00:22.094
Tick 32000(31904), Delay 59 ms, IGT 26:34.050, RTA 2:00:22.094-2:00:22.153
Tick 32001(31905), Delay 62 ms, IGT 26:34.100, RTA 2:00:22.153-2:00:22.215
Tick 32002(31906), Delay 31 ms, IGT 26:34.150, RTA 2:00:22.215-2:00:22.246
Tick 32003(31907), Delay 57 ms, IGT 26:34.200, RTA 2:00:22.246-2:00:22.303
Tick 32004(31908), Delay 61 ms, IGT 26:34.250, RTA 2:00:22.303-2:00:22.364
Tick 32005(31909), Delay 30 ms, IGT 26:34.300, RTA 2:00:22.364-2:00:22.394
Tick 32006(31910), Delay 63 ms, IGT 26:34.350, RTA 2:00:22.394-2:00:22.457
Tick 32009(31913), Delay 58 ms, IGT 26:34.500, RTA 2:00:22.551-2:00:22.609
Tick 32010(31914), Delay 43 ms, IGT 26:34.550, RTA 2:00:22.609-2:00:22.652
Tick 32016(31920), Delay 63 ms, IGT 26:34.850, RTA 2:00:22.903-2:00:22.966
Tick 32017(31921), Delay 31 ms, IGT 26:34.900, RTA 2:00:22.966-2:00:22.997
Tick 32019(31923), Delay 62 ms, IGT 26:35.000, RTA 2:00:23.051-2:00:23.113
Tick 32020(31924), Delay 30 ms, IGT 26:35.050, RTA 2:00:23.113-2:00:23.143
Tick 32021(31925), Delay 60 ms, IGT 26:35.100, RTA 2:00:23.143-2:00:23.203
Tick 32022(31926), Delay 62 ms, IGT 26:35.150, RTA 2:00:23.203-2:00:23.265
Tick 32023(31927), Delay 31 ms, IGT 26:35.200, RTA 2:00:23.265-2:00:23.296
Tick 32024(31928), Delay 55 ms, IGT 26:35.250, RTA 2:00:23.296-2:00:23.351
Tick 32025(31929), Delay 61 ms, IGT 26:35.300, RTA 2:00:23.351-2:00:23.412
Tick 32026(31930), Delay 31 ms, IGT 26:35.350, RTA 2:00:23.412-2:00:23.443
Tick 32027(31931), Delay 59 ms, IGT 26:35.400, RTA 2:00:23.443-2:00:23.502
Tick 32028(31932), Delay 60 ms, IGT 26:35.450, RTA 2:00:23.502-2:00:23.562
Tick 32029(31933), Delay 44 ms, IGT 26:35.500, RTA 2:00:23.562-2:00:23.606
Tick 32035(31939), Delay 62 ms, IGT 26:35.800, RTA 2:00:23.854-2:00:23.916
Tick 32036(31940), Delay 37 ms, IGT 26:35.850, RTA 2:00:23.916-2:00:23.953
Tick 32037(31941), Delay 62 ms, IGT 26:35.900, RTA 2:00:23.953-2:00:24.015
Tick 32038(31942), Delay 32 ms, IGT 26:35.950, RTA 2:00:24.015-2:00:24.047
Tick 32039(31943), Delay 55 ms, IGT 26:36.000, RTA 2:00:24.047-2:00:24.102
Tick 32040(31944), Delay 61 ms, IGT 26:36.050, RTA 2:00:24.102-2:00:24.163
Tick 32041(31945), Delay 39 ms, IGT 26:36.100, RTA 2:00:24.163-2:00:24.202
Tick 32043(31947), Delay 62 ms, IGT 26:36.200, RTA 2:00:24.252-2:00:24.314
Tick 32044(31948), Delay 30 ms, IGT 26:36.250, RTA 2:00:24.314-2:00:24.344
Tick 32045(31949), Delay 58 ms, IGT 26:36.300, RTA 2:00:24.344-2:00:24.402
Tick 32046(31950), Delay 62 ms, IGT 26:36.350, RTA 2:00:24.402-2:00:24.464
Tick 32047(31951), Delay 31 ms, IGT 26:36.400, RTA 2:00:24.464-2:00:24.495
Tick 32048(31952), Delay 56 ms, IGT 26:36.450, RTA 2:00:24.495-2:00:24.551
Tick 32055(31959), Delay 61 ms, IGT 26:36.800, RTA 2:00:24.852-2:00:24.913
Tick 32056(31960), Delay 30 ms, IGT 26:36.850, RTA 2:00:24.913-2:00:24.943
Tick 32057(31961), Delay 59 ms, IGT 26:36.900, RTA 2:00:24.943-2:00:25.002
Tick 32058(31962), Delay 62 ms, IGT 26:36.950, RTA 2:00:25.002-2:00:25.064
Tick 32059(31963), Delay 30 ms, IGT 26:37.000, RTA 2:00:25.064-2:00:25.094
Tick 32060(31964), Delay 57 ms, IGT 26:37.050, RTA 2:00:25.094-2:00:25.151
Tick 32061(31965), Delay 61 ms, IGT 26:37.100, RTA 2:00:25.151-2:00:25.212
Tick 32062(31966), Delay 31 ms, IGT 26:37.150, RTA 2:00:25.212-2:00:25.243
Tick 32063(31967), Delay 61 ms, IGT 26:37.200, RTA 2:00:25.243-2:00:25.304
Tick 32064(31968), Delay 61 ms, IGT 26:37.250, RTA 2:00:25.304-2:00:25.365
Tick 32065(31969), Delay 32 ms, IGT 26:37.300, RTA 2:00:25.365-2:00:25.397
Tick 32066(31970), Delay 57 ms, IGT 26:37.350, RTA 2:00:25.397-2:00:25.454
Tick 32067(31971), Delay 61 ms, IGT 26:37.400, RTA 2:00:25.454-2:00:25.515
Tick 32068(31972), Delay 30 ms, IGT 26:37.450, RTA 2:00:25.515-2:00:25.545
Tick 32069(31973), Delay 55 ms, IGT 26:37.500, RTA 2:00:25.545-2:00:25.600
Tick 32076(31980), Delay 62 ms, IGT 26:37.850, RTA 2:00:25.902-2:00:25.964
Tick 32077(31981), Delay 31 ms, IGT 26:37.900, RTA 2:00:25.964-2:00:25.995
Tick 32078(31982), Delay 58 ms, IGT 26:37.950, RTA 2:00:25.995-2:00:26.053
Tick 32079(31983), Delay 61 ms, IGT 26:38.000, RTA 2:00:26.053-2:00:26.114
Tick 32080(31984), Delay 30 ms, IGT 26:38.050, RTA 2:00:26.114-2:00:26.144
Tick 32081(31985), Delay 59 ms, IGT 26:38.100, RTA 2:00:26.144-2:00:26.203
Tick 32082(31986), Delay 61 ms, IGT 26:38.150, RTA 2:00:26.203-2:00:26.264
Tick 32083(31987), Delay 30 ms, IGT 26:38.200, RTA 2:00:26.264-2:00:26.294
Tick 32084(31988), Delay 58 ms, IGT 26:38.250, RTA 2:00:26.294-2:00:26.352
Tick 32085(31989), Delay 61 ms, IGT 26:38.300, RTA 2:00:26.352-2:00:26.413
Tick 32086(31990), Delay 31 ms, IGT 26:38.350, RTA 2:00:26.413-2:00:26.444
Tick 32087(31991), Delay 59 ms, IGT 26:38.400, RTA 2:00:26.444-2:00:26.503
Tick 32088(31992), Delay 61 ms, IGT 26:38.450, RTA 2:00:26.503-2:00:26.564
Tick 32089(31993), Delay 35 ms, IGT 26:38.500, RTA 2:00:26.564-2:00:26.599
Tick 32090(31994), Delay 57 ms, IGT 26:38.550, RTA 2:00:26.599-2:00:26.656
Tick 32095(31999), Delay 62 ms, IGT 26:38.800, RTA 2:00:26.851-2:00:26.913
Tick 32096(32000), Delay 39 ms, IGT 26:38.850, RTA 2:00:26.913-2:00:26.952
Tick 32097(32001), Delay 60 ms, IGT 26:38.900, RTA 2:00:26.952-2:00:27.012
Tick 32098(32002), Delay 32 ms, IGT 26:38.950, RTA 2:00:27.012-2:00:27.044
Tick 32099(32003), Delay 57 ms, IGT 26:39.000, RTA 2:00:27.044-2:00:27.101
Tick 32100(32004), Delay 61 ms, IGT 26:39.050, RTA 2:00:27.101-2:00:27.162
Tick 32101(32005), Delay 31 ms, IGT 26:39.100, RTA 2:00:27.162-2:00:27.193
Tick 32102(32006), Delay 60 ms, IGT 26:39.150, RTA 2:00:27.193-2:00:27.253
Tick 32103(32007), Delay 61 ms, IGT 26:39.200, RTA 2:00:27.253-2:00:27.314
Tick 32104(32008), Delay 31 ms, IGT 26:39.250, RTA 2:00:27.314-2:00:27.345
Tick 32105(32009), Delay 57 ms, IGT 26:39.300, RTA 2:00:27.345-2:00:27.402
Tick 32106(32010), Delay 61 ms, IGT 26:39.350, RTA 2:00:27.402-2:00:27.463
Tick 32107(32011), Delay 31 ms, IGT 26:39.400, RTA 2:00:27.463-2:00:27.494
Tick 32108(32012), Delay 59 ms, IGT 26:39.450, RTA 2:00:27.494-2:00:27.553
Tick 32115(32019), Delay 61 ms, IGT 26:39.800, RTA 2:00:27.852-2:00:27.913
Tick 32116(32020), Delay 32 ms, IGT 26:39.850, RTA 2:00:27.913-2:00:27.945
Tick 32117(32021), Delay 56 ms, IGT 26:39.900, RTA 2:00:27.945-2:00:28.001
Tick 32118(32022), Delay 61 ms, IGT 26:39.950, RTA 2:00:28.001-2:00:28.062
Tick 32119(32023), Delay 31 ms, IGT 26:40.000, RTA 2:00:28.062-2:00:28.093
Tick 32120(32024), Delay 59 ms, IGT 26:40.050, RTA 2:00:28.093-2:00:28.152
Tick 32121(32025), Delay 60 ms, IGT 26:40.100, RTA 2:00:28.152-2:00:28.212
Tick 32122(32026), Delay 31 ms, IGT 26:40.150, RTA 2:00:28.212-2:00:28.243
Tick 32123(32027), Delay 60 ms, IGT 26:40.200, RTA 2:00:28.243-2:00:28.303
Tick 32124(32028), Delay 60 ms, IGT 26:40.250, RTA 2:00:28.303-2:00:28.363
Tick 32125(32029), Delay 32 ms, IGT 26:40.300, RTA 2:00:28.363-2:00:28.395
Tick 32126(32030), Delay 56 ms, IGT 26:40.350, RTA 2:00:28.395-2:00:28.451
Tick 32127(32031), Delay 62 ms, IGT 26:40.400, RTA 2:00:28.451-2:00:28.513
Tick 32128(32032), Delay 30 ms, IGT 26:40.450, RTA 2:00:28.513-2:00:28.543
Tick 32129(32033), Delay 58 ms, IGT 26:40.500, RTA 2:00:28.543-2:00:28.601
Tick 32136(32040), Delay 61 ms, IGT 26:40.850, RTA 2:00:28.903-2:00:28.964
Tick 32137(32041), Delay 31 ms, IGT 26:40.900, RTA 2:00:28.964-2:00:28.995
Tick 32138(32042), Delay 57 ms, IGT 26:40.950, RTA 2:00:28.995-2:00:29.052
Tick 32139(32043), Delay 60 ms, IGT 26:41.000, RTA 2:00:29.052-2:00:29.112
Tick 32140(32044), Delay 31 ms, IGT 26:41.050, RTA 2:00:29.112-2:00:29.143
Tick 32141(32045), Delay 58 ms, IGT 26:41.100, RTA 2:00:29.143-2:00:29.201
Tick 32142(32046), Delay 61 ms, IGT 26:41.150, RTA 2:00:29.201-2:00:29.262
Tick 32143(32047), Delay 30 ms, IGT 26:41.200, RTA 2:00:29.262-2:00:29.292
Tick 32144(32048), Delay 59 ms, IGT 26:41.250, RTA 2:00:29.292-2:00:29.351
Tick 32145(32049), Delay 61 ms, IGT 26:41.300, RTA 2:00:29.351-2:00:29.412
Tick 32146(32050), Delay 30 ms, IGT 26:41.350, RTA 2:00:29.412-2:00:29.442
Tick 32147(32051), Delay 61 ms, IGT 26:41.400, RTA 2:00:29.442-2:00:29.503
Tick 32148(32052), Delay 60 ms, IGT 26:41.450, RTA 2:00:29.503-2:00:29.563
Tick 32149(32053), Delay 37 ms, IGT 26:41.500, RTA 2:00:29.563-2:00:29.600
Tick 32155(32059), Delay 61 ms, IGT 26:41.800, RTA 2:00:29.852-2:00:29.913
Tick 32156(32060), Delay 40 ms, IGT 26:41.850, RTA 2:00:29.913-2:00:29.953
Tick 32157(32061), Delay 61 ms, IGT 26:41.900, RTA 2:00:29.953-2:00:30.014
Tick 32158(32062), Delay 30 ms, IGT 26:41.950, RTA 2:00:30.014-2:00:30.044
Tick 32159(32063), Delay 56 ms, IGT 26:42.000, RTA 2:00:30.044-2:00:30.100
Tick 32160(32064), Delay 61 ms, IGT 26:42.050, RTA 2:00:30.100-2:00:30.161
Tick 32161(32065), Delay 30 ms, IGT 26:42.100, RTA 2:00:30.161-2:00:30.191
Tick 32162(32066), Delay 61 ms, IGT 26:42.150, RTA 2:00:30.191-2:00:30.252
Tick 32163(32067), Delay 62 ms, IGT 26:42.200, RTA 2:00:30.252-2:00:30.314
Tick 32164(32068), Delay 30 ms, IGT 26:42.250, RTA 2:00:30.314-2:00:30.344
Tick 32165(32069), Delay 58 ms, IGT 26:42.300, RTA 2:00:30.344-2:00:30.402
Tick 32166(32070), Delay 60 ms, IGT 26:42.350, RTA 2:00:30.402-2:00:30.462
Tick 32167(32071), Delay 32 ms, IGT 26:42.400, RTA 2:00:30.462-2:00:30.494
Tick 32168(32072), Delay 59 ms, IGT 26:42.450, RTA 2:00:30.494-2:00:30.553
Tick 32175(32079), Delay 61 ms, IGT 26:42.800, RTA 2:00:30.853-2:00:30.914
Tick 32176(32080), Delay 33 ms, IGT 26:42.850, RTA 2:00:30.914-2:00:30.947
Tick 32177(32081), Delay 55 ms, IGT 26:42.900, RTA 2:00:30.947-2:00:31.002
Tick 32178(32082), Delay 62 ms, IGT 26:42.950, RTA 2:00:31.002-2:00:31.064
Tick 32179(32083), Delay 32 ms, IGT 26:43.000, RTA 2:00:31.064-2:00:31.096
Tick 32180(32084), Delay 56 ms, IGT 26:43.050, RTA 2:00:31.096-2:00:31.152
Tick 32182(32086), Delay 61 ms, IGT 26:43.150, RTA 2:00:31.202-2:00:31.263
Tick 32183(32087), Delay 39 ms, IGT 26:43.200, RTA 2:00:31.263-2:00:31.302
Tick 32185(32089), Delay 62 ms, IGT 26:43.300, RTA 2:00:31.350-2:00:31.412
Tick 32186(32090), Delay 39 ms, IGT 26:43.350, RTA 2:00:31.412-2:00:31.451
Tick 32187(32091), Delay 62 ms, IGT 26:43.400, RTA 2:00:31.451-2:00:31.513
Tick 32188(32092), Delay 31 ms, IGT 26:43.450, RTA 2:00:31.513-2:00:31.544
Tick 32189(32093), Delay 58 ms, IGT 26:43.500, RTA 2:00:31.544-2:00:31.602
Tick 32196(32100), Delay 60 ms, IGT 26:43.850, RTA 2:00:31.902-2:00:31.962
Tick 32197(32101), Delay 31 ms, IGT 26:43.900, RTA 2:00:31.962-2:00:31.993
Tick 32198(32102), Delay 60 ms, IGT 26:43.950, RTA 2:00:31.993-2:00:32.053
Tick 32199(32103), Delay 61 ms, IGT 26:44.000, RTA 2:00:32.053-2:00:32.114
Tick 32200(32104), Delay 31 ms, IGT 26:44.050, RTA 2:00:32.114-2:00:32.145
Tick 32201(32105), Delay 59 ms, IGT 26:44.100, RTA 2:00:32.145-2:00:32.204
Tick 32202(32106), Delay 61 ms, IGT 26:44.150, RTA 2:00:32.204-2:00:32.265
Tick 32203(32107), Delay 36 ms, IGT 26:44.200, RTA 2:00:32.265-2:00:32.301
Tick 32205(32109), Delay 61 ms, IGT 26:44.300, RTA 2:00:32.353-2:00:32.414
Tick 32206(32110), Delay 30 ms, IGT 26:44.350, RTA 2:00:32.414-2:00:32.444
Tick 32207(32111), Delay 58 ms, IGT 26:44.400, RTA 2:00:32.444-2:00:32.502
Tick 32208(32112), Delay 61 ms, IGT 26:44.450, RTA 2:00:32.502-2:00:32.563
Tick 32209(32113), Delay 37 ms, IGT 26:44.500, RTA 2:00:32.563-2:00:32.600
Tick 32215(32119), Delay 60 ms, IGT 26:44.800, RTA 2:00:32.852-2:00:32.912
Tick 32216(32120), Delay 39 ms, IGT 26:44.850, RTA 2:00:32.912-2:00:32.951
Tick 32218(32122), Delay 60 ms, IGT 26:44.950, RTA 2:00:33.001-2:00:33.061
Tick 32219(32123), Delay 40 ms, IGT 26:45.000, RTA 2:00:33.061-2:00:33.101
Tick 32220(32124), Delay 62 ms, IGT 26:45.050, RTA 2:00:33.101-2:00:33.163
Tick 32221(32125), Delay 31 ms, IGT 26:45.100, RTA 2:00:33.163-2:00:33.194
Tick 32222(32126), Delay 59 ms, IGT 26:45.150, RTA 2:00:33.194-2:00:33.253
Tick 32223(32127), Delay 62 ms, IGT 26:45.200, RTA 2:00:33.253-2:00:33.315
Tick 32224(32128), Delay 31 ms, IGT 26:45.250, RTA 2:00:33.315-2:00:33.346
Tick 32225(32129), Delay 56 ms, IGT 26:45.300, RTA 2:00:33.346-2:00:33.402
Tick 32226(32130), Delay 62 ms, IGT 26:45.350, RTA 2:00:33.402-2:00:33.464
Tick 32227(32131), Delay 30 ms, IGT 26:45.400, RTA 2:00:33.464-2:00:33.494
Tick 32228(32132), Delay 58 ms, IGT 26:45.450, RTA 2:00:33.494-2:00:33.552
Tick 32236(32140), Delay 62 ms, IGT 26:45.850, RTA 2:00:33.900-2:00:33.962
Tick 32237(32141), Delay 40 ms, IGT 26:45.900, RTA 2:00:33.962-2:00:34.002
Tick 32238(32142), Delay 61 ms, IGT 26:45.950, RTA 2:00:34.002-2:00:34.063
Tick 32239(32143), Delay 30 ms, IGT 26:46.000, RTA 2:00:34.063-2:00:34.093
Tick 32240(32144), Delay 59 ms, IGT 26:46.050, RTA 2:00:34.093-2:00:34.152
Tick 32241(32145), Delay 60 ms, IGT 26:46.100, RTA 2:00:34.152-2:00:34.212
Tick 32242(32146), Delay 31 ms, IGT 26:46.150, RTA 2:00:34.212-2:00:34.243
Tick 32243(32147), Delay 59 ms, IGT 26:46.200, RTA 2:00:34.243-2:00:34.302
Tick 32244(32148), Delay 60 ms, IGT 26:46.250, RTA 2:00:34.302-2:00:34.362
Tick 32245(32149), Delay 30 ms, IGT 26:46.300, RTA 2:00:34.362-2:00:34.392
Tick 32246(32150), Delay 59 ms, IGT 26:46.350, RTA 2:00:34.392-2:00:34.451
Tick 32247(32151), Delay 61 ms, IGT 26:46.400, RTA 2:00:34.451-2:00:34.512
Tick 32248(32152), Delay 32 ms, IGT 26:46.450, RTA 2:00:34.512-2:00:34.544
Tick 32249(32153), Delay 57 ms, IGT 26:46.500, RTA 2:00:34.544-2:00:34.601
Tick 32256(32160), Delay 61 ms, IGT 26:46.850, RTA 2:00:34.901-2:00:34.962
Tick 32257(32161), Delay 30 ms, IGT 26:46.900, RTA 2:00:34.962-2:00:34.992
Tick 32258(32162), Delay 60 ms, IGT 26:46.950, RTA 2:00:34.992-2:00:35.052
Tick 32259(32163), Delay 61 ms, IGT 26:47.000, RTA 2:00:35.052-2:00:35.113
Tick 32260(32164), Delay 31 ms, IGT 26:47.050, RTA 2:00:35.113-2:00:35.144
Tick 32261(32165), Delay 59 ms, IGT 26:47.100, RTA 2:00:35.144-2:00:35.203
Tick 32262(32166), Delay 60 ms, IGT 26:47.150, RTA 2:00:35.203-2:00:35.263
Tick 32263(32167), Delay 32 ms, IGT 26:47.200, RTA 2:00:35.263-2:00:35.295
Tick 32264(32168), Delay 57 ms, IGT 26:47.250, RTA 2:00:35.295-2:00:35.352
Tick 32265(32169), Delay 61 ms, IGT 26:47.300, RTA 2:00:35.352-2:00:35.413
Tick 32266(32170), Delay 31 ms, IGT 26:47.350, RTA 2:00:35.413-2:00:35.444
Tick 32267(32171), Delay 57 ms, IGT 26:47.400, RTA 2:00:35.444-2:00:35.501
Tick 32268(32172), Delay 61 ms, IGT 26:47.450, RTA 2:00:35.501-2:00:35.562
Tick 32269(32173), Delay 38 ms, IGT 26:47.500, RTA 2:00:35.562-2:00:35.600
Tick 32275(32179), Delay 61 ms, IGT 26:47.800, RTA 2:00:35.852-2:00:35.913
Tick 32276(32180), Delay 39 ms, IGT 26:47.850, RTA 2:00:35.913-2:00:35.952
Tick 32277(32181), Delay 62 ms, IGT 26:47.900, RTA 2:00:35.952-2:00:36.014
Tick 32278(32182), Delay 30 ms, IGT 26:47.950, RTA 2:00:36.014-2:00:36.044
Tick 32279(32183), Delay 56 ms, IGT 26:48.000, RTA 2:00:36.044-2:00:36.100
Tick 32280(32184), Delay 61 ms, IGT 26:48.050, RTA 2:00:36.100-2:00:36.161
Tick 32281(32185), Delay 33 ms, IGT 26:48.100, RTA 2:00:36.161-2:00:36.194
Tick 32282(32186), Delay 58 ms, IGT 26:48.150, RTA 2:00:36.194-2:00:36.252
Tick 32283(32187), Delay 62 ms, IGT 26:48.200, RTA 2:00:36.252-2:00:36.314
Tick 32284(32188), Delay 31 ms, IGT 26:48.250, RTA 2:00:36.314-2:00:36.345
Tick 32285(32189), Delay 57 ms, IGT 26:48.300, RTA 2:00:36.345-2:00:36.402
Tick 32287(32191), Delay 61 ms, IGT 26:48.400, RTA 2:00:36.452-2:00:36.513
Tick 32288(32192), Delay 39 ms, IGT 26:48.450, RTA 2:00:36.513-2:00:36.552
Tick 32292(32196), Delay 45 ms, IGT 26:48.650, RTA 2:00:36.707-2:00:36.752
Tick 32296(32200), Delay 61 ms, IGT 26:48.850, RTA 2:00:36.900-2:00:36.961
Tick 32297(32201), Delay 40 ms, IGT 26:48.900, RTA 2:00:36.961-2:00:37.001
Tick 32298(32202), Delay 62 ms, IGT 26:48.950, RTA 2:00:37.001-2:00:37.063
Tick 32299(32203), Delay 30 ms, IGT 26:49.000, RTA 2:00:37.063-2:00:37.093
Tick 32300(32204), Delay 57 ms, IGT 26:49.050, RTA 2:00:37.093-2:00:37.150
Tick 32301(32205), Delay 61 ms, IGT 26:49.100, RTA 2:00:37.150-2:00:37.211
Tick 32302(32206), Delay 31 ms, IGT 26:49.150, RTA 2:00:37.211-2:00:37.242
Tick 32303(32207), Delay 58 ms, IGT 26:49.200, RTA 2:00:37.242-2:00:37.300
Tick 32304(32208), Delay 62 ms, IGT 26:49.250, RTA 2:00:37.300-2:00:37.362
Tick 32305(32209), Delay 30 ms, IGT 26:49.300, RTA 2:00:37.362-2:00:37.392
Tick 32306(32210), Delay 61 ms, IGT 26:49.350, RTA 2:00:37.392-2:00:37.453
Tick 32307(32211), Delay 61 ms, IGT 26:49.400, RTA 2:00:37.453-2:00:37.514
Tick 32308(32212), Delay 30 ms, IGT 26:49.450, RTA 2:00:37.514-2:00:37.544
Tick 32309(32213), Delay 57 ms, IGT 26:49.500, RTA 2:00:37.544-2:00:37.601
Tick 32316(32220), Delay 60 ms, IGT 26:49.850, RTA 2:00:37.903-2:00:37.963
Tick 32317(32221), Delay 30 ms, IGT 26:49.900, RTA 2:00:37.963-2:00:37.993
Tick 32318(32222), Delay 60 ms, IGT 26:49.950, RTA 2:00:37.993-2:00:38.053
Tick 32319(32223), Delay 60 ms, IGT 26:50.000, RTA 2:00:38.053-2:00:38.113
Tick 32320(32224), Delay 31 ms, IGT 26:50.050, RTA 2:00:38.113-2:00:38.144
Tick 32321(32225), Delay 58 ms, IGT 26:50.100, RTA 2:00:38.144-2:00:38.202
Tick 32323(32227), Delay 61 ms, IGT 26:50.200, RTA 2:00:38.251-2:00:38.312
Tick 32324(32228), Delay 39 ms, IGT 26:50.250, RTA 2:00:38.312-2:00:38.351
Tick 32325(32229), Delay 60 ms, IGT 26:50.300, RTA 2:00:38.351-2:00:38.411
Tick 32326(32230), Delay 30 ms, IGT 26:50.350, RTA 2:00:38.411-2:00:38.441
Tick 32327(32231), Delay 61 ms, IGT 26:50.400, RTA 2:00:38.441-2:00:38.502
Tick 32328(32232), Delay 60 ms, IGT 26:50.450, RTA 2:00:38.502-2:00:38.562
Tick 32329(32233), Delay 38 ms, IGT 26:50.500, RTA 2:00:38.562-2:00:38.600
Tick 32335(32239), Delay 61 ms, IGT 26:50.800, RTA 2:00:38.853-2:00:38.914
Tick 32336(32240), Delay 39 ms, IGT 26:50.850, RTA 2:00:38.914-2:00:38.953
Tick 32337(32241), Delay 62 ms, IGT 26:50.900, RTA 2:00:38.953-2:00:39.015
Tick 32338(32242), Delay 30 ms, IGT 26:50.950, RTA 2:00:39.015-2:00:39.045
Tick 32339(32243), Delay 57 ms, IGT 26:51.000, RTA 2:00:39.045-2:00:39.102
Tick 32340(32244), Delay 61 ms, IGT 26:51.050, RTA 2:00:39.102-2:00:39.163
Tick 32341(32245), Delay 32 ms, IGT 26:51.100, RTA 2:00:39.163-2:00:39.195
Tick 32342(32246), Delay 57 ms, IGT 26:51.150, RTA 2:00:39.195-2:00:39.252
Tick 32343(32247), Delay 60 ms, IGT 26:51.200, RTA 2:00:39.252-2:00:39.312
Tick 32344(32248), Delay 31 ms, IGT 26:51.250, RTA 2:00:39.312-2:00:39.343
Tick 32345(32249), Delay 60 ms, IGT 26:51.300, RTA 2:00:39.343-2:00:39.403
Tick 32346(32250), Delay 62 ms, IGT 26:51.350, RTA 2:00:39.403-2:00:39.465
Tick 32347(32251), Delay 32 ms, IGT 26:51.400, RTA 2:00:39.465-2:00:39.497
Tick 32356(32260), Delay 60 ms, IGT 26:51.850, RTA 2:00:39.903-2:00:39.963
Tick 32357(32261), Delay 39 ms, IGT 26:51.900, RTA 2:00:39.963-2:00:40.002
Tick 32358(32262), Delay 61 ms, IGT 26:51.950, RTA 2:00:40.002-2:00:40.063
Tick 32359(32263), Delay 31 ms, IGT 26:52.000, RTA 2:00:40.063-2:00:40.094
Tick 32360(32264), Delay 58 ms, IGT 26:52.050, RTA 2:00:40.094-2:00:40.152
Tick 32361(32265), Delay 61 ms, IGT 26:52.100, RTA 2:00:40.152-2:00:40.213
Tick 32362(32266), Delay 31 ms, IGT 26:52.150, RTA 2:00:40.213-2:00:40.244
Tick 32363(32267), Delay 57 ms, IGT 26:52.200, RTA 2:00:40.244-2:00:40.301
Tick 32364(32268), Delay 61 ms, IGT 26:52.250, RTA 2:00:40.301-2:00:40.362
Tick 32365(32269), Delay 32 ms, IGT 26:52.300, RTA 2:00:40.362-2:00:40.394
Tick 32366(32270), Delay 59 ms, IGT 26:52.350, RTA 2:00:40.394-2:00:40.453
Tick 32367(32271), Delay 61 ms, IGT 26:52.400, RTA 2:00:40.453-2:00:40.514
Tick 32368(32272), Delay 30 ms, IGT 26:52.450, RTA 2:00:40.514-2:00:40.544
Tick 32369(32273), Delay 58 ms, IGT 26:52.500, RTA 2:00:40.544-2:00:40.602
Tick 32376(32280), Delay 61 ms, IGT 26:52.850, RTA 2:00:40.903-2:00:40.964
Tick 32377(32281), Delay 31 ms, IGT 26:52.900, RTA 2:00:40.964-2:00:40.995
Tick 32378(32282), Delay 56 ms, IGT 26:52.950, RTA 2:00:40.995-2:00:41.051
Tick 32379(32283), Delay 61 ms, IGT 26:53.000, RTA 2:00:41.051-2:00:41.112
Tick 32380(32284), Delay 33 ms, IGT 26:53.050, RTA 2:00:41.112-2:00:41.145
Tick 32381(32285), Delay 62 ms, IGT 26:53.100, RTA 2:00:41.145-2:00:41.207
Tick 32382(32286), Delay 62 ms, IGT 26:53.150, RTA 2:00:41.207-2:00:41.269
Tick 32383(32287), Delay 30 ms, IGT 26:53.200, RTA 2:00:41.269-2:00:41.299
Tick 32384(32288), Delay 55 ms, IGT 26:53.250, RTA 2:00:41.299-2:00:41.354
Tick 32385(32289), Delay 62 ms, IGT 26:53.300, RTA 2:00:41.354-2:00:41.416
Tick 32386(32290), Delay 30 ms, IGT 26:53.350, RTA 2:00:41.416-2:00:41.446
Tick 32387(32291), Delay 56 ms, IGT 26:53.400, RTA 2:00:41.446-2:00:41.502
Tick 32388(32292), Delay 61 ms, IGT 26:53.450, RTA 2:00:41.502-2:00:41.563
Tick 32389(32293), Delay 38 ms, IGT 26:53.500, RTA 2:00:41.563-2:00:41.601
Tick 32392(32296), Delay 56 ms, IGT 26:53.650, RTA 2:00:41.702-2:00:41.758
Tick 32393(32297), Delay 44 ms, IGT 26:53.700, RTA 2:00:41.758-2:00:41.802
Tick 32395(32299), Delay 61 ms, IGT 26:53.800, RTA 2:00:41.853-2:00:41.914
Tick 32396(32300), Delay 38 ms, IGT 26:53.850, RTA 2:00:41.914-2:00:41.952
Tick 32397(32301), Delay 61 ms, IGT 26:53.900, RTA 2:00:41.952-2:00:42.013
Tick 32398(32302), Delay 30 ms, IGT 26:53.950, RTA 2:00:42.013-2:00:42.043
Tick 32399(32303), Delay 59 ms, IGT 26:54.000, RTA 2:00:42.043-2:00:42.102
Tick 32400(32304), Delay 61 ms, IGT 26:54.050, RTA 2:00:42.102-2:00:42.163
Tick 32401(32305), Delay 30 ms, IGT 26:54.100, RTA 2:00:42.163-2:00:42.193
Tick 32402(32306), Delay 60 ms, IGT 26:54.150, RTA 2:00:42.193-2:00:42.253
Tick 32403(32307), Delay 62 ms, IGT 26:54.200, RTA 2:00:42.253-2:00:42.315
Tick 32404(32308), Delay 32 ms, IGT 26:54.250, RTA 2:00:42.315-2:00:42.347
Tick 32405(32309), Delay 55 ms, IGT 26:54.300, RTA 2:00:42.347-2:00:42.402
Tick 32406(32310), Delay 61 ms, IGT 26:54.350, RTA 2:00:42.402-2:00:42.463
Tick 32407(32311), Delay 31 ms, IGT 26:54.400, RTA 2:00:42.463-2:00:42.494
Tick 32408(32312), Delay 58 ms, IGT 26:54.450, RTA 2:00:42.494-2:00:42.552
Tick 32412(32316), Delay 55 ms, IGT 26:54.650, RTA 2:00:42.704-2:00:42.759
Tick 32413(32317), Delay 42 ms, IGT 26:54.700, RTA 2:00:42.759-2:00:42.801
Tick 32416(32320), Delay 61 ms, IGT 26:54.850, RTA 2:00:42.901-2:00:42.962
Tick 32417(32321), Delay 39 ms, IGT 26:54.900, RTA 2:00:42.962-2:00:43.001
Tick 32418(32322), Delay 61 ms, IGT 26:54.950, RTA 2:00:43.001-2:00:43.062
Tick 32419(32323), Delay 30 ms, IGT 26:55.000, RTA 2:00:43.062-2:00:43.092
Tick 32420(32324), Delay 58 ms, IGT 26:55.050, RTA 2:00:43.092-2:00:43.150
Tick 32421(32325), Delay 62 ms, IGT 26:55.100, RTA 2:00:43.150-2:00:43.212
Tick 32422(32326), Delay 32 ms, IGT 26:55.150, RTA 2:00:43.212-2:00:43.244
Tick 32423(32327), Delay 58 ms, IGT 26:55.200, RTA 2:00:43.244-2:00:43.302
Tick 32424(32328), Delay 62 ms, IGT 26:55.250, RTA 2:00:43.302-2:00:43.364
Tick 32425(32329), Delay 31 ms, IGT 26:55.300, RTA 2:00:43.364-2:00:43.395
Tick 32426(32330), Delay 57 ms, IGT 26:55.350, RTA 2:00:43.395-2:00:43.452
Tick 32427(32331), Delay 62 ms, IGT 26:55.400, RTA 2:00:43.452-2:00:43.514
Tick 32428(32332), Delay 30 ms, IGT 26:55.450, RTA 2:00:43.514-2:00:43.544
Tick 32429(32333), Delay 57 ms, IGT 26:55.500, RTA 2:00:43.544-2:00:43.601
Tick 32436(32340), Delay 61 ms, IGT 26:55.850, RTA 2:00:43.903-2:00:43.964
Tick 32437(32341), Delay 31 ms, IGT 26:55.900, RTA 2:00:43.964-2:00:43.995
Tick 32438(32342), Delay 58 ms, IGT 26:55.950, RTA 2:00:43.995-2:00:44.053
Tick 32439(32343), Delay 64 ms, IGT 26:56.000, RTA 2:00:44.053-2:00:44.117
Tick 32440(32344), Delay 31 ms, IGT 26:56.050, RTA 2:00:44.117-2:00:44.148
Tick 32441(32345), Delay 55 ms, IGT 26:56.100, RTA 2:00:44.148-2:00:44.203
Tick 32442(32346), Delay 64 ms, IGT 26:56.150, RTA 2:00:44.203-2:00:44.267
Tick 32443(32347), Delay 32 ms, IGT 26:56.200, RTA 2:00:44.267-2:00:44.299
Tick 32445(32349), Delay 61 ms, IGT 26:56.300, RTA 2:00:44.352-2:00:44.413
Tick 32446(32350), Delay 31 ms, IGT 26:56.350, RTA 2:00:44.413-2:00:44.444
Tick 32447(32351), Delay 58 ms, IGT 26:56.400, RTA 2:00:44.444-2:00:44.502
Tick 32448(32352), Delay 61 ms, IGT 26:56.450, RTA 2:00:44.502-2:00:44.563
Tick 32449(32353), Delay 37 ms, IGT 26:56.500, RTA 2:00:44.563-2:00:44.600
Tick 32455(32359), Delay 61 ms, IGT 26:56.800, RTA 2:00:44.853-2:00:44.914
Tick 32456(32360), Delay 38 ms, IGT 26:56.850, RTA 2:00:44.914-2:00:44.952
Tick 32457(32361), Delay 62 ms, IGT 26:56.900, RTA 2:00:44.952-2:00:45.014
Tick 32458(32362), Delay 30 ms, IGT 26:56.950, RTA 2:00:45.014-2:00:45.044
Tick 32459(32363), Delay 58 ms, IGT 26:57.000, RTA 2:00:45.044-2:00:45.102
Tick 32460(32364), Delay 62 ms, IGT 26:57.050, RTA 2:00:45.102-2:00:45.164
Tick 32461(32365), Delay 31 ms, IGT 26:57.100, RTA 2:00:45.164-2:00:45.195
Tick 32462(32366), Delay 57 ms, IGT 26:57.150, RTA 2:00:45.195-2:00:45.252
Tick 32463(32367), Delay 62 ms, IGT 26:57.200, RTA 2:00:45.252-2:00:45.314
Tick 32464(32368), Delay 32 ms, IGT 26:57.250, RTA 2:00:45.314-2:00:45.346
Tick 32465(32369), Delay 56 ms, IGT 26:57.300, RTA 2:00:45.346-2:00:45.402
Tick 32466(32370), Delay 61 ms, IGT 26:57.350, RTA 2:00:45.402-2:00:45.463
Tick 32467(32371), Delay 30 ms, IGT 26:57.400, RTA 2:00:45.463-2:00:45.493
Tick 32468(32372), Delay 59 ms, IGT 26:57.450, RTA 2:00:45.493-2:00:45.552
Tick 32476(32380), Delay 62 ms, IGT 26:57.850, RTA 2:00:45.902-2:00:45.964
Tick 32477(32381), Delay 36 ms, IGT 26:57.900, RTA 2:00:45.964-2:00:46.000
Tick 32478(32382), Delay 61 ms, IGT 26:57.950, RTA 2:00:46.000-2:00:46.061
Tick 32479(32383), Delay 31 ms, IGT 26:58.000, RTA 2:00:46.061-2:00:46.092
Tick 32480(32384), Delay 59 ms, IGT 26:58.050, RTA 2:00:46.092-2:00:46.151
Tick 32481(32385), Delay 61 ms, IGT 26:58.100, RTA 2:00:46.151-2:00:46.212
Tick 32482(32386), Delay 30 ms, IGT 26:58.150, RTA 2:00:46.212-2:00:46.242
Tick 32483(32387), Delay 59 ms, IGT 26:58.200, RTA 2:00:46.242-2:00:46.301
Tick 32484(32388), Delay 62 ms, IGT 26:58.250, RTA 2:00:46.301-2:00:46.363
Tick 32485(32389), Delay 32 ms, IGT 26:58.300, RTA 2:00:46.363-2:00:46.395
Tick 32486(32390), Delay 58 ms, IGT 26:58.350, RTA 2:00:46.395-2:00:46.453
Tick 32487(32391), Delay 61 ms, IGT 26:58.400, RTA 2:00:46.453-2:00:46.514
Tick 32488(32392), Delay 31 ms, IGT 26:58.450, RTA 2:00:46.514-2:00:46.545
Tick 32489(32393), Delay 58 ms, IGT 26:58.500, RTA 2:00:46.545-2:00:46.603
Tick 32496(32400), Delay 62 ms, IGT 26:58.850, RTA 2:00:46.902-2:00:46.964
Tick 32497(32401), Delay 31 ms, IGT 26:58.900, RTA 2:00:46.964-2:00:46.995
Tick 32498(32402), Delay 57 ms, IGT 26:58.950, RTA 2:00:46.995-2:00:47.052
Tick 32499(32403), Delay 61 ms, IGT 26:59.000, RTA 2:00:47.052-2:00:47.113
Tick 32500(32404), Delay 32 ms, IGT 26:59.050, RTA 2:00:47.113-2:00:47.145
Tick 32501(32405), Delay 57 ms, IGT 26:59.100, RTA 2:00:47.145-2:00:47.202
Tick 32502(32406), Delay 61 ms, IGT 26:59.150, RTA 2:00:47.202-2:00:47.263
Tick 32503(32407), Delay 31 ms, IGT 26:59.200, RTA 2:00:47.263-2:00:47.294
Tick 32504(32408), Delay 57 ms, IGT 26:59.250, RTA 2:00:47.294-2:00:47.351
Tick 32505(32409), Delay 62 ms, IGT 26:59.300, RTA 2:00:47.351-2:00:47.413
Tick 32506(32410), Delay 32 ms, IGT 26:59.350, RTA 2:00:47.413-2:00:47.445
Tick 32507(32411), Delay 58 ms, IGT 26:59.400, RTA 2:00:47.445-2:00:47.503
Tick 32508(32412), Delay 61 ms, IGT 26:59.450, RTA 2:00:47.503-2:00:47.564
Tick 32509(32413), Delay 36 ms, IGT 26:59.500, RTA 2:00:47.564-2:00:47.600
Tick 32515(32419), Delay 62 ms, IGT 26:59.800, RTA 2:00:47.853-2:00:47.915
Tick 32516(32420), Delay 37 ms, IGT 26:59.850, RTA 2:00:47.915-2:00:47.952
Tick 32517(32421), Delay 62 ms, IGT 26:59.900, RTA 2:00:47.952-2:00:48.014
Tick 32518(32422), Delay 30 ms, IGT 26:59.950, RTA 2:00:48.014-2:00:48.044
Tick 32519(32423), Delay 59 ms, IGT 27:00.000, RTA 2:00:48.044-2:00:48.103
Tick 32520(32424), Delay 63 ms, IGT 27:00.050, RTA 2:00:48.103-2:00:48.166
Tick 32521(32425), Delay 31 ms, IGT 27:00.100, RTA 2:00:48.166-2:00:48.197
Tick 32522(32426), Delay 56 ms, IGT 27:00.150, RTA 2:00:48.197-2:00:48.253
Tick 32523(32427), Delay 61 ms, IGT 27:00.200, RTA 2:00:48.253-2:00:48.314
Tick 32524(32428), Delay 37 ms, IGT 27:00.250, RTA 2:00:48.314-2:00:48.351
Tick 32526(32430), Delay 63 ms, IGT 27:00.350, RTA 2:00:48.404-2:00:48.467
Tick 32527(32431), Delay 32 ms, IGT 27:00.400, RTA 2:00:48.467-2:00:48.499
Tick 32536(32440), Delay 61 ms, IGT 27:00.850, RTA 2:00:48.903-2:00:48.964
Tick 32537(32441), Delay 38 ms, IGT 27:00.900, RTA 2:00:48.964-2:00:49.002
Tick 32538(32442), Delay 61 ms, IGT 27:00.950, RTA 2:00:49.002-2:00:49.063
Tick 32539(32443), Delay 31 ms, IGT 27:01.000, RTA 2:00:49.063-2:00:49.094
Tick 32540(32444), Delay 58 ms, IGT 27:01.050, RTA 2:00:49.094-2:00:49.152
Tick 32541(32445), Delay 62 ms, IGT 27:01.100, RTA 2:00:49.152-2:00:49.214
Tick 32542(32446), Delay 31 ms, IGT 27:01.150, RTA 2:00:49.214-2:00:49.245
Tick 32543(32447), Delay 56 ms, IGT 27:01.200, RTA 2:00:49.245-2:00:49.301
Tick 32544(32448), Delay 62 ms, IGT 27:01.250, RTA 2:00:49.301-2:00:49.363
Tick 32545(32449), Delay 31 ms, IGT 27:01.300, RTA 2:00:49.363-2:00:49.394
Tick 32546(32450), Delay 58 ms, IGT 27:01.350, RTA 2:00:49.394-2:00:49.452
Tick 32547(32451), Delay 63 ms, IGT 27:01.400, RTA 2:00:49.452-2:00:49.515
Tick 32548(32452), Delay 32 ms, IGT 27:01.450, RTA 2:00:49.515-2:00:49.547
Tick 32554(32458), Delay 56 ms, IGT 27:01.750, RTA 2:00:49.800-2:00:49.856
Tick 32556(32460), Delay 61 ms, IGT 27:01.850, RTA 2:00:49.903-2:00:49.964
Tick 32557(32461), Delay 30 ms, IGT 27:01.900, RTA 2:00:49.964-2:00:49.994
Tick 32558(32462), Delay 58 ms, IGT 27:01.950, RTA 2:00:49.994-2:00:50.052
Tick 32559(32463), Delay 63 ms, IGT 27:02.000, RTA 2:00:50.052-2:00:50.115
Tick 32560(32464), Delay 30 ms, IGT 27:02.050, RTA 2:00:50.115-2:00:50.145
Tick 32561(32465), Delay 58 ms, IGT 27:02.100, RTA 2:00:50.145-2:00:50.203
Tick 32562(32466), Delay 62 ms, IGT 27:02.150, RTA 2:00:50.203-2:00:50.265
Tick 32563(32467), Delay 30 ms, IGT 27:02.200, RTA 2:00:50.265-2:00:50.295
Tick 32564(32468), Delay 55 ms, IGT 27:02.250, RTA 2:00:50.295-2:00:50.350
Tick 32565(32469), Delay 62 ms, IGT 27:02.300, RTA 2:00:50.350-2:00:50.412
Tick 32566(32470), Delay 31 ms, IGT 27:02.350, RTA 2:00:50.412-2:00:50.443
Tick 32567(32471), Delay 60 ms, IGT 27:02.400, RTA 2:00:50.443-2:00:50.503
Tick 32568(32472), Delay 61 ms, IGT 27:02.450, RTA 2:00:50.503-2:00:50.564
Tick 32569(32473), Delay 37 ms, IGT 27:02.500, RTA 2:00:50.564-2:00:50.601
Tick 32575(32479), Delay 65 ms, IGT 27:02.800, RTA 2:00:50.851-2:00:50.916
Tick 32576(32480), Delay 37 ms, IGT 27:02.850, RTA 2:00:50.916-2:00:50.953
Tick 32577(32481), Delay 61 ms, IGT 27:02.900, RTA 2:00:50.953-2:00:51.014
Tick 32578(32482), Delay 30 ms, IGT 27:02.950, RTA 2:00:51.014-2:00:51.044
Tick 32579(32483), Delay 58 ms, IGT 27:03.000, RTA 2:00:51.044-2:00:51.102
Tick 32580(32484), Delay 61 ms, IGT 27:03.050, RTA 2:00:51.102-2:00:51.163
Tick 32581(32485), Delay 34 ms, IGT 27:03.100, RTA 2:00:51.163-2:00:51.197
Tick 32582(32486), Delay 55 ms, IGT 27:03.150, RTA 2:00:51.197-2:00:51.252
Tick 32583(32487), Delay 61 ms, IGT 27:03.200, RTA 2:00:51.252-2:00:51.313
Tick 32584(32488), Delay 31 ms, IGT 27:03.250, RTA 2:00:51.313-2:00:51.344
Tick 32585(32489), Delay 57 ms, IGT 27:03.300, RTA 2:00:51.344-2:00:51.401
Tick 32586(32490), Delay 62 ms, IGT 27:03.350, RTA 2:00:51.401-2:00:51.463
Tick 32587(32491), Delay 30 ms, IGT 27:03.400, RTA 2:00:51.463-2:00:51.493
Tick 32588(32492), Delay 58 ms, IGT 27:03.450, RTA 2:00:51.493-2:00:51.551
Tick 32596(32500), Delay 60 ms, IGT 27:03.850, RTA 2:00:51.903-2:00:51.963
Tick 32597(32501), Delay 38 ms, IGT 27:03.900, RTA 2:00:51.963-2:00:52.001
Tick 32598(32502), Delay 61 ms, IGT 27:03.950, RTA 2:00:52.001-2:00:52.062
Tick 32599(32503), Delay 30 ms, IGT 27:04.000, RTA 2:00:52.062-2:00:52.092
Tick 32600(32504), Delay 61 ms, IGT 27:04.050, RTA 2:00:52.092-2:00:52.153
Tick 32601(32505), Delay 61 ms, IGT 27:04.100, RTA 2:00:52.153-2:00:52.214
Tick 32602(32506), Delay 30 ms, IGT 27:04.150, RTA 2:00:52.214-2:00:52.244
Tick 32603(32507), Delay 57 ms, IGT 27:04.200, RTA 2:00:52.244-2:00:52.301
Tick 32604(32508), Delay 60 ms, IGT 27:04.250, RTA 2:00:52.301-2:00:52.361
Tick 32605(32509), Delay 32 ms, IGT 27:04.300, RTA 2:00:52.361-2:00:52.393
Tick 32606(32510), Delay 58 ms, IGT 27:04.350, RTA 2:00:52.393-2:00:52.451
Tick 32607(32511), Delay 61 ms, IGT 27:04.400, RTA 2:00:52.451-2:00:52.512
Tick 32608(32512), Delay 31 ms, IGT 27:04.450, RTA 2:00:52.512-2:00:52.543
Tick 32609(32513), Delay 58 ms, IGT 27:04.500, RTA 2:00:52.543-2:00:52.601
Tick 32616(32520), Delay 62 ms, IGT 27:04.850, RTA 2:00:52.902-2:00:52.964
Tick 32617(32521), Delay 30 ms, IGT 27:04.900, RTA 2:00:52.964-2:00:52.994
Tick 32618(32522), Delay 57 ms, IGT 27:04.950, RTA 2:00:52.994-2:00:53.051
Tick 32619(32523), Delay 61 ms, IGT 27:05.000, RTA 2:00:53.051-2:00:53.112
Tick 32620(32524), Delay 31 ms, IGT 27:05.050, RTA 2:00:53.112-2:00:53.143
Tick 32621(32525), Delay 58 ms, IGT 27:05.100, RTA 2:00:53.143-2:00:53.201
Tick 32622(32526), Delay 61 ms, IGT 27:05.150, RTA 2:00:53.201-2:00:53.262
Tick 32623(32527), Delay 31 ms, IGT 27:05.200, RTA 2:00:53.262-2:00:53.293
Tick 32624(32528), Delay 59 ms, IGT 27:05.250, RTA 2:00:53.293-2:00:53.352
Tick 32625(32529), Delay 62 ms, IGT 27:05.300, RTA 2:00:53.352-2:00:53.414
Tick 32626(32530), Delay 30 ms, IGT 27:05.350, RTA 2:00:53.414-2:00:53.444
Tick 32627(32531), Delay 57 ms, IGT 27:05.400, RTA 2:00:53.444-2:00:53.501
Tick 32628(32532), Delay 61 ms, IGT 27:05.450, RTA 2:00:53.501-2:00:53.562
Tick 32629(32533), Delay 38 ms, IGT 27:05.500, RTA 2:00:53.562-2:00:53.600
Tick 32635(32539), Delay 65 ms, IGT 27:05.800, RTA 2:00:53.852-2:00:53.917
Tick 32636(32540), Delay 33 ms, IGT 27:05.850, RTA 2:00:53.917-2:00:53.950
Tick 32637(32541), Delay 61 ms, IGT 27:05.900, RTA 2:00:53.950-2:00:54.011
Tick 32638(32542), Delay 31 ms, IGT 27:05.950, RTA 2:00:54.011-2:00:54.042
Tick 32639(32543), Delay 59 ms, IGT 27:06.000, RTA 2:00:54.042-2:00:54.101
Tick 32640(32544), Delay 61 ms, IGT 27:06.050, RTA 2:00:54.101-2:00:54.162
Tick 32641(32545), Delay 30 ms, IGT 27:06.100, RTA 2:00:54.162-2:00:54.192
Tick 32642(32546), Delay 60 ms, IGT 27:06.150, RTA 2:00:54.192-2:00:54.252
Tick 32643(32547), Delay 62 ms, IGT 27:06.200, RTA 2:00:54.252-2:00:54.314
Tick 32644(32548), Delay 32 ms, IGT 27:06.250, RTA 2:00:54.314-2:00:54.346
Tick 32645(32549), Delay 57 ms, IGT 27:06.300, RTA 2:00:54.346-2:00:54.403
Tick 32646(32550), Delay 61 ms, IGT 27:06.350, RTA 2:00:54.403-2:00:54.464
Tick 32647(32551), Delay 31 ms, IGT 27:06.400, RTA 2:00:54.464-2:00:54.495
Tick 32648(32552), Delay 58 ms, IGT 27:06.450, RTA 2:00:54.495-2:00:54.553
Tick 32656(32560), Delay 62 ms, IGT 27:06.850, RTA 2:00:54.903-2:00:54.965
Tick 32657(32561), Delay 36 ms, IGT 27:06.900, RTA 2:00:54.965-2:00:55.001
Tick 32658(32562), Delay 62 ms, IGT 27:06.950, RTA 2:00:55.001-2:00:55.063
Tick 32659(32563), Delay 31 ms, IGT 27:07.000, RTA 2:00:55.063-2:00:55.094
Tick 32660(32564), Delay 59 ms, IGT 27:07.050, RTA 2:00:55.094-2:00:55.153
Tick 32661(32565), Delay 61 ms, IGT 27:07.100, RTA 2:00:55.153-2:00:55.214
Tick 32662(32566), Delay 31 ms, IGT 27:07.150, RTA 2:00:55.214-2:00:55.245
Tick 32663(32567), Delay 57 ms, IGT 27:07.200, RTA 2:00:55.245-2:00:55.302
Tick 32664(32568), Delay 61 ms, IGT 27:07.250, RTA 2:00:55.302-2:00:55.363
Tick 32665(32569), Delay 30 ms, IGT 27:07.300, RTA 2:00:55.363-2:00:55.393
Tick 32666(32570), Delay 59 ms, IGT 27:07.350, RTA 2:00:55.393-2:00:55.452
Tick 32667(32571), Delay 62 ms, IGT 27:07.400, RTA 2:00:55.452-2:00:55.514
Tick 32668(32572), Delay 32 ms, IGT 27:07.450, RTA 2:00:55.514-2:00:55.546
Tick 32669(32573), Delay 56 ms, IGT 27:07.500, RTA 2:00:55.546-2:00:55.602
Tick 32676(32580), Delay 63 ms, IGT 27:07.850, RTA 2:00:55.904-2:00:55.967
Tick 32677(32581), Delay 31 ms, IGT 27:07.900, RTA 2:00:55.967-2:00:55.998
Tick 32678(32582), Delay 55 ms, IGT 27:07.950, RTA 2:00:55.998-2:00:56.053
Tick 32679(32583), Delay 62 ms, IGT 27:08.000, RTA 2:00:56.053-2:00:56.115
Tick 32680(32584), Delay 31 ms, IGT 27:08.050, RTA 2:00:56.115-2:00:56.146
Tick 32681(32585), Delay 57 ms, IGT 27:08.100, RTA 2:00:56.146-2:00:56.203
Tick 32682(32586), Delay 62 ms, IGT 27:08.150, RTA 2:00:56.203-2:00:56.265
Tick 32683(32587), Delay 33 ms, IGT 27:08.200, RTA 2:00:56.265-2:00:56.298
Tick 32685(32589), Delay 61 ms, IGT 27:08.300, RTA 2:00:56.351-2:00:56.412
Tick 32686(32590), Delay 30 ms, IGT 27:08.350, RTA 2:00:56.412-2:00:56.442
Tick 32687(32591), Delay 58 ms, IGT 27:08.400, RTA 2:00:56.442-2:00:56.500
Tick 32688(32592), Delay 61 ms, IGT 27:08.450, RTA 2:00:56.500-2:00:56.561
Tick 32689(32593), Delay 39 ms, IGT 27:08.500, RTA 2:00:56.561-2:00:56.600
Tick 32695(32599), Delay 64 ms, IGT 27:08.800, RTA 2:00:56.853-2:00:56.917
Tick 32696(32600), Delay 41 ms, IGT 27:08.850, RTA 2:00:56.917-2:00:56.958
Tick 32697(32601), Delay 61 ms, IGT 27:08.900, RTA 2:00:56.958-2:00:57.019
Tick 32698(32602), Delay 31 ms, IGT 27:08.950, RTA 2:00:57.019-2:00:57.050
Tick 32700(32604), Delay 60 ms, IGT 27:09.050, RTA 2:00:57.102-2:00:57.162
Tick 32701(32605), Delay 32 ms, IGT 27:09.100, RTA 2:00:57.162-2:00:57.194
Tick 32702(32606), Delay 58 ms, IGT 27:09.150, RTA 2:00:57.194-2:00:57.252
Tick 32703(32607), Delay 61 ms, IGT 27:09.200, RTA 2:00:57.252-2:00:57.313
Tick 32704(32608), Delay 31 ms, IGT 27:09.250, RTA 2:00:57.313-2:00:57.344
Tick 32705(32609), Delay 59 ms, IGT 27:09.300, RTA 2:00:57.344-2:00:57.403
Tick 32706(32610), Delay 60 ms, IGT 27:09.350, RTA 2:00:57.403-2:00:57.463
Tick 32707(32611), Delay 31 ms, IGT 27:09.400, RTA 2:00:57.463-2:00:57.494
Tick 32708(32612), Delay 59 ms, IGT 27:09.450, RTA 2:00:57.494-2:00:57.553
Tick 32716(32620), Delay 66 ms, IGT 27:09.850, RTA 2:00:57.901-2:00:57.967
Tick 32717(32621), Delay 34 ms, IGT 27:09.900, RTA 2:00:57.967-2:00:58.001
Tick 32718(32622), Delay 61 ms, IGT 27:09.950, RTA 2:00:58.001-2:00:58.062
Tick 32719(32623), Delay 31 ms, IGT 27:10.000, RTA 2:00:58.062-2:00:58.093
Tick 32720(32624), Delay 59 ms, IGT 27:10.050, RTA 2:00:58.093-2:00:58.152
Tick 32721(32625), Delay 61 ms, IGT 27:10.100, RTA 2:00:58.152-2:00:58.213
Tick 32722(32626), Delay 31 ms, IGT 27:10.150, RTA 2:00:58.213-2:00:58.244
Tick 32723(32627), Delay 57 ms, IGT 27:10.200, RTA 2:00:58.244-2:00:58.301
Tick 32724(32628), Delay 62 ms, IGT 27:10.250, RTA 2:00:58.301-2:00:58.363
Tick 32725(32629), Delay 31 ms, IGT 27:10.300, RTA 2:00:58.363-2:00:58.394
Tick 32726(32630), Delay 57 ms, IGT 27:10.350, RTA 2:00:58.394-2:00:58.451
Tick 32727(32631), Delay 62 ms, IGT 27:10.400, RTA 2:00:58.451-2:00:58.513
Tick 32728(32632), Delay 31 ms, IGT 27:10.450, RTA 2:00:58.513-2:00:58.544
Tick 32729(32633), Delay 58 ms, IGT 27:10.500, RTA 2:00:58.544-2:00:58.602
Tick 32736(32640), Delay 65 ms, IGT 27:10.850, RTA 2:00:58.901-2:00:58.966
Tick 32737(32641), Delay 30 ms, IGT 27:10.900, RTA 2:00:58.966-2:00:58.996
Tick 32738(32642), Delay 56 ms, IGT 27:10.950, RTA 2:00:58.996-2:00:59.052
Tick 32739(32643), Delay 60 ms, IGT 27:11.000, RTA 2:00:59.052-2:00:59.112
Tick 32740(32644), Delay 31 ms, IGT 27:11.050, RTA 2:00:59.112-2:00:59.143
Tick 32741(32645), Delay 60 ms, IGT 27:11.100, RTA 2:00:59.143-2:00:59.203
Tick 32742(32646), Delay 61 ms, IGT 27:11.150, RTA 2:00:59.203-2:00:59.264
Tick 32743(32647), Delay 33 ms, IGT 27:11.200, RTA 2:00:59.264-2:00:59.297
Tick 32745(32649), Delay 60 ms, IGT 27:11.300, RTA 2:00:59.351-2:00:59.411
Tick 32746(32650), Delay 31 ms, IGT 27:11.350, RTA 2:00:59.411-2:00:59.442
Tick 32747(32651), Delay 60 ms, IGT 27:11.400, RTA 2:00:59.442-2:00:59.502
Tick 32748(32652), Delay 61 ms, IGT 27:11.450, RTA 2:00:59.502-2:00:59.563
Tick 32749(32653), Delay 37 ms, IGT 27:11.500, RTA 2:00:59.563-2:00:59.600
Tick 32755(32659), Delay 61 ms, IGT 27:11.800, RTA 2:00:59.852-2:00:59.913
Tick 32756(32660), Delay 39 ms, IGT 27:11.850, RTA 2:00:59.913-2:00:59.952
Tick 32757(32661), Delay 60 ms, IGT 27:11.900, RTA 2:00:59.952-2:01:00.012
Tick 32758(32662), Delay 30 ms, IGT 27:11.950, RTA 2:01:00.012-2:01:00.042
Tick 32759(32663), Delay 59 ms, IGT 27:12.000, RTA 2:01:00.042-2:01:00.101
Tick 32760(32664), Delay 61 ms, IGT 27:12.050, RTA 2:01:00.101-2:01:00.162
Tick 32761(32665), Delay 32 ms, IGT 27:12.100, RTA 2:01:00.162-2:01:00.194
Tick 32762(32666), Delay 58 ms, IGT 27:12.150, RTA 2:01:00.194-2:01:00.252
Tick 32763(32667), Delay 62 ms, IGT 27:12.200, RTA 2:01:00.252-2:01:00.314
Tick 32764(32668), Delay 33 ms, IGT 27:12.250, RTA 2:01:00.314-2:01:00.347
Tick 32766(32670), Delay 62 ms, IGT 27:12.350, RTA 2:01:00.401-2:01:00.463
Tick 32767(32671), Delay 31 ms, IGT 27:12.400, RTA 2:01:00.463-2:01:00.494
Tick 32768(32672), Delay 57 ms, IGT 27:12.450, RTA 2:01:00.494-2:01:00.551
Tick 32776(32680), Delay 65 ms, IGT 27:12.850, RTA 2:01:00.902-2:01:00.967
Tick 32777(32681), Delay 35 ms, IGT 27:12.900, RTA 2:01:00.967-2:01:01.002
Tick 32778(32682), Delay 61 ms, IGT 27:12.950, RTA 2:01:01.002-2:01:01.063
Tick 32779(32683), Delay 31 ms, IGT 27:13.000, RTA 2:01:01.063-2:01:01.094
Tick 32780(32684), Delay 59 ms, IGT 27:13.050, RTA 2:01:01.094-2:01:01.153
Tick 32781(32685), Delay 60 ms, IGT 27:13.100, RTA 2:01:01.153-2:01:01.213
Tick 32782(32686), Delay 30 ms, IGT 27:13.150, RTA 2:01:01.213-2:01:01.243
Tick 32783(32687), Delay 59 ms, IGT 27:13.200, RTA 2:01:01.243-2:01:01.302
Tick 32784(32688), Delay 62 ms, IGT 27:13.250, RTA 2:01:01.302-2:01:01.364
Tick 32785(32689), Delay 31 ms, IGT 27:13.300, RTA 2:01:01.364-2:01:01.395
Tick 32786(32690), Delay 57 ms, IGT 27:13.350, RTA 2:01:01.395-2:01:01.452
Tick 32787(32691), Delay 60 ms, IGT 27:13.400, RTA 2:01:01.452-2:01:01.512
Tick 32788(32692), Delay 31 ms, IGT 27:13.450, RTA 2:01:01.512-2:01:01.543
Tick 32789(32693), Delay 58 ms, IGT 27:13.500, RTA 2:01:01.543-2:01:01.601
Tick 32796(32700), Delay 62 ms, IGT 27:13.850, RTA 2:01:01.901-2:01:01.963
Tick 32797(32701), Delay 35 ms, IGT 27:13.900, RTA 2:01:01.963-2:01:01.998
Tick 32798(32702), Delay 55 ms, IGT 27:13.950, RTA 2:01:01.998-2:01:02.053
Tick 32799(32703), Delay 60 ms, IGT 27:14.000, RTA 2:01:02.053-2:01:02.113
Tick 32800(32704), Delay 31 ms, IGT 27:14.050, RTA 2:01:02.113-2:01:02.144
Tick 32801(32705), Delay 59 ms, IGT 27:14.100, RTA 2:01:02.144-2:01:02.203
Tick 32802(32706), Delay 61 ms, IGT 27:14.150, RTA 2:01:02.203-2:01:02.264
Tick 32803(32707), Delay 31 ms, IGT 27:14.200, RTA 2:01:02.264-2:01:02.295
Tick 32804(32708), Delay 55 ms, IGT 27:14.250, RTA 2:01:02.295-2:01:02.350
Tick 32805(32709), Delay 62 ms, IGT 27:14.300, RTA 2:01:02.350-2:01:02.412
Tick 32806(32710), Delay 31 ms, IGT 27:14.350, RTA 2:01:02.412-2:01:02.443
Tick 32807(32711), Delay 58 ms, IGT 27:14.400, RTA 2:01:02.443-2:01:02.501
Tick 32808(32712), Delay 62 ms, IGT 27:14.450, RTA 2:01:02.501-2:01:02.563
Tick 32809(32713), Delay 37 ms, IGT 27:14.500, RTA 2:01:02.563-2:01:02.600
Tick 32815(32719), Delay 60 ms, IGT 27:14.800, RTA 2:01:02.853-2:01:02.913
Tick 32816(32720), Delay 38 ms, IGT 27:14.850, RTA 2:01:02.913-2:01:02.951
Tick 32817(32721), Delay 65 ms, IGT 27:14.900, RTA 2:01:02.951-2:01:03.016
Tick 32818(32722), Delay 31 ms, IGT 27:14.950, RTA 2:01:03.016-2:01:03.047
Tick 32820(32724), Delay 61 ms, IGT 27:15.050, RTA 2:01:03.101-2:01:03.162
Tick 32821(32725), Delay 33 ms, IGT 27:15.100, RTA 2:01:03.162-2:01:03.195
Tick 32822(32726), Delay 58 ms, IGT 27:15.150, RTA 2:01:03.195-2:01:03.253
Tick 32823(32727), Delay 60 ms, IGT 27:15.200, RTA 2:01:03.253-2:01:03.313
Tick 32824(32728), Delay 31 ms, IGT 27:15.250, RTA 2:01:03.313-2:01:03.344
Tick 32825(32729), Delay 58 ms, IGT 27:15.300, RTA 2:01:03.344-2:01:03.402
Tick 32826(32730), Delay 62 ms, IGT 27:15.350, RTA 2:01:03.402-2:01:03.464
Tick 32827(32731), Delay 30 ms, IGT 27:15.400, RTA 2:01:03.464-2:01:03.494
Tick 32828(32732), Delay 58 ms, IGT 27:15.450, RTA 2:01:03.494-2:01:03.552
Tick 32836(32740), Delay 60 ms, IGT 27:15.850, RTA 2:01:03.901-2:01:03.961
Tick 32837(32741), Delay 39 ms, IGT 27:15.900, RTA 2:01:03.961-2:01:04.000
Tick 32838(32742), Delay 65 ms, IGT 27:15.950, RTA 2:01:04.000-2:01:04.065
Tick 32839(32743), Delay 30 ms, IGT 27:16.000, RTA 2:01:04.065-2:01:04.095
Tick 32840(32744), Delay 56 ms, IGT 27:16.050, RTA 2:01:04.095-2:01:04.151
Tick 32841(32745), Delay 62 ms, IGT 27:16.100, RTA 2:01:04.151-2:01:04.213
Tick 32842(32746), Delay 31 ms, IGT 27:16.150, RTA 2:01:04.213-2:01:04.244
Tick 32843(32747), Delay 58 ms, IGT 27:16.200, RTA 2:01:04.244-2:01:04.302
Tick 32844(32748), Delay 61 ms, IGT 27:16.250, RTA 2:01:04.302-2:01:04.363
Tick 32845(32749), Delay 31 ms, IGT 27:16.300, RTA 2:01:04.363-2:01:04.394
Tick 32846(32750), Delay 59 ms, IGT 27:16.350, RTA 2:01:04.394-2:01:04.453
Tick 32847(32751), Delay 61 ms, IGT 27:16.400, RTA 2:01:04.453-2:01:04.514
Tick 32848(32752), Delay 30 ms, IGT 27:16.450, RTA 2:01:04.514-2:01:04.544
Tick 32849(32753), Delay 58 ms, IGT 27:16.500, RTA 2:01:04.544-2:01:04.602
Tick 32856(32760), Delay 61 ms, IGT 27:16.850, RTA 2:01:04.902-2:01:04.963
Tick 32857(32761), Delay 31 ms, IGT 27:16.900, RTA 2:01:04.963-2:01:04.994
Tick 32858(32762), Delay 62 ms, IGT 27:16.950, RTA 2:01:04.994-2:01:05.056
Tick 32859(32763), Delay 62 ms, IGT 27:17.000, RTA 2:01:05.056-2:01:05.118
Tick 32860(32764), Delay 32 ms, IGT 27:17.050, RTA 2:01:05.118-2:01:05.150
Tick 32863(32767), Delay 60 ms, IGT 27:17.200, RTA 2:01:05.251-2:01:05.311
Tick 32864(32768), Delay 40 ms, IGT 27:17.250, RTA 2:01:05.311-2:01:05.351
Tick 32865(32769), Delay 60 ms, IGT 27:17.300, RTA 2:01:05.351-2:01:05.411
Tick 32866(32770), Delay 32 ms, IGT 27:17.350, RTA 2:01:05.411-2:01:05.443
Tick 32867(32771), Delay 60 ms, IGT 27:17.400, RTA 2:01:05.443-2:01:05.503
Tick 32868(32772), Delay 61 ms, IGT 27:17.450, RTA 2:01:05.503-2:01:05.564
Tick 32869(32773), Delay 36 ms, IGT 27:17.500, RTA 2:01:05.564-2:01:05.600
Tick 32877(32781), Delay 61 ms, IGT 27:17.900, RTA 2:01:05.951-2:01:06.012
Tick 32878(32782), Delay 31 ms, IGT 27:17.950, RTA 2:01:06.012-2:01:06.043
Tick 32879(32783), Delay 58 ms, IGT 27:18.000, RTA 2:01:06.043-2:01:06.101
Tick 32880(32784), Delay 62 ms, IGT 27:18.050, RTA 2:01:06.101-2:01:06.163
Tick 32881(32785), Delay 30 ms, IGT 27:18.100, RTA 2:01:06.163-2:01:06.193
Tick 32882(32786), Delay 59 ms, IGT 27:18.150, RTA 2:01:06.193-2:01:06.252
Tick 32884(32788), Delay 61 ms, IGT 27:18.250, RTA 2:01:06.302-2:01:06.363
Tick 32885(32789), Delay 40 ms, IGT 27:18.300, RTA 2:01:06.363-2:01:06.403
Tick 32886(32790), Delay 61 ms, IGT 27:18.350, RTA 2:01:06.403-2:01:06.464
Tick 32887(32791), Delay 31 ms, IGT 27:18.400, RTA 2:01:06.464-2:01:06.495
Tick 32888(32792), Delay 56 ms, IGT 27:18.450, RTA 2:01:06.495-2:01:06.551
Tick 32896(32800), Delay 61 ms, IGT 27:18.850, RTA 2:01:06.902-2:01:06.963
Tick 32897(32801), Delay 38 ms, IGT 27:18.900, RTA 2:01:06.963-2:01:07.001
Tick 32898(32802), Delay 61 ms, IGT 27:18.950, RTA 2:01:07.001-2:01:07.062
Tick 32899(32803), Delay 34 ms, IGT 27:19.000, RTA 2:01:07.062-2:01:07.096
Tick 32900(32804), Delay 56 ms, IGT 27:19.050, RTA 2:01:07.096-2:01:07.152
Tick 32901(32805), Delay 62 ms, IGT 27:19.100, RTA 2:01:07.152-2:01:07.214
Tick 32902(32806), Delay 30 ms, IGT 27:19.150, RTA 2:01:07.214-2:01:07.244
Tick 32903(32807), Delay 57 ms, IGT 27:19.200, RTA 2:01:07.244-2:01:07.301
Tick 32904(32808), Delay 62 ms, IGT 27:19.250, RTA 2:01:07.301-2:01:07.363
Tick 32905(32809), Delay 31 ms, IGT 27:19.300, RTA 2:01:07.363-2:01:07.394
Tick 32906(32810), Delay 58 ms, IGT 27:19.350, RTA 2:01:07.394-2:01:07.452
Tick 32907(32811), Delay 61 ms, IGT 27:19.400, RTA 2:01:07.452-2:01:07.513
Tick 32908(32812), Delay 31 ms, IGT 27:19.450, RTA 2:01:07.513-2:01:07.544
Tick 32909(32813), Delay 59 ms, IGT 27:19.500, RTA 2:01:07.544-2:01:07.603
Tick 32916(32820), Delay 61 ms, IGT 27:19.850, RTA 2:01:07.901-2:01:07.962
Tick 32917(32821), Delay 31 ms, IGT 27:19.900, RTA 2:01:07.962-2:01:07.993
Tick 32918(32822), Delay 59 ms, IGT 27:19.950, RTA 2:01:07.993-2:01:08.052
Tick 32919(32823), Delay 65 ms, IGT 27:20.000, RTA 2:01:08.052-2:01:08.117
Tick 32920(32824), Delay 30 ms, IGT 27:20.050, RTA 2:01:08.117-2:01:08.147
Tick 32921(32825), Delay 55 ms, IGT 27:20.100, RTA 2:01:08.147-2:01:08.202
Tick 32922(32826), Delay 61 ms, IGT 27:20.150, RTA 2:01:08.202-2:01:08.263
Tick 32923(32827), Delay 30 ms, IGT 27:20.200, RTA 2:01:08.263-2:01:08.293
Tick 32924(32828), Delay 57 ms, IGT 27:20.250, RTA 2:01:08.293-2:01:08.350
Tick 32925(32829), Delay 61 ms, IGT 27:20.300, RTA 2:01:08.350-2:01:08.411
Tick 32926(32830), Delay 30 ms, IGT 27:20.350, RTA 2:01:08.411-2:01:08.441
Tick 32927(32831), Delay 61 ms, IGT 27:20.400, RTA 2:01:08.441-2:01:08.502
Tick 32928(32832), Delay 61 ms, IGT 27:20.450, RTA 2:01:08.502-2:01:08.563
Tick 32929(32833), Delay 37 ms, IGT 27:20.500, RTA 2:01:08.563-2:01:08.600
Tick 32937(32841), Delay 61 ms, IGT 27:20.900, RTA 2:01:08.952-2:01:09.013
Tick 32938(32842), Delay 30 ms, IGT 27:20.950, RTA 2:01:09.013-2:01:09.043
Tick 32939(32843), Delay 58 ms, IGT 27:21.000, RTA 2:01:09.043-2:01:09.101
Tick 32940(32844), Delay 64 ms, IGT 27:21.050, RTA 2:01:09.101-2:01:09.165
Tick 32941(32845), Delay 32 ms, IGT 27:21.100, RTA 2:01:09.165-2:01:09.197
Tick 32942(32846), Delay 56 ms, IGT 27:21.150, RTA 2:01:09.197-2:01:09.253
Tick 32943(32847), Delay 61 ms, IGT 27:21.200, RTA 2:01:09.253-2:01:09.314
Tick 32944(32848), Delay 31 ms, IGT 27:21.250, RTA 2:01:09.314-2:01:09.345
Tick 32945(32849), Delay 60 ms, IGT 27:21.300, RTA 2:01:09.345-2:01:09.405
Tick 32946(32850), Delay 65 ms, IGT 27:21.350, RTA 2:01:09.405-2:01:09.470
Tick 32947(32851), Delay 37 ms, IGT 27:21.400, RTA 2:01:09.470-2:01:09.507
Tick 32948(32852), Delay 45 ms, IGT 27:21.450, RTA 2:01:09.507-2:01:09.552
Tick 32956(32860), Delay 62 ms, IGT 27:21.850, RTA 2:01:09.904-2:01:09.966
Tick 32957(32861), Delay 37 ms, IGT 27:21.900, RTA 2:01:09.966-2:01:10.003
Tick 32958(32862), Delay 62 ms, IGT 27:21.950, RTA 2:01:10.003-2:01:10.065
Tick 32959(32863), Delay 31 ms, IGT 27:22.000, RTA 2:01:10.065-2:01:10.096
Tick 32960(32864), Delay 59 ms, IGT 27:22.050, RTA 2:01:10.096-2:01:10.155
Tick 32961(32865), Delay 62 ms, IGT 27:22.100, RTA 2:01:10.155-2:01:10.217
Tick 32962(32866), Delay 31 ms, IGT 27:22.150, RTA 2:01:10.217-2:01:10.248
Tick 32964(32868), Delay 61 ms, IGT 27:22.250, RTA 2:01:10.302-2:01:10.363
Tick 32965(32869), Delay 32 ms, IGT 27:22.300, RTA 2:01:10.363-2:01:10.395
Tick 32966(32870), Delay 56 ms, IGT 27:22.350, RTA 2:01:10.395-2:01:10.451
Tick 32967(32871), Delay 61 ms, IGT 27:22.400, RTA 2:01:10.451-2:01:10.512
Tick 32968(32872), Delay 31 ms, IGT 27:22.450, RTA 2:01:10.512-2:01:10.543
Tick 32969(32873), Delay 58 ms, IGT 27:22.500, RTA 2:01:10.543-2:01:10.601
Tick 32976(32880), Delay 62 ms, IGT 27:22.850, RTA 2:01:10.902-2:01:10.964
Tick 32977(32881), Delay 32 ms, IGT 27:22.900, RTA 2:01:10.964-2:01:10.996
Tick 32978(32882), Delay 57 ms, IGT 27:22.950, RTA 2:01:10.996-2:01:11.053
Tick 32979(32883), Delay 60 ms, IGT 27:23.000, RTA 2:01:11.053-2:01:11.113
Tick 32980(32884), Delay 31 ms, IGT 27:23.050, RTA 2:01:11.113-2:01:11.144
Tick 32981(32885), Delay 58 ms, IGT 27:23.100, RTA 2:01:11.144-2:01:11.202
Tick 32982(32886), Delay 61 ms, IGT 27:23.150, RTA 2:01:11.202-2:01:11.263
Tick 32983(32887), Delay 30 ms, IGT 27:23.200, RTA 2:01:11.263-2:01:11.293
Tick 32984(32888), Delay 59 ms, IGT 27:23.250, RTA 2:01:11.293-2:01:11.352
Tick 32985(32889), Delay 61 ms, IGT 27:23.300, RTA 2:01:11.352-2:01:11.413
Tick 32986(32890), Delay 30 ms, IGT 27:23.350, RTA 2:01:11.413-2:01:11.443
Tick 32987(32891), Delay 59 ms, IGT 27:23.400, RTA 2:01:11.443-2:01:11.502
Tick 32988(32892), Delay 62 ms, IGT 27:23.450, RTA 2:01:11.502-2:01:11.564
Tick 32989(32893), Delay 36 ms, IGT 27:23.500, RTA 2:01:11.564-2:01:11.600
Tick 32997(32901), Delay 60 ms, IGT 27:23.900, RTA 2:01:11.952-2:01:12.012
Tick 32998(32902), Delay 31 ms, IGT 27:23.950, RTA 2:01:12.012-2:01:12.043
Tick 32999(32903), Delay 59 ms, IGT 27:24.000, RTA 2:01:12.043-2:01:12.102
Tick 33000(32904), Delay 61 ms, IGT 27:24.050, RTA 2:01:12.102-2:01:12.163
Tick 33001(32905), Delay 36 ms, IGT 27:24.100, RTA 2:01:12.163-2:01:12.199
Tick 33003(32907), Delay 61 ms, IGT 27:24.200, RTA 2:01:12.253-2:01:12.314
Tick 33004(32908), Delay 38 ms, IGT 27:24.250, RTA 2:01:12.314-2:01:12.352
Tick 33006(32910), Delay 60 ms, IGT 27:24.350, RTA 2:01:12.402-2:01:12.462
Tick 33007(32911), Delay 39 ms, IGT 27:24.400, RTA 2:01:12.462-2:01:12.501
Tick 33016(32920), Delay 61 ms, IGT 27:24.850, RTA 2:01:12.901-2:01:12.962
Tick 33017(32921), Delay 39 ms, IGT 27:24.900, RTA 2:01:12.962-2:01:13.001
Tick 33018(32922), Delay 62 ms, IGT 27:24.950, RTA 2:01:13.001-2:01:13.063
Tick 33019(32923), Delay 31 ms, IGT 27:25.000, RTA 2:01:13.063-2:01:13.094
Tick 33020(32924), Delay 57 ms, IGT 27:25.050, RTA 2:01:13.094-2:01:13.151
Tick 33021(32925), Delay 64 ms, IGT 27:25.100, RTA 2:01:13.151-2:01:13.215
Tick 33022(32926), Delay 32 ms, IGT 27:25.150, RTA 2:01:13.215-2:01:13.247
Tick 33023(32927), Delay 55 ms, IGT 27:25.200, RTA 2:01:13.247-2:01:13.302
Tick 33024(32928), Delay 61 ms, IGT 27:25.250, RTA 2:01:13.302-2:01:13.363
Tick 33025(32929), Delay 30 ms, IGT 27:25.300, RTA 2:01:13.363-2:01:13.393
Tick 33026(32930), Delay 59 ms, IGT 27:25.350, RTA 2:01:13.393-2:01:13.452
Tick 33027(32931), Delay 61 ms, IGT 27:25.400, RTA 2:01:13.452-2:01:13.513
Tick 33028(32932), Delay 31 ms, IGT 27:25.450, RTA 2:01:13.513-2:01:13.544
Tick 33029(32933), Delay 59 ms, IGT 27:25.500, RTA 2:01:13.544-2:01:13.603
Tick 33036(32940), Delay 61 ms, IGT 27:25.850, RTA 2:01:13.902-2:01:13.963
Tick 33037(32941), Delay 31 ms, IGT 27:25.900, RTA 2:01:13.963-2:01:13.994
Tick 33038(32942), Delay 58 ms, IGT 27:25.950, RTA 2:01:13.994-2:01:14.052
Tick 33039(32943), Delay 61 ms, IGT 27:26.000, RTA 2:01:14.052-2:01:14.113
Tick 33040(32944), Delay 31 ms, IGT 27:26.050, RTA 2:01:14.113-2:01:14.144
Tick 33041(32945), Delay 56 ms, IGT 27:26.100, RTA 2:01:14.144-2:01:14.200
Tick 33042(32946), Delay 67 ms, IGT 27:26.150, RTA 2:01:14.200-2:01:14.267
Tick 33043(32947), Delay 31 ms, IGT 27:26.200, RTA 2:01:14.267-2:01:14.298
Tick 33046(32950), Delay 62 ms, IGT 27:26.350, RTA 2:01:14.401-2:01:14.463
Tick 33047(32951), Delay 40 ms, IGT 27:26.400, RTA 2:01:14.463-2:01:14.503
Tick 33048(32952), Delay 62 ms, IGT 27:26.450, RTA 2:01:14.503-2:01:14.565
Tick 33049(32953), Delay 35 ms, IGT 27:26.500, RTA 2:01:14.565-2:01:14.600
Tick 33057(32961), Delay 61 ms, IGT 27:26.900, RTA 2:01:14.951-2:01:15.012
Tick 33058(32962), Delay 30 ms, IGT 27:26.950, RTA 2:01:15.012-2:01:15.042
Tick 33059(32963), Delay 60 ms, IGT 27:27.000, RTA 2:01:15.042-2:01:15.102
Tick 33061(32965), Delay 60 ms, IGT 27:27.100, RTA 2:01:15.152-2:01:15.212
Tick 33062(32966), Delay 40 ms, IGT 27:27.150, RTA 2:01:15.212-2:01:15.252
Tick 33063(32967), Delay 63 ms, IGT 27:27.200, RTA 2:01:15.252-2:01:15.315
Tick 33064(32968), Delay 31 ms, IGT 27:27.250, RTA 2:01:15.315-2:01:15.346
Tick 33065(32969), Delay 56 ms, IGT 27:27.300, RTA 2:01:15.346-2:01:15.402
Tick 33066(32970), Delay 61 ms, IGT 27:27.350, RTA 2:01:15.402-2:01:15.463
Tick 33067(32971), Delay 31 ms, IGT 27:27.400, RTA 2:01:15.463-2:01:15.494
Tick 33068(32972), Delay 58 ms, IGT 27:27.450, RTA 2:01:15.494-2:01:15.552
Tick 33076(32980), Delay 62 ms, IGT 27:27.850, RTA 2:01:15.900-2:01:15.962
Tick 33077(32981), Delay 40 ms, IGT 27:27.900, RTA 2:01:15.962-2:01:16.002
Tick 33079(32983), Delay 62 ms, IGT 27:28.000, RTA 2:01:16.053-2:01:16.115
Tick 33080(32984), Delay 36 ms, IGT 27:28.050, RTA 2:01:16.115-2:01:16.151
Tick 33081(32985), Delay 61 ms, IGT 27:28.100, RTA 2:01:16.151-2:01:16.212
Tick 33082(32986), Delay 34 ms, IGT 27:28.150, RTA 2:01:16.212-2:01:16.246
Tick 33083(32987), Delay 56 ms, IGT 27:28.200, RTA 2:01:16.246-2:01:16.302
Tick 33084(32988), Delay 61 ms, IGT 27:28.250, RTA 2:01:16.302-2:01:16.363
Tick 33085(32989), Delay 32 ms, IGT 27:28.300, RTA 2:01:16.363-2:01:16.395
Tick 33086(32990), Delay 57 ms, IGT 27:28.350, RTA 2:01:16.395-2:01:16.452
Tick 33087(32991), Delay 61 ms, IGT 27:28.400, RTA 2:01:16.452-2:01:16.513
Tick 33088(32992), Delay 38 ms, IGT 27:28.450, RTA 2:01:16.513-2:01:16.551
Tick 33100(33004), Delay 61 ms, IGT 27:29.050, RTA 2:01:17.102-2:01:17.163
Tick 33101(33005), Delay 39 ms, IGT 27:29.100, RTA 2:01:17.163-2:01:17.202
Tick 33102(33006), Delay 65 ms, IGT 27:29.150, RTA 2:01:17.202-2:01:17.267
Tick 33103(33007), Delay 31 ms, IGT 27:29.200, RTA 2:01:17.267-2:01:17.298
Tick 33105(33009), Delay 62 ms, IGT 27:29.300, RTA 2:01:17.352-2:01:17.414
Tick 33106(33010), Delay 30 ms, IGT 27:29.350, RTA 2:01:17.414-2:01:17.444
Tick 33107(33011), Delay 58 ms, IGT 27:29.400, RTA 2:01:17.444-2:01:17.502
Tick 33108(33012), Delay 61 ms, IGT 27:29.450, RTA 2:01:17.502-2:01:17.563
Tick 33109(33013), Delay 40 ms, IGT 27:29.500, RTA 2:01:17.563-2:01:17.603
Tick 33117(33021), Delay 62 ms, IGT 27:29.900, RTA 2:01:17.952-2:01:18.014
Tick 33118(33022), Delay 30 ms, IGT 27:29.950, RTA 2:01:18.014-2:01:18.044
Tick 33119(33023), Delay 58 ms, IGT 27:30.000, RTA 2:01:18.044-2:01:18.102
Tick 33120(33024), Delay 62 ms, IGT 27:30.050, RTA 2:01:18.102-2:01:18.164
Tick 33121(33025), Delay 38 ms, IGT 27:30.100, RTA 2:01:18.164-2:01:18.202
Tick 33123(33027), Delay 65 ms, IGT 27:30.200, RTA 2:01:18.252-2:01:18.317
Tick 33124(33028), Delay 31 ms, IGT 27:30.250, RTA 2:01:18.317-2:01:18.348
Tick 33126(33030), Delay 61 ms, IGT 27:30.350, RTA 2:01:18.402-2:01:18.463
Tick 33127(33031), Delay 32 ms, IGT 27:30.400, RTA 2:01:18.463-2:01:18.495
Tick 33128(33032), Delay 56 ms, IGT 27:30.450, RTA 2:01:18.495-2:01:18.551
Tick 33135(33039), Delay 44 ms, IGT 27:30.800, RTA 2:01:18.853-2:01:18.897
Tick 33139(33043), Delay 59 ms, IGT 27:31.000, RTA 2:01:19.042-2:01:19.101
Tick 33140(33044), Delay 43 ms, IGT 27:31.050, RTA 2:01:19.101-2:01:19.144
Tick 33509(33413), Delay 57 ms, IGT 27:49.500, RTA 2:01:37.540-2:01:37.597
Tick 33510(33414), Delay 45 ms, IGT 27:49.550, RTA 2:01:37.597-2:01:37.642
Tick 33512(33416), Delay 45 ms, IGT 27:49.650, RTA 2:01:37.695-2:01:37.740
Tick 33540(33444), Delay 45 ms, IGT 27:51.050, RTA 2:01:39.095-2:01:39.140
Tick 33553(33457), Delay 45 ms, IGT 27:51.700, RTA 2:01:39.745-2:01:39.790
Tick 33631(33535), Delay 55 ms, IGT 27:55.600, RTA 2:01:43.640-2:01:43.695
Tick 33788(33692), Delay 55 ms, IGT 28:03.450, RTA 2:01:51.490-2:01:51.545
Tick 33789(33693), Delay 45 ms, IGT 28:03.500, RTA 2:01:51.545-2:01:51.590
Tick 33961(33865), Delay 55 ms, IGT 28:12.100, RTA 2:02:00.140-2:02:00.195
Tick 34023(33927), Delay 55 ms, IGT 28:15.200, RTA 2:02:03.240-2:02:03.295
Tick 34056(33960), Delay 55 ms, IGT 28:16.850, RTA 2:02:04.890-2:02:04.945
Tick 34087(33991), Delay 56 ms, IGT 28:18.400, RTA 2:02:06.443-2:02:06.499
Tick 34088(33992), Delay 43 ms, IGT 28:18.450, RTA 2:02:06.499-2:02:06.542
Tick 34100(34004), Delay 3364 ms, IGT 28:19.050, RTA 2:02:07.092-2:02:10.456
Tick 34134(34038), Delay 55 ms, IGT 28:20.750, RTA 2:02:12.105-2:02:12.160
Tick 34146(34050), Delay 55 ms, IGT 28:21.350, RTA 2:02:12.706-2:02:12.761
Tick 34152(34056), Delay 45 ms, IGT 28:21.650, RTA 2:02:13.012-2:02:13.057
Tick 34593(34497), Delay 45 ms, IGT 28:43.700, RTA 2:02:35.060-2:02:35.105
Tick 34615(34519), Delay 45 ms, IGT 28:44.800, RTA 2:02:36.160-2:02:36.205
Tick 34771(34675), Delay 58 ms, IGT 28:52.600, RTA 2:02:43.956-2:02:44.014
Tick 34772(34676), Delay 43 ms, IGT 28:52.650, RTA 2:02:44.014-2:02:44.057
Tick 35066(34970), Delay 630 ms, IGT 29:07.350, RTA 2:02:58.708-2:02:59.338
Tick 35122(35026), Delay 55 ms, IGT 29:10.150, RTA 2:03:02.085-2:03:02.140
Tick 35131(35035), Delay 55 ms, IGT 29:10.600, RTA 2:03:02.535-2:03:02.590
Tick 35233(35137), Delay 45 ms, IGT 29:15.700, RTA 2:03:07.643-2:03:07.688
Tick 35235(35139), Delay 55 ms, IGT 29:15.800, RTA 2:03:07.736-2:03:07.791
Tick 35236(35140), Delay 1367 ms, IGT 29:15.850, RTA 2:03:07.791-2:03:09.158
Tick 35417(35321), Delay 45 ms, IGT 29:24.900, RTA 2:03:18.163-2:03:18.208
Tick 35434(35338), Delay 59 ms, IGT 29:25.750, RTA 2:03:19.007-2:03:19.066
Tick 35435(35339), Delay 44 ms, IGT 29:25.800, RTA 2:03:19.066-2:03:19.110
Tick 35641(35545), Delay 45 ms, IGT 29:36.100, RTA 2:03:29.362-2:03:29.407
Tick 35817(35721), Delay 44 ms, IGT 29:44.900, RTA 2:03:38.163-2:03:38.207
Tick 35823(35727), Delay 55 ms, IGT 29:45.200, RTA 2:03:38.458-2:03:38.513
Tick 35861(35765), Delay 45 ms, IGT 29:47.100, RTA 2:03:40.362-2:03:40.407
Tick 35871(35775), Delay 56 ms, IGT 29:47.600, RTA 2:03:40.858-2:03:40.914
Tick 35874(35778), Delay 45 ms, IGT 29:47.750, RTA 2:03:41.013-2:03:41.058
Tick 35895(35799), Delay 55 ms, IGT 29:48.800, RTA 2:03:42.057-2:03:42.112
Tick 35900(35804), Delay 55 ms, IGT 29:49.050, RTA 2:03:42.307-2:03:42.362
Tick 35957(35861), Delay 56 ms, IGT 29:51.900, RTA 2:03:45.157-2:03:45.213
Tick 35960(35864), Delay 44 ms, IGT 29:52.050, RTA 2:03:45.313-2:03:45.357
Tick 35999(35903), Delay 55 ms, IGT 29:54.000, RTA 2:03:47.259-2:03:47.314
Tick 36000(35904), Delay 45 ms, IGT 29:54.050, RTA 2:03:47.314-2:03:47.359
Tick 36045(35949), Delay 55 ms, IGT 29:56.300, RTA 2:03:49.557-2:03:49.612
Tick 36050(35954), Delay 56 ms, IGT 29:56.550, RTA 2:03:49.807-2:03:49.863
Tick 36098(36002), Delay 45 ms, IGT 29:58.950, RTA 2:03:52.214-2:03:52.259
Tick 36157(36061), Delay 45 ms, IGT 30:01.900, RTA 2:03:55.162-2:03:55.207
Tick 36242(36146), Delay 45 ms, IGT 30:06.150, RTA 2:03:59.412-2:03:59.457
Tick 36464(36368), Delay 45 ms, IGT 30:17.250, RTA 2:04:10.513-2:04:10.558
Tick 36563(36467), Delay 1087 ms, IGT 30:22.200, RTA 2:04:15.460-2:04:16.547
Tick 36626(36530), Delay 57 ms, IGT 30:25.350, RTA 2:04:19.646-2:04:19.703
Tick 36649(36553), Delay 45 ms, IGT 30:26.500, RTA 2:04:20.802-2:04:20.847
Tick 36686(36590), Delay 55 ms, IGT 30:28.350, RTA 2:04:22.647-2:04:22.702
Tick 36687(36591), Delay 43 ms, IGT 30:28.400, RTA 2:04:22.702-2:04:22.745
Tick 36688(36592), Delay 55 ms, IGT 30:28.450, RTA 2:04:22.745-2:04:22.800
Tick 36720(36624), Delay 6347 ms, IGT 30:30.050, RTA 2:04:24.349-2:04:30.696
Tick 36835(36739), Delay 55 ms, IGT 30:35.800, RTA 2:04:36.395-2:04:36.450
Tick 36836(36740), Delay 44 ms, IGT 30:35.850, RTA 2:04:36.450-2:04:36.494
Tick 36874(36778), Delay 55 ms, IGT 30:37.750, RTA 2:04:38.345-2:04:38.400
Tick 36889(36793), Delay 56 ms, IGT 30:38.500, RTA 2:04:39.093-2:04:39.149
Tick 36890(36794), Delay 45 ms, IGT 30:38.550, RTA 2:04:39.149-2:04:39.194
Tick 36978(36882), Delay 45 ms, IGT 30:42.950, RTA 2:04:43.549-2:04:43.594
Tick 37115(37019), Delay 45 ms, IGT 30:49.800, RTA 2:04:50.400-2:04:50.445
Tick 37149(37053), Delay 2918 ms, IGT 30:51.500, RTA 2:04:52.096-2:04:55.014
Tick 37208(37112), Delay 56 ms, IGT 30:54.450, RTA 2:04:57.914-2:04:57.970
Tick 37209(37113), Delay 44 ms, IGT 30:54.500, RTA 2:04:57.970-2:04:58.014
Tick 37295(37199), Delay 55 ms, IGT 30:58.800, RTA 2:05:02.265-2:05:02.320
Tick 37296(37200), Delay 44 ms, IGT 30:58.850, RTA 2:05:02.320-2:05:02.364
Tick 37395(37299), Delay 55 ms, IGT 31:03.800, RTA 2:05:07.264-2:05:07.319
Tick 37459(37363), Delay 56 ms, IGT 31:07.000, RTA 2:05:10.463-2:05:10.519
Tick 37462(37366), Delay 55 ms, IGT 31:07.150, RTA 2:05:10.615-2:05:10.670
Tick 37495(37399), Delay 55 ms, IGT 31:08.800, RTA 2:05:12.266-2:05:12.321
Tick 37496(37400), Delay 43 ms, IGT 31:08.850, RTA 2:05:12.321-2:05:12.364
Tick 37600(37504), Delay 45 ms, IGT 31:14.050, RTA 2:05:17.519-2:05:17.564
Tick 37692(37596), Delay 57 ms, IGT 31:18.650, RTA 2:05:22.113-2:05:22.170
Tick 37693(37597), Delay 45 ms, IGT 31:18.700, RTA 2:05:22.170-2:05:22.215
Tick 37754(37658), Delay 45 ms, IGT 31:21.750, RTA 2:05:25.219-2:05:25.264
Tick 38061(37965), Delay 45 ms, IGT 31:37.100, RTA 2:05:40.568-2:05:40.613
Tick 38189(38093), Delay 56 ms, IGT 31:43.500, RTA 2:05:46.963-2:05:47.019
Tick 38190(38094), Delay 45 ms, IGT 31:43.550, RTA 2:05:47.019-2:05:47.064
Tick 38445(38349), Delay 12125 ms, IGT 31:56.300, RTA 2:05:59.767-2:06:11.892
Tick 38630(38534), Delay 7291 ms, IGT 32:05.550, RTA 2:06:21.095-2:06:28.386
Tick 38685(38589), Delay 56 ms, IGT 32:08.300, RTA 2:06:31.085-2:06:31.141
Tick 38686(38590), Delay 44 ms, IGT 32:08.350, RTA 2:06:31.141-2:06:31.185
Tick 38733(38637), Delay 44 ms, IGT 32:10.700, RTA 2:06:33.491-2:06:33.535
Tick 38907(38811), Delay 55 ms, IGT 32:19.400, RTA 2:06:42.185-2:06:42.240
Tick 38919(38823), Delay 142922 ms, IGT 32:20.000, RTA 2:06:42.785-2:09:05.707
Tick 38932(38836), Delay 56 ms, IGT 32:20.650, RTA 2:09:06.305-2:09:06.361
Tick 38933(38837), Delay 43 ms, IGT 32:20.700, RTA 2:09:06.361-2:09:06.404
Tick 39069(38973), Delay 56 ms, IGT 32:27.500, RTA 2:09:13.157-2:09:13.213
Tick 39070(38974), Delay 44 ms, IGT 32:27.550, RTA 2:09:13.213-2:09:13.257
Tick 39129(39033), Delay 45 ms, IGT 32:30.500, RTA 2:09:16.160-2:09:16.205
Tick 39133(39037), Delay 56 ms, IGT 32:30.700, RTA 2:09:16.355-2:09:16.411
Tick 39134(39038), Delay 43 ms, IGT 32:30.750, RTA 2:09:16.411-2:09:16.454
Tick 39294(39198), Delay 87076 ms, IGT 32:38.750, RTA 2:09:24.405-2:10:51.481
Tick 39434(39338), Delay 55 ms, IGT 32:45.750, RTA 2:10:58.431-2:10:58.486
Tick 39496(39400), Delay 45 ms, IGT 32:48.850, RTA 2:11:01.536-2:11:01.581
Tick 39594(39498), Delay 4526 ms, IGT 32:53.750, RTA 2:11:06.432-2:11:10.958
Tick 39798(39702), Delay 55 ms, IGT 33:03.950, RTA 2:11:21.108-2:11:21.163
Tick 39799(39703), Delay 45 ms, IGT 33:04.000, RTA 2:11:21.163-2:11:21.208
Tick 39905(39809), Delay 45 ms, IGT 33:09.300, RTA 2:11:26.462-2:11:26.507
Tick 39979(39883), Delay 143 ms, IGT 33:13.000, RTA 2:11:30.159-2:11:30.302
Tick 39980(39884), Delay 1 ms, IGT 33:13.050, RTA 2:11:30.302-2:11:30.303
Tick 39981(39885), Delay 6 ms, IGT 33:13.100, RTA 2:11:30.303-2:11:30.309
Tick 40027(39931), Delay 139 ms, IGT 33:15.400, RTA 2:11:32.559-2:11:32.698
Tick 40028(39932), Delay 1 ms, IGT 33:15.450, RTA 2:11:32.698-2:11:32.699
Tick 40029(39933), Delay 10 ms, IGT 33:15.500, RTA 2:11:32.699-2:11:32.709
Tick 40069(39973), Delay 132 ms, IGT 33:17.500, RTA 2:11:34.657-2:11:34.789
Tick 40070(39974), Delay 0 ms, IGT 33:17.550, RTA 2:11:34.789-2:11:34.789
Tick 40071(39975), Delay 20 ms, IGT 33:17.600, RTA 2:11:34.789-2:11:34.809
Tick 40107(40011), Delay 45 ms, IGT 33:19.400, RTA 2:11:36.563-2:11:36.608
Tick 40255(40159), Delay 63 ms, IGT 33:26.800, RTA 2:11:43.960-2:11:44.023
Tick 40256(40160), Delay 38 ms, IGT 33:26.850, RTA 2:11:44.023-2:11:44.061
Tick 41049(40953), Delay 56 ms, IGT 34:06.500, RTA 2:12:23.658-2:12:23.714
Tick 41242(41146), Delay 56 ms, IGT 34:16.150, RTA 2:12:33.308-2:12:33.364
Tick 41243(41147), Delay 44 ms, IGT 34:16.200, RTA 2:12:33.364-2:12:33.408
Tick 41867(41771), Delay 45 ms, IGT 34:47.400, RTA 2:13:04.562-2:13:04.607
Tick 41989(41893), Delay 57 ms, IGT 34:53.500, RTA 2:13:10.656-2:13:10.713
Tick 41990(41894), Delay 44 ms, IGT 34:53.550, RTA 2:13:10.713-2:13:10.757
Tick 42430(42334), Delay 56 ms, IGT 35:15.550, RTA 2:13:32.707-2:13:32.763
Tick 42431(42335), Delay 45 ms, IGT 35:15.600, RTA 2:13:32.763-2:13:32.808
Tick 42639(42543), Delay 56 ms, IGT 35:26.000, RTA 2:13:43.158-2:13:43.214
Tick 42640(42544), Delay 45 ms, IGT 35:26.050, RTA 2:13:43.214-2:13:43.259
Tick 42776(42680), Delay 57 ms, IGT 35:32.850, RTA 2:13:50.007-2:13:50.064
Tick 42777(42681), Delay 45 ms, IGT 35:32.900, RTA 2:13:50.064-2:13:50.109
Tick 42805(42709), Delay 45 ms, IGT 35:34.300, RTA 2:13:51.463-2:13:51.508
Tick 42856(42760), Delay 67 ms, IGT 35:36.850, RTA 2:13:54.007-2:13:54.074
Tick 42857(42761), Delay 34 ms, IGT 35:36.900, RTA 2:13:54.074-2:13:54.108
Tick 43124(43028), Delay 55 ms, IGT 35:50.250, RTA 2:14:07.406-2:14:07.461
Tick 43348(43252), Delay 62 ms, IGT 36:01.450, RTA 2:14:18.609-2:14:18.671
Tick 43349(43253), Delay 38 ms, IGT 36:01.500, RTA 2:14:18.671-2:14:18.709
Tick 44539(44443), Delay 45 ms, IGT 37:01.000, RTA 2:15:18.163-2:15:18.208
Tick 44979(44883), Delay 60 ms, IGT 37:23.000, RTA 2:15:40.158-2:15:40.218
Tick 44980(44884), Delay 39 ms, IGT 37:23.050, RTA 2:15:40.218-2:15:40.257
Tick 45180(45084), Delay 76 ms, IGT 37:33.050, RTA 2:15:50.209-2:15:50.285
Tick 45181(45085), Delay 33 ms, IGT 37:33.100, RTA 2:15:50.285-2:15:50.318
Tick 45182(45086), Delay 61 ms, IGT 37:33.150, RTA 2:15:50.318-2:15:50.379
Tick 45183(45087), Delay 30 ms, IGT 37:33.200, RTA 2:15:50.379-2:15:50.409
Tick 45184(45088), Delay 62 ms, IGT 37:33.250, RTA 2:15:50.409-2:15:50.471
Tick 45185(45089), Delay 62 ms, IGT 37:33.300, RTA 2:15:50.471-2:15:50.533
Tick 45186(45090), Delay 30 ms, IGT 37:33.350, RTA 2:15:50.533-2:15:50.563
Tick 45389(45293), Delay 11097 ms, IGT 37:43.500, RTA 2:16:00.658-2:16:11.755
Tick 45477(45381), Delay 3959 ms, IGT 37:47.900, RTA 2:16:16.104-2:16:20.063
Tick 45544(45448), Delay 29523 ms, IGT 37:51.250, RTA 2:16:23.361-2:16:52.884
Tick 45589(45493), Delay 45 ms, IGT 37:53.500, RTA 2:16:55.087-2:16:55.132
Tick 46080(45984), Delay 66847 ms, IGT 38:18.050, RTA 2:17:19.634-2:18:26.481
Tick 46144(46048), Delay 3479 ms, IGT 38:21.250, RTA 2:18:29.630-2:18:33.109
Tick 46450(46354), Delay 55 ms, IGT 38:36.550, RTA 2:18:48.358-2:18:48.413
Tick 46451(46355), Delay 45 ms, IGT 38:36.600, RTA 2:18:48.413-2:18:48.458
Tick 46475(46379), Delay 45 ms, IGT 38:37.800, RTA 2:18:49.612-2:18:49.657
Tick 46485(46389), Delay 55 ms, IGT 38:38.300, RTA 2:18:50.108-2:18:50.163
Tick 47691(47595), Delay 98 ms, IGT 39:38.600, RTA 2:19:50.410-2:19:50.508
Tick 47692(47596), Delay 1 ms, IGT 39:38.650, RTA 2:19:50.508-2:19:50.509
Tick 47732(47636), Delay 44 ms, IGT 39:40.650, RTA 2:19:52.463-2:19:52.507
Tick 47733(47637), Delay 55 ms, IGT 39:40.700, RTA 2:19:52.507-2:19:52.562
Tick 47879(47783), Delay 55 ms, IGT 39:48.000, RTA 2:19:59.808-2:19:59.863
Tick 47880(47784), Delay 44 ms, IGT 39:48.050, RTA 2:19:59.863-2:19:59.907
Tick 47931(47835), Delay 56 ms, IGT 39:50.600, RTA 2:20:02.410-2:20:02.466
Tick 47932(47836), Delay 44 ms, IGT 39:50.650, RTA 2:20:02.466-2:20:02.510
Tick 48030(47934), Delay 125 ms, IGT 39:55.550, RTA 2:20:07.357-2:20:07.482
Tick 48031(47935), Delay 1 ms, IGT 39:55.600, RTA 2:20:07.482-2:20:07.483
Tick 48032(47936), Delay 26 ms, IGT 39:55.650, RTA 2:20:07.483-2:20:07.509
Tick 48060(47964), Delay 104 ms, IGT 39:57.050, RTA 2:20:08.857-2:20:08.961
Tick 48061(47965), Delay 1 ms, IGT 39:57.100, RTA 2:20:08.961-2:20:08.962
Tick 48062(47966), Delay 45 ms, IGT 39:57.150, RTA 2:20:08.962-2:20:09.007
Tick 48073(47977), Delay 124 ms, IGT 39:57.700, RTA 2:20:09.510-2:20:09.634
Tick 48074(47978), Delay 1 ms, IGT 39:57.750, RTA 2:20:09.634-2:20:09.635
Tick 48075(47979), Delay 25 ms, IGT 39:57.800, RTA 2:20:09.635-2:20:09.660
Tick 48107(48011), Delay 55 ms, IGT 39:59.400, RTA 2:20:11.207-2:20:11.262
Tick 48108(48012), Delay 45 ms, IGT 39:59.450, RTA 2:20:11.262-2:20:11.307
Tick 48254(48158), Delay 55 ms, IGT 40:06.750, RTA 2:20:18.558-2:20:18.613
Tick 48315(48219), Delay 55 ms, IGT 40:09.800, RTA 2:20:21.606-2:20:21.661
Tick 48328(48232), Delay 45 ms, IGT 40:10.450, RTA 2:20:22.261-2:20:22.306
Tick 48329(48233), Delay 55 ms, IGT 40:10.500, RTA 2:20:22.306-2:20:22.361
Tick 48788(48692), Delay 55 ms, IGT 40:33.450, RTA 2:20:45.256-2:20:45.311
Tick 49008(48912), Delay 55 ms, IGT 40:44.450, RTA 2:20:56.258-2:20:56.313
Tick 49320(49224), Delay 19129 ms, IGT 41:00.050, RTA 2:21:11.857-2:21:30.986
Tick 49697(49601), Delay 31630 ms, IGT 41:18.900, RTA 2:21:49.787-2:22:21.417
Tick 50118(50021), Delay 285 ms, IGT 41:39.900, RTA 2:22:42.417-2:22:42.702
Tick 50119(50021), Delay 757567 ms, IGT 41:39.900, RTA 2:22:42.702-2:35:20.269
Tick 50120(50022), Delay 83 ms, IGT 41:39.902, RTA 2:35:20.269-2:35:20.352
Tick 50121(50023), Delay 1 ms, IGT 41:39.952, RTA 2:35:20.352-2:35:20.353
Tick 50157(50059), Delay 56 ms, IGT 41:41.752, RTA 2:35:22.102-2:35:22.158
Tick 50158(50060), Delay 45 ms, IGT 41:41.802, RTA 2:35:22.158-2:35:22.203
Tick 50254(50156), Delay 128474 ms, IGT 41:46.602, RTA 2:35:26.951-2:37:35.425
Tick 50300(50202), Delay 44 ms, IGT 41:48.902, RTA 2:37:37.680-2:37:37.724
Tick 51050(50952), Delay 45 ms, IGT 42:26.402, RTA 2:38:15.180-2:38:15.225
Tick 51059(50961), Delay 55 ms, IGT 42:26.852, RTA 2:38:15.626-2:38:15.681
Tick 51060(50962), Delay 45 ms, IGT 42:26.902, RTA 2:38:15.681-2:38:15.726
Tick 51151(51053), Delay 58 ms, IGT 42:31.452, RTA 2:38:20.225-2:38:20.283
Tick 51152(51054), Delay 43 ms, IGT 42:31.502, RTA 2:38:20.283-2:38:20.326
Tick 51184(51086), Delay 45 ms, IGT 42:33.102, RTA 2:38:21.880-2:38:21.925
Tick 51190(51092), Delay 55 ms, IGT 42:33.402, RTA 2:38:22.175-2:38:22.230
Tick 51197(51099), Delay 42 ms, IGT 42:33.752, RTA 2:38:22.532-2:38:22.574
Tick 51243(51145), Delay 56 ms, IGT 42:36.052, RTA 2:38:24.824-2:38:24.880
Tick 51244(51146), Delay 45 ms, IGT 42:36.102, RTA 2:38:24.880-2:38:24.925
Tick 51306(51208), Delay 56 ms, IGT 42:39.202, RTA 2:38:27.974-2:38:28.030
Tick 51358(51260), Delay 56 ms, IGT 42:41.802, RTA 2:38:30.575-2:38:30.631
Tick 51363(51265), Delay 55 ms, IGT 42:42.052, RTA 2:38:30.824-2:38:30.879
Tick 51397(51299), Delay 45 ms, IGT 42:43.752, RTA 2:38:32.529-2:38:32.574
Tick 51474(51376), Delay 45 ms, IGT 42:47.602, RTA 2:38:36.379-2:38:36.424
Tick 51610(51512), Delay 55 ms, IGT 42:54.402, RTA 2:38:43.175-2:38:43.230
Tick 51611(51513), Delay 44 ms, IGT 42:54.452, RTA 2:38:43.230-2:38:43.274
Tick 51612(51514), Delay 56 ms, IGT 42:54.502, RTA 2:38:43.274-2:38:43.330
Tick 51669(51571), Delay 55 ms, IGT 42:57.352, RTA 2:38:46.126-2:38:46.181
Tick 51705(51607), Delay 45 ms, IGT 42:59.152, RTA 2:38:47.929-2:38:47.974
Tick 51819(51721), Delay 45 ms, IGT 43:04.852, RTA 2:38:53.629-2:38:53.674
Tick 51858(51760), Delay 55 ms, IGT 43:06.802, RTA 2:38:55.575-2:38:55.630
Tick 51914(51816), Delay 55 ms, IGT 43:09.602, RTA 2:38:58.376-2:38:58.431
Tick 51920(51822), Delay 45 ms, IGT 43:09.902, RTA 2:38:58.679-2:38:58.724
Tick 51959(51861), Delay 3110 ms, IGT 43:11.852, RTA 2:39:00.627-2:39:03.737
Tick 52008(51910), Delay 56 ms, IGT 43:14.302, RTA 2:39:06.135-2:39:06.191
Tick 52009(51911), Delay 45 ms, IGT 43:14.352, RTA 2:39:06.191-2:39:06.236
Tick 52033(51935), Delay 57 ms, IGT 43:15.552, RTA 2:39:07.384-2:39:07.441
Tick 52034(51936), Delay 43 ms, IGT 43:15.602, RTA 2:39:07.443-2:39:07.486
Tick 52149(52051), Delay 45 ms, IGT 43:21.352, RTA 2:39:13.189-2:39:13.234
Tick 52273(52175), Delay 55 ms, IGT 43:27.552, RTA 2:39:19.385-2:39:19.440
Tick 52427(52329), Delay 55 ms, IGT 43:35.252, RTA 2:39:27.085-2:39:27.140
Tick 52428(52330), Delay 45 ms, IGT 43:35.302, RTA 2:39:27.140-2:39:27.185
Tick 52741(52643), Delay 56 ms, IGT 43:50.952, RTA 2:39:42.785-2:39:42.841
Tick 52742(52644), Delay 44 ms, IGT 43:51.002, RTA 2:39:42.841-2:39:42.885
Tick 52928(52830), Delay 55 ms, IGT 44:00.302, RTA 2:39:52.134-2:39:52.189
Tick 52929(52831), Delay 45 ms, IGT 44:00.352, RTA 2:39:52.189-2:39:52.234
Tick 53087(52989), Delay 45 ms, IGT 44:08.252, RTA 2:40:00.089-2:40:00.134
Tick 53159(53061), Delay 55 ms, IGT 44:11.852, RTA 2:40:03.684-2:40:03.739
Tick 53168(53070), Delay 55 ms, IGT 44:12.302, RTA 2:40:04.136-2:40:04.191
Tick 53169(53071), Delay 45 ms, IGT 44:12.352, RTA 2:40:04.191-2:40:04.236
Tick 53235(53137), Delay 45 ms, IGT 44:15.652, RTA 2:40:07.489-2:40:07.534
Tick 53820(53722), Delay 55 ms, IGT 44:44.902, RTA 2:40:36.735-2:40:36.790
Tick 54243(54145), Delay 44 ms, IGT 45:06.052, RTA 2:40:57.890-2:40:57.934
Tick 54362(54264), Delay 45 ms, IGT 45:12.002, RTA 2:41:03.839-2:41:03.884
Tick 54523(54425), Delay 124 ms, IGT 45:20.052, RTA 2:41:11.885-2:41:12.009
Tick 54524(54426), Delay 1 ms, IGT 45:20.102, RTA 2:41:12.009-2:41:12.010
Tick 54525(54427), Delay 26 ms, IGT 45:20.152, RTA 2:41:12.010-2:41:12.036
Tick 54841(54743), Delay 44 ms, IGT 45:35.952, RTA 2:41:27.791-2:41:27.835
Tick 54860(54762), Delay 44 ms, IGT 45:36.902, RTA 2:41:28.740-2:41:28.784
Tick 54957(54859), Delay 44 ms, IGT 45:41.752, RTA 2:41:33.590-2:41:33.634
Tick 55172(55074), Delay 61878 ms, IGT 45:52.502, RTA 2:41:44.334-2:42:46.212
Tick 55201(55103), Delay 45 ms, IGT 45:53.952, RTA 2:42:47.617-2:42:47.662
Tick 55268(55170), Delay 26264 ms, IGT 45:57.302, RTA 2:42:50.963-2:43:17.227
Tick 55278(55180), Delay 66 ms, IGT 45:57.802, RTA 2:43:17.672-2:43:17.738
Tick 55279(55181), Delay 34 ms, IGT 45:57.852, RTA 2:43:17.738-2:43:17.772
Tick 55451(55353), Delay 60 ms, IGT 46:06.452, RTA 2:43:26.322-2:43:26.382
Tick 55452(55354), Delay 40 ms, IGT 46:06.502, RTA 2:43:26.382-2:43:26.422
Tick 55627(55529), Delay 1909 ms, IGT 46:15.252, RTA 2:43:35.121-2:43:37.030
Tick 55809(55711), Delay 61 ms, IGT 46:24.352, RTA 2:43:46.076-2:43:46.137
Tick 55810(55712), Delay 41 ms, IGT 46:24.402, RTA 2:43:46.137-2:43:46.178
Tick 55854(55756), Delay 55 ms, IGT 46:26.602, RTA 2:43:48.327-2:43:48.382
Tick 55867(55769), Delay 45 ms, IGT 46:27.252, RTA 2:43:48.981-2:43:49.026
Tick 55873(55775), Delay 55 ms, IGT 46:27.552, RTA 2:43:49.276-2:43:49.331
Tick 55874(55776), Delay 45 ms, IGT 46:27.602, RTA 2:43:49.331-2:43:49.376
Tick 55937(55839), Delay 55 ms, IGT 46:30.752, RTA 2:43:52.476-2:43:52.531
Tick 55999(55901), Delay 55 ms, IGT 46:33.852, RTA 2:43:55.576-2:43:55.631
Tick 56000(55902), Delay 45 ms, IGT 46:33.902, RTA 2:43:55.631-2:43:55.676
Tick 56001(55903), Delay 55 ms, IGT 46:33.952, RTA 2:43:55.676-2:43:55.731
Tick 56056(55958), Delay 1754 ms, IGT 46:36.702, RTA 2:43:58.426-2:44:00.180
Tick 56182(56084), Delay 45 ms, IGT 46:43.002, RTA 2:44:06.435-2:44:06.480
Tick 56187(56089), Delay 45 ms, IGT 46:43.252, RTA 2:44:06.686-2:44:06.731
Tick 56267(56169), Delay 55 ms, IGT 46:47.252, RTA 2:44:10.680-2:44:10.735
Tick 56307(56209), Delay 55 ms, IGT 46:49.252, RTA 2:44:12.680-2:44:12.735
Tick 56424(56326), Delay 55 ms, IGT 46:55.102, RTA 2:44:18.529-2:44:18.584
Tick 56439(56341), Delay 6609 ms, IGT 46:55.852, RTA 2:44:19.284-2:44:25.893
Tick 56451(56353), Delay 4034 ms, IGT 46:56.452, RTA 2:44:26.445-2:44:30.479
Tick 56620(56522), Delay 1875 ms, IGT 47:04.902, RTA 2:44:38.880-2:44:40.755
Tick 56637(56539), Delay 2449 ms, IGT 47:05.752, RTA 2:44:41.555-2:44:44.004
Tick 56645(56547), Delay 1627 ms, IGT 47:06.152, RTA 2:44:44.355-2:44:45.982
Tick 56651(56553), Delay 589 ms, IGT 47:06.452, RTA 2:44:46.230-2:44:46.819
Tick 56661(56563), Delay 23615 ms, IGT 47:06.952, RTA 2:44:47.267-2:45:10.882
Tick 56729(56631), Delay 55 ms, IGT 47:10.352, RTA 2:45:14.232-2:45:14.287
Tick 56730(56632), Delay 44 ms, IGT 47:10.402, RTA 2:45:14.287-2:45:14.331
Tick 56890(56792), Delay 57 ms, IGT 47:18.402, RTA 2:45:22.281-2:45:22.338
Tick 56902(56804), Delay 58 ms, IGT 47:19.002, RTA 2:45:22.883-2:45:22.941
Tick 56903(56805), Delay 41 ms, IGT 47:19.052, RTA 2:45:22.941-2:45:22.982
Tick 57001(56903), Delay 11259 ms, IGT 47:23.952, RTA 2:45:27.833-2:45:39.092
Tick 57149(57051), Delay 55 ms, IGT 47:31.352, RTA 2:45:46.441-2:45:46.496
Tick 57151(57053), Delay 44 ms, IGT 47:31.452, RTA 2:45:46.548-2:45:46.592
Tick 57158(57060), Delay 45 ms, IGT 47:31.802, RTA 2:45:46.896-2:45:46.941
Tick 57211(57113), Delay 45 ms, IGT 47:34.452, RTA 2:45:49.546-2:45:49.591
Tick 57323(57225), Delay 57 ms, IGT 47:40.052, RTA 2:45:55.143-2:45:55.200
Tick 57324(57226), Delay 44 ms, IGT 47:40.102, RTA 2:45:55.200-2:45:55.244
Tick 57326(57228), Delay 10539 ms, IGT 47:40.202, RTA 2:45:55.295-2:46:05.834
Tick 57553(57455), Delay 6123 ms, IGT 47:51.552, RTA 2:46:17.134-2:46:23.257
Tick 57762(57664), Delay 45 ms, IGT 48:02.002, RTA 2:46:33.663-2:46:33.708
Tick 57786(57688), Delay 9450 ms, IGT 48:03.202, RTA 2:46:34.861-2:46:44.311
Tick 57797(57699), Delay 9155 ms, IGT 48:03.752, RTA 2:46:44.813-2:46:53.968
Tick 57819(57721), Delay 789 ms, IGT 48:04.852, RTA 2:46:55.019-2:46:55.808
Tick 57847(57749), Delay 44 ms, IGT 48:06.252, RTA 2:46:57.162-2:46:57.206
Tick 57856(57758), Delay 55 ms, IGT 48:06.702, RTA 2:46:57.606-2:46:57.661
Tick 57932(57834), Delay 55 ms, IGT 48:10.502, RTA 2:47:01.407-2:47:01.462
Tick 58035(57937), Delay 11674 ms, IGT 48:15.652, RTA 2:47:06.560-2:47:18.234
Tick 58050(57952), Delay 1249 ms, IGT 48:16.402, RTA 2:47:18.936-2:47:20.185
Tick 58052(57954), Delay 55 ms, IGT 48:16.502, RTA 2:47:20.234-2:47:20.289
Tick 58080(57982), Delay 56 ms, IGT 48:17.902, RTA 2:47:21.635-2:47:21.691
Tick 58327(58229), Delay 56 ms, IGT 48:30.252, RTA 2:47:33.986-2:47:34.042
Tick 58328(58230), Delay 43 ms, IGT 48:30.302, RTA 2:47:34.042-2:47:34.085
Tick 58420(58322), Delay 9728 ms, IGT 48:34.902, RTA 2:47:38.636-2:47:48.364
Tick 58535(58437), Delay 25058 ms, IGT 48:40.652, RTA 2:47:54.064-2:48:19.122
Tick 58541(58443), Delay 45 ms, IGT 48:40.952, RTA 2:48:19.376-2:48:19.421
Tick 58583(58485), Delay 45 ms, IGT 48:43.052, RTA 2:48:21.476-2:48:21.521
Tick 58609(58511), Delay 45 ms, IGT 48:44.352, RTA 2:48:22.776-2:48:22.821
Tick 58658(58560), Delay 45 ms, IGT 48:46.802, RTA 2:48:25.226-2:48:25.271
Tick 58705(58607), Delay 45 ms, IGT 48:49.152, RTA 2:48:27.576-2:48:27.621
Tick 58764(58666), Delay 1127 ms, IGT 48:52.102, RTA 2:48:30.522-2:48:31.649
Tick 58769(58671), Delay 55 ms, IGT 48:52.352, RTA 2:48:31.846-2:48:31.901
Tick 58771(58673), Delay 45 ms, IGT 48:52.452, RTA 2:48:31.951-2:48:31.996
Tick 58994(58896), Delay 55 ms, IGT 49:03.602, RTA 2:48:43.097-2:48:43.152
Tick 59022(58924), Delay 2855 ms, IGT 49:05.002, RTA 2:48:44.497-2:48:47.352
Tick 59157(59059), Delay 2899 ms, IGT 49:11.752, RTA 2:48:54.053-2:48:56.952
Tick 59161(59063), Delay 55 ms, IGT 49:11.952, RTA 2:48:57.103-2:48:57.158
Tick 59162(59064), Delay 45 ms, IGT 49:12.002, RTA 2:48:57.158-2:48:57.203
Tick 59167(59069), Delay 3896 ms, IGT 49:12.252, RTA 2:48:57.404-2:49:01.300
Tick 59256(59158), Delay 55 ms, IGT 49:16.702, RTA 2:49:05.701-2:49:05.756
Tick 59257(59159), Delay 45 ms, IGT 49:16.752, RTA 2:49:05.756-2:49:05.801
Tick 59273(59175), Delay 45 ms, IGT 49:17.552, RTA 2:49:06.555-2:49:06.600
Tick 59294(59196), Delay 5861 ms, IGT 49:18.602, RTA 2:49:07.601-2:49:13.462
Tick 59309(59211), Delay 45 ms, IGT 49:19.352, RTA 2:49:14.166-2:49:14.211
Tick 59346(59248), Delay 45 ms, IGT 49:21.202, RTA 2:49:16.014-2:49:16.059
Tick 59469(59371), Delay 61 ms, IGT 49:27.352, RTA 2:49:22.163-2:49:22.224
Tick 59470(59372), Delay 62 ms, IGT 49:27.402, RTA 2:49:22.224-2:49:22.286
Tick 59471(59373), Delay 30 ms, IGT 49:27.452, RTA 2:49:22.286-2:49:22.316
Tick 59472(59374), Delay 62 ms, IGT 49:27.502, RTA 2:49:22.316-2:49:22.378
Tick 59473(59375), Delay 38 ms, IGT 49:27.552, RTA 2:49:22.378-2:49:22.416
Tick 59474(59376), Delay 61 ms, IGT 49:27.602, RTA 2:49:22.416-2:49:22.477
Tick 59475(59377), Delay 57 ms, IGT 49:27.652, RTA 2:49:22.477-2:49:22.534
Tick 59476(59378), Delay 31 ms, IGT 49:27.702, RTA 2:49:22.534-2:49:22.565
Tick 59477(59379), Delay 60 ms, IGT 49:27.752, RTA 2:49:22.565-2:49:22.625
Tick 59478(59380), Delay 58 ms, IGT 49:27.802, RTA 2:49:22.625-2:49:22.683
Tick 59479(59381), Delay 32 ms, IGT 49:27.852, RTA 2:49:22.683-2:49:22.715
Tick 59480(59382), Delay 60 ms, IGT 49:27.902, RTA 2:49:22.715-2:49:22.775
Tick 59481(59383), Delay 38 ms, IGT 49:27.952, RTA 2:49:22.775-2:49:22.813
Tick 59482(59384), Delay 62 ms, IGT 49:28.002, RTA 2:49:22.813-2:49:22.875
Tick 59483(59385), Delay 63 ms, IGT 49:28.052, RTA 2:49:22.875-2:49:22.938
Tick 59484(59386), Delay 31 ms, IGT 49:28.102, RTA 2:49:22.938-2:49:22.969
Tick 59486(59388), Delay 61 ms, IGT 49:28.202, RTA 2:49:23.015-2:49:23.076
Tick 59487(59389), Delay 62 ms, IGT 49:28.252, RTA 2:49:23.076-2:49:23.138
Tick 59488(59390), Delay 30 ms, IGT 49:28.302, RTA 2:49:23.138-2:49:23.168
Tick 59489(59391), Delay 64 ms, IGT 49:28.352, RTA 2:49:23.168-2:49:23.232
Tick 59490(59392), Delay 31 ms, IGT 49:28.402, RTA 2:49:23.232-2:49:23.263
Tick 59491(59393), Delay 61 ms, IGT 49:28.452, RTA 2:49:23.263-2:49:23.324
Tick 59492(59394), Delay 60 ms, IGT 49:28.502, RTA 2:49:23.324-2:49:23.384
Tick 59493(59395), Delay 30 ms, IGT 49:28.552, RTA 2:49:23.384-2:49:23.414
Tick 60013(59915), Delay 55 ms, IGT 49:54.552, RTA 2:49:49.361-2:49:49.416
Tick 60014(59916), Delay 42 ms, IGT 49:54.602, RTA 2:49:49.416-2:49:49.458
Tick 60040(59942), Delay 55 ms, IGT 49:55.902, RTA 2:49:50.710-2:49:50.765
Tick 60041(59943), Delay 44 ms, IGT 49:55.952, RTA 2:49:50.765-2:49:50.809
Tick 60123(60025), Delay 45 ms, IGT 50:00.052, RTA 2:49:54.863-2:49:54.908
Tick 60199(60101), Delay 45 ms, IGT 50:03.852, RTA 2:49:58.663-2:49:58.708
Tick 60289(60191), Delay 55 ms, IGT 50:08.352, RTA 2:50:03.160-2:50:03.215
Tick 60292(60194), Delay 4601 ms, IGT 50:08.502, RTA 2:50:03.312-2:50:07.913
Tick 60294(60196), Delay 55 ms, IGT 50:08.602, RTA 2:50:07.962-2:50:08.017
Tick 60295(60197), Delay 44 ms, IGT 50:08.652, RTA 2:50:08.017-2:50:08.061
Tick 60301(60203), Delay 2414 ms, IGT 50:08.952, RTA 2:50:08.312-2:50:10.726
Tick 60308(60210), Delay 45 ms, IGT 50:09.302, RTA 2:50:11.032-2:50:11.077
Tick 60393(60295), Delay 14110 ms, IGT 50:13.552, RTA 2:50:15.277-2:50:29.387
Tick 60465(60367), Delay 55 ms, IGT 50:17.152, RTA 2:50:32.938-2:50:32.993
Tick 60467(60369), Delay 55 ms, IGT 50:17.252, RTA 2:50:33.039-2:50:33.094
Tick 60468(60370), Delay 44 ms, IGT 50:17.302, RTA 2:50:33.094-2:50:33.138
Tick 60469(60371), Delay 55 ms, IGT 50:17.352, RTA 2:50:33.138-2:50:33.193
Tick 60488(60390), Delay 45 ms, IGT 50:18.302, RTA 2:50:34.094-2:50:34.139
Tick 60501(60403), Delay 45 ms, IGT 50:18.952, RTA 2:50:34.740-2:50:34.785
Tick 60554(60456), Delay 45 ms, IGT 50:21.602, RTA 2:50:37.389-2:50:37.434
Tick 60641(60543), Delay 1598 ms, IGT 50:25.952, RTA 2:50:41.737-2:50:43.335
Tick 60782(60684), Delay 56 ms, IGT 50:33.002, RTA 2:50:50.332-2:50:50.388
Tick 60783(60685), Delay 44 ms, IGT 50:33.052, RTA 2:50:50.388-2:50:50.432
Tick 60883(60785), Delay 55 ms, IGT 50:38.052, RTA 2:50:55.382-2:50:55.437
Tick 60884(60786), Delay 45 ms, IGT 50:38.102, RTA 2:50:55.437-2:50:55.482
Tick 60893(60795), Delay 45 ms, IGT 50:38.552, RTA 2:50:55.887-2:50:55.932
Tick 60897(60799), Delay 55 ms, IGT 50:38.752, RTA 2:50:56.081-2:50:56.136
Tick 60898(60800), Delay 45 ms, IGT 50:38.802, RTA 2:50:56.136-2:50:56.181
Tick 60938(60840), Delay 90648 ms, IGT 50:40.802, RTA 2:50:58.132-2:52:28.780
Tick 60940(60842), Delay 44 ms, IGT 50:40.902, RTA 2:52:28.833-2:52:28.877
Tick 61006(60908), Delay 16342 ms, IGT 50:44.202, RTA 2:52:32.129-2:52:48.471
Tick 61241(61143), Delay 9084 ms, IGT 50:55.952, RTA 2:53:00.169-2:53:09.253
Tick 61256(61158), Delay 45 ms, IGT 50:56.702, RTA 2:53:09.957-2:53:10.002
Tick 61327(61229), Delay 3956 ms, IGT 51:00.252, RTA 2:53:13.505-2:53:17.461
Tick 61375(61277), Delay 55 ms, IGT 51:02.652, RTA 2:53:19.811-2:53:19.866
Tick 61421(61323), Delay 55 ms, IGT 51:04.952, RTA 2:53:22.111-2:53:22.166
Tick 61436(61338), Delay 65032 ms, IGT 51:05.702, RTA 2:53:22.860-2:54:27.892
Tick 61468(61370), Delay 59 ms, IGT 51:07.302, RTA 2:54:29.439-2:54:29.498
Tick 61469(61371), Delay 40 ms, IGT 51:07.352, RTA 2:54:29.498-2:54:29.538
Tick 61499(61401), Delay 2172 ms, IGT 51:08.852, RTA 2:54:30.990-2:54:33.162
Tick 61526(61428), Delay 668 ms, IGT 51:10.202, RTA 2:54:34.465-2:54:35.133
Tick 61528(61430), Delay 45 ms, IGT 51:10.302, RTA 2:54:35.185-2:54:35.230
Tick 61543(61445), Delay 923 ms, IGT 51:11.052, RTA 2:54:35.933-2:54:36.856
Tick 61553(61455), Delay 7571 ms, IGT 51:11.552, RTA 2:54:37.303-2:54:44.874
Tick 61566(61468), Delay 4149 ms, IGT 51:12.202, RTA 2:54:45.476-2:54:49.625
Tick 61575(61477), Delay 3824 ms, IGT 51:12.652, RTA 2:54:50.025-2:54:53.849
Tick 61579(61481), Delay 55 ms, IGT 51:12.852, RTA 2:54:53.999-2:54:54.054
Tick 61718(61620), Delay 56 ms, IGT 51:19.802, RTA 2:55:00.948-2:55:01.004
Tick 61726(61628), Delay 56 ms, IGT 51:20.202, RTA 2:55:01.349-2:55:01.405
Tick 61730(61632), Delay 45 ms, IGT 51:20.402, RTA 2:55:01.553-2:55:01.598
Tick 61768(61670), Delay 55 ms, IGT 51:22.302, RTA 2:55:03.448-2:55:03.503
Tick 61780(61682), Delay 57 ms, IGT 51:22.902, RTA 2:55:04.049-2:55:04.106
Tick 61781(61683), Delay 42 ms, IGT 51:22.952, RTA 2:55:04.106-2:55:04.148
Tick 61829(61731), Delay 45 ms, IGT 51:25.352, RTA 2:55:06.503-2:55:06.548
Tick 61844(61746), Delay 56 ms, IGT 51:26.102, RTA 2:55:07.249-2:55:07.305
Tick 61845(61747), Delay 44 ms, IGT 51:26.152, RTA 2:55:07.305-2:55:07.349
Tick 61906(61808), Delay 45 ms, IGT 51:29.202, RTA 2:55:10.353-2:55:10.398
Tick 62042(61944), Delay 45 ms, IGT 51:36.002, RTA 2:55:17.153-2:55:17.198
Tick 62145(62047), Delay 45 ms, IGT 51:41.152, RTA 2:55:22.304-2:55:22.349
Tick 62262(62164), Delay 56 ms, IGT 51:47.002, RTA 2:55:28.149-2:55:28.205
Tick 62720(62622), Delay 56 ms, IGT 52:09.902, RTA 2:55:51.049-2:55:51.105
Tick 62909(62811), Delay 45 ms, IGT 52:19.352, RTA 2:56:00.502-2:56:00.547
Tick 62911(62813), Delay 55 ms, IGT 52:19.452, RTA 2:56:00.600-2:56:00.655
Tick 63083(62985), Delay 339 ms, IGT 52:28.052, RTA 2:56:09.199-2:56:09.538
Tick 63161(63063), Delay 55 ms, IGT 52:31.952, RTA 2:56:13.389-2:56:13.444
Tick 63162(63064), Delay 45 ms, IGT 52:32.002, RTA 2:56:13.444-2:56:13.489
Tick 63411(63313), Delay 28597 ms, IGT 52:44.452, RTA 2:56:25.889-2:56:54.486
Tick 63439(63341), Delay 61612 ms, IGT 52:45.852, RTA 2:56:55.836-2:57:57.448
Tick 63467(63369), Delay 59 ms, IGT 52:47.252, RTA 2:57:58.796-2:57:58.855
Tick 63468(63370), Delay 41 ms, IGT 52:47.302, RTA 2:57:58.855-2:57:58.896
Tick 63836(63738), Delay 45 ms, IGT 53:05.702, RTA 2:58:17.250-2:58:17.295
Tick 64208(64110), Delay 983 ms, IGT 53:24.302, RTA 2:58:35.845-2:58:36.828
Tick 64239(64141), Delay 64 ms, IGT 53:25.852, RTA 2:58:38.327-2:58:38.391
Tick 64240(64142), Delay 37 ms, IGT 53:25.902, RTA 2:58:38.391-2:58:38.428
Tick 64390(64292), Delay 52223 ms, IGT 53:33.402, RTA 2:58:45.877-2:59:38.100
Tick 64760(64662), Delay 565 ms, IGT 53:51.902, RTA 2:59:56.548-2:59:57.113
Tick 64894(64796), Delay 9813 ms, IGT 53:58.602, RTA 3:00:03.764-3:00:13.577
Tick 65001(64903), Delay 480 ms, IGT 54:03.952, RTA 3:00:18.878-3:00:19.358
Tick 65231(65133), Delay 55 ms, IGT 54:15.452, RTA 3:00:30.807-3:00:30.862
Tick 65238(65140), Delay 55 ms, IGT 54:15.802, RTA 3:00:31.157-3:00:31.212
Tick 65402(65304), Delay 55 ms, IGT 54:24.002, RTA 3:00:39.357-3:00:39.412
Tick 65448(65350), Delay 45 ms, IGT 54:26.302, RTA 3:00:41.662-3:00:41.707
Tick 65486(65388), Delay 55 ms, IGT 54:28.202, RTA 3:00:43.559-3:00:43.614
Tick 65487(65389), Delay 45 ms, IGT 54:28.252, RTA 3:00:43.614-3:00:43.659
Tick 65495(65397), Delay 55 ms, IGT 54:28.652, RTA 3:00:44.007-3:00:44.062
Tick 65836(65738), Delay 13721 ms, IGT 54:45.702, RTA 3:01:01.058-3:01:14.779
Tick 65892(65794), Delay 60 ms, IGT 54:48.502, RTA 3:01:17.528-3:01:17.588
Tick 65893(65795), Delay 41 ms, IGT 54:48.552, RTA 3:01:17.588-3:01:17.629
Tick 65989(65891), Delay 1665 ms, IGT 54:53.352, RTA 3:01:22.378-3:01:24.043
Tick 66332(66234), Delay 55 ms, IGT 55:10.502, RTA 3:01:41.144-3:01:41.199
Tick 66333(66235), Delay 45 ms, IGT 55:10.552, RTA 3:01:41.199-3:01:41.244
Tick 66645(66547), Delay 55 ms, IGT 55:26.152, RTA 3:01:56.794-3:01:56.849
Tick 66646(66548), Delay 44 ms, IGT 55:26.202, RTA 3:01:56.849-3:01:56.893
Tick 66697(66599), Delay 1741 ms, IGT 55:28.752, RTA 3:01:59.394-3:02:01.135
Tick 66728(66630), Delay 1754 ms, IGT 55:30.302, RTA 3:02:02.634-3:02:04.388
Tick 66742(66644), Delay 1096 ms, IGT 55:31.002, RTA 3:02:05.040-3:02:06.136
Tick 66748(66650), Delay 55 ms, IGT 55:31.302, RTA 3:02:06.386-3:02:06.441
Tick 66749(66651), Delay 45 ms, IGT 55:31.352, RTA 3:02:06.441-3:02:06.486
Tick 66753(66655), Delay 603 ms, IGT 55:31.552, RTA 3:02:06.637-3:02:07.240
Tick 66762(66664), Delay 80512 ms, IGT 55:32.002, RTA 3:02:07.642-3:03:28.154
Tick 66988(66890), Delay 45 ms, IGT 55:43.302, RTA 3:03:39.409-3:03:39.454
Tick 67036(66938), Delay 1736 ms, IGT 55:45.702, RTA 3:03:41.804-3:03:43.540
Tick 67153(67055), Delay 55 ms, IGT 55:51.552, RTA 3:03:49.340-3:03:49.395
Tick 67383(67285), Delay 55 ms, IGT 56:03.052, RTA 3:04:00.839-3:04:00.894
Tick 67454(67356), Delay 6750 ms, IGT 56:06.602, RTA 3:04:04.390-3:04:11.140
Tick 67476(67378), Delay 45 ms, IGT 56:07.702, RTA 3:04:12.193-3:04:12.238
Tick 67495(67397), Delay 55 ms, IGT 56:08.652, RTA 3:04:13.139-3:04:13.194
Tick 67515(67417), Delay 45 ms, IGT 56:09.652, RTA 3:04:14.144-3:04:14.189
Tick 67665(67567), Delay 45 ms, IGT 56:17.152, RTA 3:04:21.644-3:04:21.689
Tick 67764(67666), Delay 45 ms, IGT 56:22.102, RTA 3:04:26.593-3:04:26.638
Tick 67795(67697), Delay 45 ms, IGT 56:23.652, RTA 3:04:28.144-3:04:28.189
Tick 67814(67716), Delay 55 ms, IGT 56:24.602, RTA 3:04:29.091-3:04:29.146
Tick 67815(67717), Delay 43 ms, IGT 56:24.652, RTA 3:04:29.146-3:04:29.189
Tick 68187(68089), Delay 43 ms, IGT 56:43.252, RTA 3:04:47.746-3:04:47.789
Tick 68795(68697), Delay 56 ms, IGT 57:13.652, RTA 3:05:18.139-3:05:18.195
Tick 68796(68698), Delay 44 ms, IGT 57:13.702, RTA 3:05:18.195-3:05:18.239
Tick 68816(68718), Delay 55 ms, IGT 57:14.702, RTA 3:05:19.189-3:05:19.244
Tick 68824(68726), Delay 33761 ms, IGT 57:15.102, RTA 3:05:19.590-3:05:53.351
Tick 68855(68757), Delay 56 ms, IGT 57:16.652, RTA 3:05:54.853-3:05:54.909
Tick 68856(68758), Delay 44 ms, IGT 57:16.702, RTA 3:05:54.909-3:05:54.953
Tick 69403(69305), Delay 56 ms, IGT 57:44.052, RTA 3:06:22.253-3:06:22.309
Tick 69522(69424), Delay 55 ms, IGT 57:50.002, RTA 3:06:28.203-3:06:28.258
Tick 69523(69425), Delay 44 ms, IGT 57:50.052, RTA 3:06:28.258-3:06:28.302
Tick 69539(69441), Delay 3342 ms, IGT 57:50.852, RTA 3:06:29.054-3:06:32.396
Tick 69572(69474), Delay 55 ms, IGT 57:52.502, RTA 3:06:33.993-3:06:34.048
Tick 69574(69476), Delay 55 ms, IGT 57:52.602, RTA 3:06:34.094-3:06:34.149
Tick 69575(69477), Delay 44 ms, IGT 57:52.652, RTA 3:06:34.149-3:06:34.193
Tick 69674(69576), Delay 55 ms, IGT 57:57.602, RTA 3:06:39.093-3:06:39.148
Tick 69708(69610), Delay 56 ms, IGT 57:59.302, RTA 3:06:40.793-3:06:40.849
Tick 69709(69611), Delay 45 ms, IGT 57:59.352, RTA 3:06:40.849-3:06:40.894
Tick 69754(69656), Delay 55 ms, IGT 58:01.602, RTA 3:06:43.094-3:06:43.149
Tick 70335(70237), Delay 45 ms, IGT 58:30.652, RTA 3:07:12.149-3:07:12.194
Tick 70484(70386), Delay 55 ms, IGT 58:38.102, RTA 3:07:19.594-3:07:19.649
Tick 70491(70393), Delay 42 ms, IGT 58:38.452, RTA 3:07:19.952-3:07:19.994
Tick 70492(70394), Delay 55 ms, IGT 58:38.502, RTA 3:07:19.994-3:07:20.049
Tick 70498(70400), Delay 55 ms, IGT 58:38.802, RTA 3:07:20.296-3:07:20.351
Tick 70501(70403), Delay 43 ms, IGT 58:38.952, RTA 3:07:20.451-3:07:20.494
Tick 70502(70404), Delay 55 ms, IGT 58:39.002, RTA 3:07:20.494-3:07:20.549
Tick 70518(70420), Delay 55 ms, IGT 58:39.802, RTA 3:07:21.294-3:07:21.349
Tick 70527(70429), Delay 43 ms, IGT 58:40.252, RTA 3:07:21.751-3:07:21.794
Tick 71250(71152), Delay 44 ms, IGT 59:16.402, RTA 3:07:57.899-3:07:57.943
Tick 71258(71160), Delay 45 ms, IGT 59:16.802, RTA 3:07:58.299-3:07:58.344
Tick 71277(71179), Delay 55 ms, IGT 59:17.752, RTA 3:07:59.245-3:07:59.300
Tick 71278(71180), Delay 43 ms, IGT 59:17.802, RTA 3:07:59.300-3:07:59.343
Tick 71372(71274), Delay 55 ms, IGT 59:22.502, RTA 3:08:03.993-3:08:04.048
Tick 71587(71489), Delay 45 ms, IGT 59:33.252, RTA 3:08:14.748-3:08:14.793
Tick 71693(71595), Delay 55 ms, IGT 59:38.552, RTA 3:08:20.044-3:08:20.099
Tick 71835(71737), Delay 55 ms, IGT 59:45.652, RTA 3:08:27.143-3:08:27.198
Tick 71928(71830), Delay 3166 ms, IGT 59:50.302, RTA 3:08:31.796-3:08:34.962
Tick 71965(71867), Delay 55 ms, IGT 59:52.152, RTA 3:08:36.761-3:08:36.816
Tick 72083(71985), Delay 829 ms, IGT 59:58.052, RTA 3:08:42.662-3:08:43.491
Tick 72094(71996), Delay 1386 ms, IGT 59:58.602, RTA 3:08:43.988-3:08:45.374
Tick 72112(72014), Delay 639 ms, IGT 59:59.502, RTA 3:08:46.226-3:08:46.865
Tick 72130(72032), Delay 1147 ms, IGT 1:00:00.402, RTA 3:08:47.713-3:08:48.860
Tick 72150(72052), Delay 4501 ms, IGT 1:00:01.402, RTA 3:08:49.811-3:08:54.312
Tick 72159(72061), Delay 1431 ms, IGT 1:00:01.852, RTA 3:08:54.713-3:08:56.144
Tick 72181(72083), Delay 55 ms, IGT 1:00:02.952, RTA 3:08:57.192-3:08:57.247
Tick 72202(72104), Delay 44 ms, IGT 1:00:04.002, RTA 3:08:58.248-3:08:58.292
Tick 72203(72105), Delay 55 ms, IGT 1:00:04.052, RTA 3:08:58.292-3:08:58.347
Tick 72208(72110), Delay 1261 ms, IGT 1:00:04.302, RTA 3:08:58.546-3:08:59.807
Tick 72224(72126), Delay 1611 ms, IGT 1:00:05.102, RTA 3:09:00.557-3:09:02.168
Tick 72244(72146), Delay 1612 ms, IGT 1:00:06.102, RTA 3:09:03.119-3:09:04.731
Tick 72308(72210), Delay 1690 ms, IGT 1:00:09.302, RTA 3:09:07.882-3:09:09.572
Tick 72315(72217), Delay 900 ms, IGT 1:00:09.652, RTA 3:09:09.874-3:09:10.774
Tick 72324(72226), Delay 1966 ms, IGT 1:00:10.102, RTA 3:09:11.171-3:09:13.137
Tick 72335(72237), Delay 55 ms, IGT 1:00:10.652, RTA 3:09:13.637-3:09:13.692
Tick 72336(72238), Delay 45 ms, IGT 1:00:10.702, RTA 3:09:13.692-3:09:13.737
Tick 72337(72239), Delay 55 ms, IGT 1:00:10.752, RTA 3:09:13.737-3:09:13.792
Tick 72338(72240), Delay 45 ms, IGT 1:00:10.802, RTA 3:09:13.792-3:09:13.837
Tick 72358(72260), Delay 1526 ms, IGT 1:00:11.802, RTA 3:09:14.787-3:09:16.313
Tick 72379(72281), Delay 1695 ms, IGT 1:00:12.852, RTA 3:09:17.314-3:09:19.009
Tick 72383(72285), Delay 55 ms, IGT 1:00:13.052, RTA 3:09:19.159-3:09:19.214
Tick 72397(72299), Delay 2891 ms, IGT 1:00:13.752, RTA 3:09:19.859-3:09:22.750
Tick 72408(72310), Delay 1299 ms, IGT 1:00:14.302, RTA 3:09:23.251-3:09:24.550
Tick 72417(72319), Delay 2027 ms, IGT 1:00:14.752, RTA 3:09:24.951-3:09:26.978
Tick 72426(72328), Delay 3978 ms, IGT 1:00:15.202, RTA 3:09:27.379-3:09:31.357
Tick 72431(72333), Delay 55 ms, IGT 1:00:15.452, RTA 3:09:31.554-3:09:31.609
Tick 72551(72453), Delay 964 ms, IGT 1:00:21.452, RTA 3:09:37.555-3:09:38.519
Tick 72559(72461), Delay 1438 ms, IGT 1:00:21.852, RTA 3:09:38.870-3:09:40.308
Tick 72563(72465), Delay 56 ms, IGT 1:00:22.052, RTA 3:09:40.456-3:09:40.512
Tick 72564(72466), Delay 44 ms, IGT 1:00:22.102, RTA 3:09:40.512-3:09:40.556
Tick 72567(72469), Delay 55 ms, IGT 1:00:22.252, RTA 3:09:40.656-3:09:40.711
Tick 72568(72470), Delay 45 ms, IGT 1:00:22.302, RTA 3:09:40.711-3:09:40.756
Tick 72599(72501), Delay 664 ms, IGT 1:00:23.852, RTA 3:09:42.258-3:09:42.922
Tick 72614(72516), Delay 1407 ms, IGT 1:00:24.602, RTA 3:09:43.621-3:09:45.028
Tick 72671(72573), Delay 635 ms, IGT 1:00:27.452, RTA 3:09:47.830-3:09:48.465
Tick 72698(72600), Delay 4691 ms, IGT 1:00:28.802, RTA 3:09:49.764-3:09:54.455
Tick 72720(72622), Delay 45 ms, IGT 1:00:29.902, RTA 3:09:55.508-3:09:55.553
Tick 72722(72624), Delay 1283 ms, IGT 1:00:30.002, RTA 3:09:55.605-3:09:56.888
Tick 72738(72640), Delay 6615 ms, IGT 1:00:30.802, RTA 3:09:57.640-3:10:04.255
Tick 72789(72691), Delay 274 ms, IGT 1:00:33.352, RTA 3:10:06.753-3:10:07.027
Tick 72831(72733), Delay 959 ms, IGT 1:00:35.452, RTA 3:10:09.078-3:10:10.037
Tick 72838(72740), Delay 1563 ms, IGT 1:00:35.802, RTA 3:10:10.336-3:10:11.899
Tick 72839(72741), Delay 57 ms, IGT 1:00:35.852, RTA 3:10:11.899-3:10:11.956
Tick 72840(72742), Delay 45 ms, IGT 1:00:35.902, RTA 3:10:11.956-3:10:12.001
Tick 72849(72751), Delay 9463 ms, IGT 1:00:36.352, RTA 3:10:12.400-3:10:21.863
Tick 72855(72757), Delay 55 ms, IGT 1:00:36.652, RTA 3:10:22.114-3:10:22.169
Tick 72856(72758), Delay 44 ms, IGT 1:00:36.702, RTA 3:10:22.169-3:10:22.213
Tick 72893(72795), Delay 1099 ms, IGT 1:00:38.552, RTA 3:10:24.014-3:10:25.113
Tick 72930(72832), Delay 555 ms, IGT 1:00:40.402, RTA 3:10:26.913-3:10:27.468
Tick 72966(72868), Delay 45 ms, IGT 1:00:42.202, RTA 3:10:29.223-3:10:29.268
Tick 72971(72873), Delay 1843 ms, IGT 1:00:42.452, RTA 3:10:29.469-3:10:31.312
Tick 72978(72880), Delay 55 ms, IGT 1:00:42.802, RTA 3:10:31.611-3:10:31.666
Tick 72979(72881), Delay 45 ms, IGT 1:00:42.852, RTA 3:10:31.666-3:10:31.711
Tick 72981(72883), Delay 964 ms, IGT 1:00:42.952, RTA 3:10:31.760-3:10:32.724
Tick 72992(72894), Delay 45 ms, IGT 1:00:43.502, RTA 3:10:33.228-3:10:33.273
Tick 73007(72909), Delay 786 ms, IGT 1:00:44.252, RTA 3:10:33.972-3:10:34.758
Tick 73019(72921), Delay 652 ms, IGT 1:00:44.852, RTA 3:10:35.306-3:10:35.958
Tick 73027(72929), Delay 1096 ms, IGT 1:00:45.252, RTA 3:10:36.308-3:10:37.404
Tick 73054(72956), Delay 662 ms, IGT 1:00:46.602, RTA 3:10:38.703-3:10:39.365
Tick 73062(72964), Delay 422 ms, IGT 1:00:47.002, RTA 3:10:39.715-3:10:40.137
Tick 73073(72975), Delay 851 ms, IGT 1:00:47.552, RTA 3:10:40.638-3:10:41.489
Tick 73089(72991), Delay 2872 ms, IGT 1:00:48.352, RTA 3:10:42.238-3:10:45.110
Tick 73164(73066), Delay 975 ms, IGT 1:00:52.102, RTA 3:10:48.810-3:10:49.785
Tick 73177(73079), Delay 1120 ms, IGT 1:00:52.752, RTA 3:10:50.385-3:10:51.505
Tick 73468(73370), Delay 6159 ms, IGT 1:01:07.302, RTA 3:11:06.005-3:11:12.164
Tick 73724(73626), Delay 55 ms, IGT 1:01:20.102, RTA 3:11:24.910-3:11:24.965
Tick 73746(73648), Delay 45 ms, IGT 1:01:21.202, RTA 3:11:26.015-3:11:26.060
Tick 74078(73980), Delay 55 ms, IGT 1:01:37.802, RTA 3:11:42.610-3:11:42.665
Tick 74084(73986), Delay 8518 ms, IGT 1:01:38.102, RTA 3:11:42.913-3:11:51.431
Tick 74121(74023), Delay 3335 ms, IGT 1:01:39.952, RTA 3:11:53.229-3:11:56.564
Tick 74195(74097), Delay 73976 ms, IGT 1:01:43.652, RTA 3:12:00.213-3:13:14.189
Tick 74253(74155), Delay 45 ms, IGT 1:01:46.552, RTA 3:13:17.042-3:13:17.087
Tick 74322(74224), Delay 3239 ms, IGT 1:01:50.002, RTA 3:13:20.489-3:13:23.728
Tick 74438(74340), Delay 51325 ms, IGT 1:01:55.802, RTA 3:13:29.478-3:14:20.803
Tick 74505(74407), Delay 55 ms, IGT 1:01:59.152, RTA 3:14:24.103-3:14:24.158
Tick 75071(74973), Delay 45 ms, IGT 1:02:27.452, RTA 3:14:52.408-3:14:52.453
Tick 75152(75054), Delay 45 ms, IGT 1:02:31.502, RTA 3:14:56.459-3:14:56.504
Tick 75385(75287), Delay 43 ms, IGT 1:02:43.152, RTA 3:15:08.110-3:15:08.153
Tick 75535(75437), Delay 55 ms, IGT 1:02:50.652, RTA 3:15:15.604-3:15:15.659
Tick 75536(75438), Delay 45 ms, IGT 1:02:50.702, RTA 3:15:15.659-3:15:15.704
Tick 75565(75467), Delay 56 ms, IGT 1:02:52.152, RTA 3:15:17.106-3:15:17.162
Tick 75566(75468), Delay 42 ms, IGT 1:02:52.202, RTA 3:15:17.162-3:15:17.204
Tick 75577(75479), Delay 3071 ms, IGT 1:02:52.752, RTA 3:15:17.704-3:15:20.775
Tick 75598(75500), Delay 891 ms, IGT 1:02:53.802, RTA 3:15:21.776-3:15:22.667
Tick 75599(75501), Delay 55 ms, IGT 1:02:53.852, RTA 3:15:22.667-3:15:22.722
Tick 75601(75503), Delay 55 ms, IGT 1:02:53.952, RTA 3:15:22.768-3:15:22.823
Tick 75609(75511), Delay 496 ms, IGT 1:02:54.352, RTA 3:15:23.168-3:15:23.664
Tick 75616(75518), Delay 1049 ms, IGT 1:02:54.702, RTA 3:15:23.962-3:15:25.011
Tick 75624(75526), Delay 261 ms, IGT 1:02:55.102, RTA 3:15:25.362-3:15:25.623
Tick 75630(75532), Delay 213 ms, IGT 1:02:55.402, RTA 3:15:25.871-3:15:26.084
Tick 75631(75533), Delay 55 ms, IGT 1:02:55.452, RTA 3:15:26.084-3:15:26.139
Tick 75637(75539), Delay 256 ms, IGT 1:02:55.752, RTA 3:15:26.388-3:15:26.644
Tick 75651(75553), Delay 229 ms, IGT 1:02:56.452, RTA 3:15:27.291-3:15:27.520
Tick 75736(75638), Delay 44 ms, IGT 1:03:00.702, RTA 3:15:31.724-3:15:31.768
Tick 75777(75679), Delay 55 ms, IGT 1:03:02.752, RTA 3:15:33.768-3:15:33.823
Tick 75790(75692), Delay 55 ms, IGT 1:03:03.402, RTA 3:15:34.418-3:15:34.473
Tick 76085(75987), Delay 45 ms, IGT 1:03:18.152, RTA 3:15:49.174-3:15:49.219
Tick 76249(76151), Delay 45 ms, IGT 1:03:26.352, RTA 3:15:57.374-3:15:57.419
Tick 76327(76229), Delay 45 ms, IGT 1:03:30.252, RTA 3:16:01.275-3:16:01.320
Tick 76483(76385), Delay 3723 ms, IGT 1:03:38.052, RTA 3:16:09.072-3:16:12.795
Tick 76492(76394), Delay 1574 ms, IGT 1:03:38.502, RTA 3:16:13.196-3:16:14.770
Tick 76520(76422), Delay 55 ms, IGT 1:03:39.902, RTA 3:16:16.118-3:16:16.173
Tick 76535(76437), Delay 424 ms, IGT 1:03:40.652, RTA 3:16:16.869-3:16:17.293
Tick 76542(76444), Delay 532 ms, IGT 1:03:41.002, RTA 3:16:17.594-3:16:18.126
Tick 76545(76447), Delay 56 ms, IGT 1:03:41.152, RTA 3:16:18.226-3:16:18.282
Tick 76548(76450), Delay 409 ms, IGT 1:03:41.302, RTA 3:16:18.378-3:16:18.787
Tick 76558(76460), Delay 490 ms, IGT 1:03:41.802, RTA 3:16:19.235-3:16:19.725
Tick 76564(76466), Delay 428 ms, IGT 1:03:42.102, RTA 3:16:19.976-3:16:20.404
Tick 76570(76472), Delay 429 ms, IGT 1:03:42.402, RTA 3:16:20.653-3:16:21.082
Tick 76603(76505), Delay 668 ms, IGT 1:03:44.052, RTA 3:16:22.683-3:16:23.351
Tick 76611(76513), Delay 55 ms, IGT 1:03:44.452, RTA 3:16:23.700-3:16:23.755
Tick 76615(76517), Delay 45 ms, IGT 1:03:44.652, RTA 3:16:23.904-3:16:23.949
Tick 76620(76522), Delay 410 ms, IGT 1:03:44.902, RTA 3:16:24.152-3:16:24.562
Tick 76627(76529), Delay 240 ms, IGT 1:03:45.252, RTA 3:16:24.863-3:16:25.103
Tick 76630(76532), Delay 45 ms, IGT 1:03:45.402, RTA 3:16:25.206-3:16:25.251
Tick 76631(76533), Delay 55 ms, IGT 1:03:45.452, RTA 3:16:25.251-3:16:25.306
Tick 76642(76544), Delay 1425 ms, IGT 1:03:46.002, RTA 3:16:25.805-3:16:27.230
Tick 76649(76551), Delay 300 ms, IGT 1:03:46.352, RTA 3:16:27.532-3:16:27.832
Tick 76655(76557), Delay 304 ms, IGT 1:03:46.652, RTA 3:16:28.081-3:16:28.385
Tick 76668(76570), Delay 729 ms, IGT 1:03:47.302, RTA 3:16:28.984-3:16:29.713
Tick 76711(76613), Delay 55 ms, IGT 1:03:49.452, RTA 3:16:31.811-3:16:31.866
Tick 76767(76669), Delay 4954 ms, IGT 1:03:52.252, RTA 3:16:34.612-3:16:39.566
Tick 76792(76694), Delay 55 ms, IGT 1:03:53.502, RTA 3:16:40.763-3:16:40.818
Tick 76830(76732), Delay 1663 ms, IGT 1:03:55.402, RTA 3:16:42.668-3:16:44.331
Tick 76842(76744), Delay 1603 ms, IGT 1:03:56.002, RTA 3:16:44.883-3:16:46.486
Tick 76861(76763), Delay 57 ms, IGT 1:03:56.952, RTA 3:16:47.383-3:16:47.440
Tick 76876(76778), Delay 827 ms, IGT 1:03:57.702, RTA 3:16:48.135-3:16:48.962
Tick 76902(76804), Delay 44 ms, IGT 1:03:59.002, RTA 3:16:50.218-3:16:50.262
Tick 76959(76861), Delay 2068 ms, IGT 1:04:01.852, RTA 3:16:53.063-3:16:55.131
Tick 76978(76880), Delay 1184 ms, IGT 1:04:02.802, RTA 3:16:56.032-3:16:57.216
Tick 77003(76905), Delay 45 ms, IGT 1:04:04.052, RTA 3:16:58.422-3:16:58.467
Tick 77022(76924), Delay 1238 ms, IGT 1:04:05.002, RTA 3:16:59.366-3:17:00.604
Tick 77023(76925), Delay 45 ms, IGT 1:04:05.052, RTA 3:17:00.604-3:17:00.649
Tick 77034(76936), Delay 1000 ms, IGT 1:04:05.602, RTA 3:17:01.150-3:17:02.150
Tick 77041(76943), Delay 43 ms, IGT 1:04:05.952, RTA 3:17:02.457-3:17:02.500
Tick 77075(76977), Delay 45 ms, IGT 1:04:07.652, RTA 3:17:04.154-3:17:04.199
Tick 77188(77090), Delay 55 ms, IGT 1:04:13.302, RTA 3:17:09.800-3:17:09.855
Tick 77189(77091), Delay 44 ms, IGT 1:04:13.352, RTA 3:17:09.855-3:17:09.899
Tick 77216(77118), Delay 55 ms, IGT 1:04:14.702, RTA 3:17:11.199-3:17:11.254
Tick 77450(77352), Delay 56 ms, IGT 1:04:26.402, RTA 3:17:22.902-3:17:22.958
Tick 77451(77353), Delay 42 ms, IGT 1:04:26.452, RTA 3:17:22.958-3:17:23.000
Tick 77513(77415), Delay 45 ms, IGT 1:04:29.552, RTA 3:17:26.054-3:17:26.099
Tick 77750(77652), Delay 712 ms, IGT 1:04:41.402, RTA 3:17:37.902-3:17:38.614
Tick 77821(77723), Delay 11700 ms, IGT 1:04:44.952, RTA 3:17:42.113-3:17:53.813
Tick 77841(77743), Delay 55 ms, IGT 1:04:45.952, RTA 3:17:54.761-3:17:54.816
Tick 78065(77967), Delay 55 ms, IGT 1:04:57.152, RTA 3:18:05.962-3:18:06.017
Tick 78099(78001), Delay 64025 ms, IGT 1:04:58.852, RTA 3:18:07.663-3:19:11.688
Tick 78148(78050), Delay 382 ms, IGT 1:05:01.302, RTA 3:19:14.087-3:19:14.469
Tick 78156(78058), Delay 306 ms, IGT 1:05:01.702, RTA 3:19:14.818-3:19:15.124
Tick 78166(78068), Delay 346 ms, IGT 1:05:02.202, RTA 3:19:15.575-3:19:15.921
Tick 78173(78075), Delay 221 ms, IGT 1:05:02.552, RTA 3:19:16.216-3:19:16.437
Tick 78187(78089), Delay 55 ms, IGT 1:05:03.252, RTA 3:19:17.083-3:19:17.138
Tick 78188(78090), Delay 257 ms, IGT 1:05:03.302, RTA 3:19:17.138-3:19:17.395
Tick 78194(78096), Delay 431 ms, IGT 1:05:03.602, RTA 3:19:17.648-3:19:18.079
Tick 78206(78108), Delay 56 ms, IGT 1:05:04.202, RTA 3:19:18.630-3:19:18.686
Tick 78207(78109), Delay 45 ms, IGT 1:05:04.252, RTA 3:19:18.686-3:19:18.731
Tick 78263(78165), Delay 61 ms, IGT 1:05:07.052, RTA 3:19:21.480-3:19:21.541
Tick 78264(78166), Delay 38 ms, IGT 1:05:07.102, RTA 3:19:21.541-3:19:21.579
Tick 78369(78271), Delay 26669 ms, IGT 1:05:12.352, RTA 3:19:26.781-3:19:53.450
Tick 78415(78317), Delay 45 ms, IGT 1:05:14.652, RTA 3:19:55.704-3:19:55.749
Tick 78537(78439), Delay 55 ms, IGT 1:05:20.752, RTA 3:20:01.799-3:20:01.854
Tick 78554(78456), Delay 56 ms, IGT 1:05:21.602, RTA 3:20:02.648-3:20:02.704
Tick 78555(78457), Delay 44 ms, IGT 1:05:21.652, RTA 3:20:02.704-3:20:02.748
Tick 78597(78499), Delay 1379 ms, IGT 1:05:23.752, RTA 3:20:04.802-3:20:06.181
Tick 78631(78533), Delay 664 ms, IGT 1:05:25.452, RTA 3:20:07.831-3:20:08.495
Tick 78665(78567), Delay 609 ms, IGT 1:05:27.152, RTA 3:20:10.145-3:20:10.754
Tick 78744(78646), Delay 45 ms, IGT 1:05:31.102, RTA 3:20:14.656-3:20:14.701
Tick 78851(78753), Delay 58 ms, IGT 1:05:36.452, RTA 3:20:20.001-3:20:20.059
Tick 78852(78754), Delay 43 ms, IGT 1:05:36.502, RTA 3:20:20.059-3:20:20.102
Tick 78923(78825), Delay 55 ms, IGT 1:05:40.052, RTA 3:20:23.601-3:20:23.656
Tick 78924(78826), Delay 2517 ms, IGT 1:05:40.102, RTA 3:20:23.656-3:20:26.173
Tick 78957(78859), Delay 1220 ms, IGT 1:05:41.752, RTA 3:20:27.774-3:20:28.994
Tick 78967(78869), Delay 743 ms, IGT 1:05:42.252, RTA 3:20:29.445-3:20:30.188
Tick 78975(78877), Delay 978 ms, IGT 1:05:42.652, RTA 3:20:30.538-3:20:31.516
Tick 78989(78891), Delay 55 ms, IGT 1:05:43.352, RTA 3:20:32.165-3:20:32.220
Tick 79034(78936), Delay 55 ms, IGT 1:05:45.602, RTA 3:20:34.415-3:20:34.470
Tick 79150(79052), Delay 55 ms, IGT 1:05:51.402, RTA 3:20:40.215-3:20:40.270
Tick 79302(79204), Delay 44 ms, IGT 1:05:59.002, RTA 3:20:47.822-3:20:47.866
Tick 79341(79243), Delay 44 ms, IGT 1:06:00.952, RTA 3:20:49.771-3:20:49.815
Tick 79525(79427), Delay 44 ms, IGT 1:06:10.152, RTA 3:20:58.971-3:20:59.015
Tick 79580(79482), Delay 55 ms, IGT 1:06:12.902, RTA 3:21:01.715-3:21:01.770
Tick 79736(79638), Delay 55 ms, IGT 1:06:20.702, RTA 3:21:09.515-3:21:09.570
Tick 80121(80023), Delay 45 ms, IGT 1:06:39.952, RTA 3:21:28.771-3:21:28.816
Tick 80143(80045), Delay 3006 ms, IGT 1:06:41.052, RTA 3:21:29.866-3:21:32.872
Tick 80180(80082), Delay 55 ms, IGT 1:06:42.902, RTA 3:21:34.673-3:21:34.728
Tick 80183(80085), Delay 45 ms, IGT 1:06:43.052, RTA 3:21:34.827-3:21:34.872
Tick 80550(80452), Delay 4184 ms, IGT 1:07:01.402, RTA 3:21:53.171-3:21:57.355
Tick 80611(80513), Delay 45 ms, IGT 1:07:04.452, RTA 3:22:00.358-3:22:00.403
Tick 80653(80555), Delay 56 ms, IGT 1:07:06.552, RTA 3:22:02.453-3:22:02.509
Tick 80654(80556), Delay 44 ms, IGT 1:07:06.602, RTA 3:22:02.509-3:22:02.553
Tick 80657(80559), Delay 43 ms, IGT 1:07:06.752, RTA 3:22:02.659-3:22:02.702
Tick 80730(80632), Delay 44 ms, IGT 1:07:10.402, RTA 3:22:06.308-3:22:06.352
Tick 80751(80653), Delay 55 ms, IGT 1:07:11.452, RTA 3:22:07.352-3:22:07.407
Tick 80810(80712), Delay 55 ms, IGT 1:07:14.402, RTA 3:22:10.301-3:22:10.356
Tick 80954(80856), Delay 55 ms, IGT 1:07:21.602, RTA 3:22:17.502-3:22:17.557
Tick 81047(80949), Delay 45 ms, IGT 1:07:26.252, RTA 3:22:22.158-3:22:22.203
Tick 81326(81228), Delay 55 ms, IGT 1:07:40.202, RTA 3:22:36.102-3:22:36.157
Tick 81587(81489), Delay 55 ms, IGT 1:07:53.252, RTA 3:22:49.151-3:22:49.206
Tick 81701(81603), Delay 56 ms, IGT 1:07:58.952, RTA 3:22:54.854-3:22:54.910
Tick 81702(81604), Delay 45 ms, IGT 1:07:59.002, RTA 3:22:54.910-3:22:54.955
Tick 81746(81648), Delay 524 ms, IGT 1:08:01.202, RTA 3:22:57.105-3:22:57.629
Tick 81755(81657), Delay 731 ms, IGT 1:08:01.652, RTA 3:22:58.030-3:22:58.761
Tick 81764(81666), Delay 713 ms, IGT 1:08:02.102, RTA 3:22:59.161-3:22:59.874
Tick 81775(81677), Delay 502 ms, IGT 1:08:02.652, RTA 3:23:00.375-3:23:00.877
Tick 81794(81696), Delay 318 ms, IGT 1:08:03.602, RTA 3:23:01.779-3:23:02.097
Tick 81803(81705), Delay 1209 ms, IGT 1:08:04.052, RTA 3:23:02.500-3:23:03.709
Tick 81953(81855), Delay 45 ms, IGT 1:08:11.552, RTA 3:23:11.164-3:23:11.209
Tick 82010(81912), Delay 55 ms, IGT 1:08:14.402, RTA 3:23:14.009-3:23:14.064
Tick 82012(81914), Delay 45 ms, IGT 1:08:14.502, RTA 3:23:14.114-3:23:14.159
Tick 82133(82035), Delay 55 ms, IGT 1:08:20.552, RTA 3:23:20.158-3:23:20.213
Tick 82173(82075), Delay 44 ms, IGT 1:08:22.552, RTA 3:23:22.164-3:23:22.208
Tick 82657(82559), Delay 55 ms, IGT 1:08:46.752, RTA 3:23:46.359-3:23:46.414
Tick 83372(83274), Delay 55 ms, IGT 1:09:22.502, RTA 3:24:22.109-3:24:22.164
Tick 83481(83383), Delay 56 ms, IGT 1:09:27.952, RTA 3:24:27.558-3:24:27.614
Tick 84186(84088), Delay 57 ms, IGT 1:10:03.202, RTA 3:25:02.808-3:25:02.865
Tick 84440(84342), Delay 55 ms, IGT 1:10:15.902, RTA 3:25:15.508-3:25:15.563
Tick 84468(84370), Delay 55 ms, IGT 1:10:17.302, RTA 3:25:16.908-3:25:16.963
Tick 85020(84922), Delay 56 ms, IGT 1:10:44.902, RTA 3:25:44.510-3:25:44.566
Tick 85021(84923), Delay 42 ms, IGT 1:10:44.952, RTA 3:25:44.566-3:25:44.608
Tick 85574(85476), Delay 188465 ms, IGT 1:11:12.602, RTA 3:26:12.210-3:29:20.675
Tick 85610(85512), Delay 41 ms, IGT 1:11:14.402, RTA 3:29:22.432-3:29:22.473
Tick 85691(85593), Delay 3420 ms, IGT 1:11:18.452, RTA 3:29:26.474-3:29:29.894
Tick 85699(85601), Delay 55 ms, IGT 1:11:18.852, RTA 3:29:30.243-3:29:30.298
Tick 85779(85681), Delay 56 ms, IGT 1:11:22.852, RTA 3:29:34.243-3:29:34.299
Tick 85780(85682), Delay 44 ms, IGT 1:11:22.902, RTA 3:29:34.299-3:29:34.343
Tick 85797(85699), Delay 55 ms, IGT 1:11:23.752, RTA 3:29:35.143-3:29:35.198
Tick 85845(85747), Delay 56 ms, IGT 1:11:26.152, RTA 3:29:37.545-3:29:37.601
Tick 85846(85748), Delay 43 ms, IGT 1:11:26.202, RTA 3:29:37.601-3:29:37.644
Tick 85959(85861), Delay 44 ms, IGT 1:11:31.852, RTA 3:29:43.251-3:29:43.295
Tick 85989(85891), Delay 45 ms, IGT 1:11:33.352, RTA 3:29:44.748-3:29:44.793
Tick 86157(86059), Delay 55 ms, IGT 1:11:41.752, RTA 3:29:53.143-3:29:53.198
Tick 86239(86141), Delay 55 ms, IGT 1:11:45.852, RTA 3:29:57.244-3:29:57.299
Tick 86359(86261), Delay 45 ms, IGT 1:11:51.852, RTA 3:30:03.249-3:30:03.294
Tick 86753(86655), Delay 55 ms, IGT 1:12:11.552, RTA 3:30:22.943-3:30:22.998
Tick 86754(86656), Delay 45 ms, IGT 1:12:11.602, RTA 3:30:22.998-3:30:23.043
Tick 86759(86661), Delay 45 ms, IGT 1:12:11.852, RTA 3:30:23.248-3:30:23.293
Tick 86947(86848), Delay 400 ms, IGT 1:12:21.202, RTA 3:30:32.644-3:30:33.044
Tick 86948(86848), Delay 86460 ms, IGT 1:12:21.202, RTA 3:30:33.044-3:31:59.504
Tick 86949(86849), Delay 83 ms, IGT 1:12:21.216, RTA 3:31:59.504-3:31:59.587
Tick 86950(86850), Delay 1 ms, IGT 1:12:21.266, RTA 3:31:59.587-3:31:59.588
Tick 86951(86851), Delay 45 ms, IGT 1:12:21.316, RTA 3:31:59.588-3:31:59.633
Tick 86956(86856), Delay 55 ms, IGT 1:12:21.566, RTA 3:31:59.831-3:31:59.886
Tick 86994(86894), Delay 59 ms, IGT 1:12:23.466, RTA 3:32:01.732-3:32:01.791
Tick 86995(86895), Delay 39 ms, IGT 1:12:23.516, RTA 3:32:01.791-3:32:01.830
Tick 87045(86945), Delay 30708 ms, IGT 1:12:26.016, RTA 3:32:04.281-3:32:34.989
Tick 87054(86954), Delay 89 ms, IGT 1:12:26.466, RTA 3:32:35.393-3:32:35.482
Tick 87055(86955), Delay 9 ms, IGT 1:12:26.516, RTA 3:32:35.482-3:32:35.491
Tick 87066(86966), Delay 55 ms, IGT 1:12:27.066, RTA 3:32:35.989-3:32:36.044
Tick 87299(87199), Delay 62 ms, IGT 1:12:38.716, RTA 3:32:47.643-3:32:47.705
Tick 87300(87200), Delay 37 ms, IGT 1:12:38.766, RTA 3:32:47.705-3:32:47.742
Tick 87301(87201), Delay 62 ms, IGT 1:12:38.816, RTA 3:32:47.742-3:32:47.804
Tick 87302(87202), Delay 57 ms, IGT 1:12:38.866, RTA 3:32:47.804-3:32:47.861
Tick 87303(87203), Delay 31 ms, IGT 1:12:38.916, RTA 3:32:47.861-3:32:47.892
Tick 87304(87204), Delay 60 ms, IGT 1:12:38.966, RTA 3:32:47.892-3:32:47.952
Tick 87305(87205), Delay 39 ms, IGT 1:12:39.016, RTA 3:32:47.952-3:32:47.991
Tick 87306(87206), Delay 62 ms, IGT 1:12:39.066, RTA 3:32:47.991-3:32:48.053
Tick 87307(87207), Delay 62 ms, IGT 1:12:39.116, RTA 3:32:48.053-3:32:48.115
Tick 87308(87208), Delay 31 ms, IGT 1:12:39.166, RTA 3:32:48.115-3:32:48.146
Tick 87310(87210), Delay 62 ms, IGT 1:12:39.266, RTA 3:32:48.192-3:32:48.254
Tick 87311(87211), Delay 61 ms, IGT 1:12:39.316, RTA 3:32:48.254-3:32:48.315
Tick 87312(87212), Delay 31 ms, IGT 1:12:39.366, RTA 3:32:48.315-3:32:48.346
Tick 87313(87213), Delay 61 ms, IGT 1:12:39.416, RTA 3:32:48.346-3:32:48.407
Tick 87314(87214), Delay 60 ms, IGT 1:12:39.466, RTA 3:32:48.407-3:32:48.467
Tick 87315(87215), Delay 31 ms, IGT 1:12:39.516, RTA 3:32:48.467-3:32:48.498
Tick 87316(87216), Delay 61 ms, IGT 1:12:39.566, RTA 3:32:48.498-3:32:48.559
Tick 87317(87217), Delay 30 ms, IGT 1:12:39.616, RTA 3:32:48.559-3:32:48.589
Tick 87318(87218), Delay 64 ms, IGT 1:12:39.666, RTA 3:32:48.589-3:32:48.653
Tick 87319(87219), Delay 63 ms, IGT 1:12:39.716, RTA 3:32:48.653-3:32:48.716
Tick 87320(87220), Delay 30 ms, IGT 1:12:39.766, RTA 3:32:48.716-3:32:48.746
Tick 87321(87221), Delay 43 ms, IGT 1:12:39.816, RTA 3:32:48.746-3:32:48.789
Tick 87323(87223), Delay 61 ms, IGT 1:12:39.916, RTA 3:32:48.840-3:32:48.901
Tick 87324(87224), Delay 59 ms, IGT 1:12:39.966, RTA 3:32:48.901-3:32:48.960
Tick 87325(87225), Delay 32 ms, IGT 1:12:40.016, RTA 3:32:48.960-3:32:48.992
Tick 87326(87226), Delay 61 ms, IGT 1:12:40.066, RTA 3:32:48.992-3:32:49.053
Tick 87327(87227), Delay 38 ms, IGT 1:12:40.116, RTA 3:32:49.053-3:32:49.091
Tick 87328(87228), Delay 61 ms, IGT 1:12:40.166, RTA 3:32:49.091-3:32:49.152
Tick 87329(87229), Delay 59 ms, IGT 1:12:40.216, RTA 3:32:49.152-3:32:49.211
Tick 87330(87230), Delay 32 ms, IGT 1:12:40.266, RTA 3:32:49.211-3:32:49.243
Tick 87331(87231), Delay 60 ms, IGT 1:12:40.316, RTA 3:32:49.243-3:32:49.303
Tick 87332(87232), Delay 58 ms, IGT 1:12:40.366, RTA 3:32:49.303-3:32:49.361
Tick 87333(87233), Delay 30 ms, IGT 1:12:40.416, RTA 3:32:49.361-3:32:49.391
Tick 87334(87234), Delay 60 ms, IGT 1:12:40.466, RTA 3:32:49.391-3:32:49.451
Tick 87335(87235), Delay 60 ms, IGT 1:12:40.516, RTA 3:32:49.451-3:32:49.511
Tick 87336(87236), Delay 30 ms, IGT 1:12:40.566, RTA 3:32:49.511-3:32:49.541
Tick 87337(87237), Delay 63 ms, IGT 1:12:40.616, RTA 3:32:49.541-3:32:49.604
Tick 87338(87238), Delay 57 ms, IGT 1:12:40.666, RTA 3:32:49.604-3:32:49.661
Tick 87339(87239), Delay 33 ms, IGT 1:12:40.716, RTA 3:32:49.661-3:32:49.694
Tick 87340(87240), Delay 61 ms, IGT 1:12:40.766, RTA 3:32:49.694-3:32:49.755
Tick 87341(87241), Delay 61 ms, IGT 1:12:40.816, RTA 3:32:49.755-3:32:49.816
Tick 87342(87242), Delay 31 ms, IGT 1:12:40.866, RTA 3:32:49.816-3:32:49.847
Tick 87343(87243), Delay 60 ms, IGT 1:12:40.916, RTA 3:32:49.847-3:32:49.907
Tick 87345(87245), Delay 32 ms, IGT 1:12:41.016, RTA 3:32:49.960-3:32:49.992
Tick 87346(87246), Delay 61 ms, IGT 1:12:41.066, RTA 3:32:49.992-3:32:50.053
Tick 87347(87247), Delay 58 ms, IGT 1:12:41.116, RTA 3:32:50.053-3:32:50.111
Tick 87348(87248), Delay 30 ms, IGT 1:12:41.166, RTA 3:32:50.111-3:32:50.141
Tick 87349(87249), Delay 62 ms, IGT 1:12:41.216, RTA 3:32:50.141-3:32:50.203
Tick 87350(87250), Delay 58 ms, IGT 1:12:41.266, RTA 3:32:50.203-3:32:50.261
Tick 87351(87251), Delay 31 ms, IGT 1:12:41.316, RTA 3:32:50.261-3:32:50.292
Tick 87352(87252), Delay 61 ms, IGT 1:12:41.366, RTA 3:32:50.292-3:32:50.353
Tick 87353(87253), Delay 36 ms, IGT 1:12:41.416, RTA 3:32:50.353-3:32:50.389
Tick 87427(87327), Delay 92 ms, IGT 1:12:45.116, RTA 3:32:54.040-3:32:54.132
Tick 87428(87328), Delay 8 ms, IGT 1:12:45.166, RTA 3:32:54.132-3:32:54.140
Tick 87744(87644), Delay 70 ms, IGT 1:13:00.966, RTA 3:33:09.889-3:33:09.959
Tick 87745(87645), Delay 31 ms, IGT 1:13:01.016, RTA 3:33:09.959-3:33:09.990
Tick 89275(89175), Delay 26483 ms, IGT 1:14:17.516, RTA 3:34:26.439-3:34:52.922
Tick 89763(89663), Delay 1959 ms, IGT 1:14:41.916, RTA 3:35:17.272-3:35:19.231
Tick 89840(89740), Delay 1872 ms, IGT 1:14:45.766, RTA 3:35:23.032-3:35:24.904
Tick 90395(90295), Delay 56 ms, IGT 1:15:13.516, RTA 3:35:52.605-3:35:52.661
Tick 90396(90296), Delay 65 ms, IGT 1:15:13.566, RTA 3:35:52.661-3:35:52.726
Tick 90397(90297), Delay 31 ms, IGT 1:15:13.616, RTA 3:35:52.726-3:35:52.757
Tick 90399(90299), Delay 61 ms, IGT 1:15:13.716, RTA 3:35:52.811-3:35:52.872
Tick 90400(90300), Delay 31 ms, IGT 1:15:13.766, RTA 3:35:52.872-3:35:52.903
Tick 90401(90301), Delay 58 ms, IGT 1:15:13.816, RTA 3:35:52.903-3:35:52.961
Tick 90402(90302), Delay 61 ms, IGT 1:15:13.866, RTA 3:35:52.961-3:35:53.022
Tick 90403(90303), Delay 62 ms, IGT 1:15:13.916, RTA 3:35:53.022-3:35:53.084
Tick 90404(90304), Delay 26 ms, IGT 1:15:13.966, RTA 3:35:53.084-3:35:53.110
Tick 90405(90305), Delay 63 ms, IGT 1:15:14.016, RTA 3:35:53.110-3:35:53.173
Tick 90406(90306), Delay 31 ms, IGT 1:15:14.066, RTA 3:35:53.173-3:35:53.204
Tick 90407(90307), Delay 62 ms, IGT 1:15:14.116, RTA 3:35:53.204-3:35:53.266
Tick 90408(90308), Delay 61 ms, IGT 1:15:14.166, RTA 3:35:53.266-3:35:53.327
Tick 90409(90309), Delay 31 ms, IGT 1:15:14.216, RTA 3:35:53.327-3:35:53.358
Tick 90410(90310), Delay 60 ms, IGT 1:15:14.266, RTA 3:35:53.358-3:35:53.418
Tick 90411(90311), Delay 61 ms, IGT 1:15:14.316, RTA 3:35:53.418-3:35:53.479
Tick 90412(90312), Delay 30 ms, IGT 1:15:14.366, RTA 3:35:53.479-3:35:53.509
Tick 90413(90313), Delay 61 ms, IGT 1:15:14.416, RTA 3:35:53.509-3:35:53.570
Tick 90414(90314), Delay 61 ms, IGT 1:15:14.466, RTA 3:35:53.570-3:35:53.631
Tick 90415(90315), Delay 31 ms, IGT 1:15:14.516, RTA 3:35:53.631-3:35:53.662
Tick 90416(90316), Delay 65 ms, IGT 1:15:14.566, RTA 3:35:53.662-3:35:53.727
Tick 90417(90317), Delay 30 ms, IGT 1:15:14.616, RTA 3:35:53.727-3:35:53.757
Tick 90418(90318), Delay 61 ms, IGT 1:15:14.666, RTA 3:35:53.757-3:35:53.818
Tick 90419(90319), Delay 62 ms, IGT 1:15:14.716, RTA 3:35:53.818-3:35:53.880
Tick 90420(90320), Delay 30 ms, IGT 1:15:14.766, RTA 3:35:53.880-3:35:53.910
Tick 90421(90321), Delay 60 ms, IGT 1:15:14.816, RTA 3:35:53.910-3:35:53.970
Tick 90422(90322), Delay 61 ms, IGT 1:15:14.866, RTA 3:35:53.970-3:35:54.031
Tick 90423(90323), Delay 32 ms, IGT 1:15:14.916, RTA 3:35:54.031-3:35:54.063
Tick 90425(90325), Delay 61 ms, IGT 1:15:15.016, RTA 3:35:54.110-3:35:54.171
Tick 90426(90326), Delay 62 ms, IGT 1:15:15.066, RTA 3:35:54.171-3:35:54.233
Tick 90427(90327), Delay 31 ms, IGT 1:15:15.116, RTA 3:35:54.233-3:35:54.264
Tick 90429(90329), Delay 62 ms, IGT 1:15:15.216, RTA 3:35:54.311-3:35:54.373
Tick 90430(90330), Delay 31 ms, IGT 1:15:15.266, RTA 3:35:54.373-3:35:54.404
Tick 90431(90331), Delay 62 ms, IGT 1:15:15.316, RTA 3:35:54.404-3:35:54.466
Tick 90432(90332), Delay 60 ms, IGT 1:15:15.366, RTA 3:35:54.466-3:35:54.526
Tick 90433(90333), Delay 30 ms, IGT 1:15:15.416, RTA 3:35:54.526-3:35:54.556
Tick 90434(90334), Delay 62 ms, IGT 1:15:15.466, RTA 3:35:54.556-3:35:54.618
Tick 90435(90335), Delay 61 ms, IGT 1:15:15.516, RTA 3:35:54.618-3:35:54.679
Tick 90436(90336), Delay 34 ms, IGT 1:15:15.566, RTA 3:35:54.679-3:35:54.713
Tick 90437(90337), Delay 62 ms, IGT 1:15:15.616, RTA 3:35:54.713-3:35:54.775
Tick 90438(90338), Delay 30 ms, IGT 1:15:15.666, RTA 3:35:54.775-3:35:54.805
Tick 90439(90339), Delay 62 ms, IGT 1:15:15.716, RTA 3:35:54.805-3:35:54.867
Tick 90440(90340), Delay 61 ms, IGT 1:15:15.766, RTA 3:35:54.867-3:35:54.928
Tick 90441(90341), Delay 31 ms, IGT 1:15:15.816, RTA 3:35:54.928-3:35:54.959
Tick 90442(90342), Delay 61 ms, IGT 1:15:15.866, RTA 3:35:54.959-3:35:55.020
Tick 90443(90343), Delay 40 ms, IGT 1:15:15.916, RTA 3:35:55.020-3:35:55.060
Tick 90445(90345), Delay 62 ms, IGT 1:15:16.016, RTA 3:35:55.109-3:35:55.171
Tick 90446(90346), Delay 33 ms, IGT 1:15:16.066, RTA 3:35:55.171-3:35:55.204
Tick 90448(90348), Delay 55 ms, IGT 1:15:16.166, RTA 3:35:55.257-3:35:55.312
Tick 90449(90349), Delay 44 ms, IGT 1:15:16.216, RTA 3:35:55.312-3:35:55.356
Tick 91655(91555), Delay 57 ms, IGT 1:16:16.516, RTA 3:36:55.604-3:36:55.661
Tick 91656(91556), Delay 62 ms, IGT 1:16:16.566, RTA 3:36:55.661-3:36:55.723
Tick 91657(91557), Delay 31 ms, IGT 1:16:16.616, RTA 3:36:55.723-3:36:55.754
Tick 91658(91558), Delay 57 ms, IGT 1:16:16.666, RTA 3:36:55.754-3:36:55.811
Tick 91659(91559), Delay 61 ms, IGT 1:16:16.716, RTA 3:36:55.811-3:36:55.872
Tick 91660(91560), Delay 61 ms, IGT 1:16:16.766, RTA 3:36:55.872-3:36:55.933
Tick 91661(91561), Delay 28 ms, IGT 1:16:16.816, RTA 3:36:55.933-3:36:55.961
Tick 91662(91562), Delay 61 ms, IGT 1:16:16.866, RTA 3:36:55.961-3:36:56.022
Tick 91663(91563), Delay 61 ms, IGT 1:16:16.916, RTA 3:36:56.022-3:36:56.083
Tick 91664(91564), Delay 27 ms, IGT 1:16:16.966, RTA 3:36:56.083-3:36:56.110
Tick 91665(91565), Delay 43 ms, IGT 1:16:17.016, RTA 3:36:56.110-3:36:56.153
Tick 91768(91668), Delay 1985 ms, IGT 1:16:22.166, RTA 3:37:01.254-3:37:03.239
Tick 92156(92056), Delay 55 ms, IGT 1:16:41.566, RTA 3:37:22.589-3:37:22.644
Tick 92157(92057), Delay 63 ms, IGT 1:16:41.616, RTA 3:37:22.644-3:37:22.707
Tick 92158(92058), Delay 60 ms, IGT 1:16:41.666, RTA 3:37:22.707-3:37:22.767
Tick 92159(92059), Delay 31 ms, IGT 1:16:41.716, RTA 3:37:22.767-3:37:22.798
Tick 92160(92060), Delay 62 ms, IGT 1:16:41.766, RTA 3:37:22.798-3:37:22.860
Tick 92161(92061), Delay 30 ms, IGT 1:16:41.816, RTA 3:37:22.860-3:37:22.890
Tick 92162(92062), Delay 61 ms, IGT 1:16:41.866, RTA 3:37:22.890-3:37:22.951
Tick 92163(92063), Delay 58 ms, IGT 1:16:41.916, RTA 3:37:22.951-3:37:23.009
Tick 92164(92064), Delay 32 ms, IGT 1:16:41.966, RTA 3:37:23.009-3:37:23.041
Tick 92165(92065), Delay 61 ms, IGT 1:16:42.016, RTA 3:37:23.041-3:37:23.102
Tick 92166(92066), Delay 61 ms, IGT 1:16:42.066, RTA 3:37:23.102-3:37:23.163
Tick 92167(92067), Delay 31 ms, IGT 1:16:42.116, RTA 3:37:23.163-3:37:23.194
Tick 92169(92069), Delay 61 ms, IGT 1:16:42.216, RTA 3:37:23.243-3:37:23.304
Tick 92170(92070), Delay 58 ms, IGT 1:16:42.266, RTA 3:37:23.304-3:37:23.362
Tick 92171(92071), Delay 33 ms, IGT 1:16:42.316, RTA 3:37:23.362-3:37:23.395
Tick 92172(92072), Delay 61 ms, IGT 1:16:42.366, RTA 3:37:23.395-3:37:23.456
Tick 92173(92073), Delay 55 ms, IGT 1:16:42.416, RTA 3:37:23.456-3:37:23.511
Tick 92174(92074), Delay 31 ms, IGT 1:16:42.466, RTA 3:37:23.511-3:37:23.542
Tick 92175(92075), Delay 62 ms, IGT 1:16:42.516, RTA 3:37:23.542-3:37:23.604
Tick 92176(92076), Delay 57 ms, IGT 1:16:42.566, RTA 3:37:23.604-3:37:23.661
Tick 92177(92077), Delay 34 ms, IGT 1:16:42.616, RTA 3:37:23.661-3:37:23.695
Tick 92178(92078), Delay 61 ms, IGT 1:16:42.666, RTA 3:37:23.695-3:37:23.756
Tick 92179(92079), Delay 55 ms, IGT 1:16:42.716, RTA 3:37:23.756-3:37:23.811
Tick 92180(92080), Delay 31 ms, IGT 1:16:42.766, RTA 3:37:23.811-3:37:23.842
Tick 92181(92081), Delay 62 ms, IGT 1:16:42.816, RTA 3:37:23.842-3:37:23.904
Tick 92182(92082), Delay 57 ms, IGT 1:16:42.866, RTA 3:37:23.904-3:37:23.961
Tick 92183(92083), Delay 31 ms, IGT 1:16:42.916, RTA 3:37:23.961-3:37:23.992
Tick 92185(92085), Delay 61 ms, IGT 1:16:43.016, RTA 3:37:24.041-3:37:24.102
Tick 92186(92086), Delay 40 ms, IGT 1:16:43.066, RTA 3:37:24.102-3:37:24.142
Tick 92187(92087), Delay 60 ms, IGT 1:16:43.116, RTA 3:37:24.142-3:37:24.202
Tick 92188(92088), Delay 58 ms, IGT 1:16:43.166, RTA 3:37:24.202-3:37:24.260
Tick 92189(92089), Delay 32 ms, IGT 1:16:43.216, RTA 3:37:24.260-3:37:24.292
Tick 92190(92090), Delay 61 ms, IGT 1:16:43.266, RTA 3:37:24.292-3:37:24.353
Tick 92191(92091), Delay 58 ms, IGT 1:16:43.316, RTA 3:37:24.353-3:37:24.411
Tick 92192(92092), Delay 32 ms, IGT 1:16:43.366, RTA 3:37:24.411-3:37:24.443
Tick 92193(92093), Delay 61 ms, IGT 1:16:43.416, RTA 3:37:24.443-3:37:24.504
Tick 92194(92094), Delay 57 ms, IGT 1:16:43.466, RTA 3:37:24.504-3:37:24.561
Tick 92195(92095), Delay 31 ms, IGT 1:16:43.516, RTA 3:37:24.561-3:37:24.592
Tick 92196(92096), Delay 61 ms, IGT 1:16:43.566, RTA 3:37:24.592-3:37:24.653
Tick 92197(92097), Delay 58 ms, IGT 1:16:43.616, RTA 3:37:24.653-3:37:24.711
Tick 92198(92098), Delay 32 ms, IGT 1:16:43.666, RTA 3:37:24.711-3:37:24.743
Tick 92199(92099), Delay 61 ms, IGT 1:16:43.716, RTA 3:37:24.743-3:37:24.804
Tick 92200(92100), Delay 57 ms, IGT 1:16:43.766, RTA 3:37:24.804-3:37:24.861
Tick 92201(92101), Delay 30 ms, IGT 1:16:43.816, RTA 3:37:24.861-3:37:24.891
Tick 92202(92102), Delay 62 ms, IGT 1:16:43.866, RTA 3:37:24.891-3:37:24.953
Tick 92203(92103), Delay 57 ms, IGT 1:16:43.916, RTA 3:37:24.953-3:37:25.010
Tick 92204(92104), Delay 32 ms, IGT 1:16:43.966, RTA 3:37:25.010-3:37:25.042
Tick 92205(92105), Delay 62 ms, IGT 1:16:44.016, RTA 3:37:25.042-3:37:25.104
Tick 92206(92106), Delay 58 ms, IGT 1:16:44.066, RTA 3:37:25.104-3:37:25.162
Tick 92207(92107), Delay 31 ms, IGT 1:16:44.116, RTA 3:37:25.162-3:37:25.193
Tick 92208(92108), Delay 62 ms, IGT 1:16:44.166, RTA 3:37:25.193-3:37:25.255
Tick 92209(92109), Delay 56 ms, IGT 1:16:44.216, RTA 3:37:25.255-3:37:25.311
Tick 92210(92110), Delay 31 ms, IGT 1:16:44.266, RTA 3:37:25.311-3:37:25.342
Tick 92211(92111), Delay 62 ms, IGT 1:16:44.316, RTA 3:37:25.342-3:37:25.404
Tick 92212(92112), Delay 56 ms, IGT 1:16:44.366, RTA 3:37:25.404-3:37:25.460
Tick 92213(92113), Delay 32 ms, IGT 1:16:44.416, RTA 3:37:25.460-3:37:25.492
Tick 92214(92114), Delay 61 ms, IGT 1:16:44.466, RTA 3:37:25.492-3:37:25.553
Tick 92215(92115), Delay 61 ms, IGT 1:16:44.516, RTA 3:37:25.553-3:37:25.614
Tick 92216(92116), Delay 31 ms, IGT 1:16:44.566, RTA 3:37:25.614-3:37:25.645
Tick 92217(92117), Delay 62 ms, IGT 1:16:44.616, RTA 3:37:25.645-3:37:25.707
Tick 92218(92118), Delay 33 ms, IGT 1:16:44.666, RTA 3:37:25.707-3:37:25.740
Tick 92219(92119), Delay 61 ms, IGT 1:16:44.716, RTA 3:37:25.740-3:37:25.801
Tick 92220(92120), Delay 61 ms, IGT 1:16:44.766, RTA 3:37:25.801-3:37:25.862
Tick 92221(92121), Delay 31 ms, IGT 1:16:44.816, RTA 3:37:25.862-3:37:25.893
Tick 92222(92122), Delay 61 ms, IGT 1:16:44.866, RTA 3:37:25.893-3:37:25.954
Tick 92223(92123), Delay 56 ms, IGT 1:16:44.916, RTA 3:37:25.954-3:37:26.010
Tick 92224(92124), Delay 31 ms, IGT 1:16:44.966, RTA 3:37:26.010-3:37:26.041
Tick 92225(92125), Delay 63 ms, IGT 1:16:45.016, RTA 3:37:26.041-3:37:26.104
Tick 92226(92126), Delay 61 ms, IGT 1:16:45.066, RTA 3:37:26.104-3:37:26.165
Tick 92227(92127), Delay 30 ms, IGT 1:16:45.116, RTA 3:37:26.165-3:37:26.195
Tick 92229(92129), Delay 60 ms, IGT 1:16:45.216, RTA 3:37:26.241-3:37:26.301
Tick 92230(92130), Delay 60 ms, IGT 1:16:45.266, RTA 3:37:26.301-3:37:26.361
Tick 92231(92131), Delay 31 ms, IGT 1:16:45.316, RTA 3:37:26.361-3:37:26.392
Tick 92232(92132), Delay 60 ms, IGT 1:16:45.366, RTA 3:37:26.392-3:37:26.452
Tick 92233(92133), Delay 59 ms, IGT 1:16:45.416, RTA 3:37:26.452-3:37:26.511
Tick 92234(92134), Delay 31 ms, IGT 1:16:45.466, RTA 3:37:26.511-3:37:26.542
Tick 92235(92135), Delay 62 ms, IGT 1:16:45.516, RTA 3:37:26.542-3:37:26.604
Tick 92236(92136), Delay 57 ms, IGT 1:16:45.566, RTA 3:37:26.604-3:37:26.661
Tick 92237(92137), Delay 31 ms, IGT 1:16:45.616, RTA 3:37:26.661-3:37:26.692
Tick 92238(92138), Delay 62 ms, IGT 1:16:45.666, RTA 3:37:26.692-3:37:26.754
Tick 92239(92139), Delay 63 ms, IGT 1:16:45.716, RTA 3:37:26.754-3:37:26.817
Tick 92240(92140), Delay 30 ms, IGT 1:16:45.766, RTA 3:37:26.817-3:37:26.847
Tick 92241(92141), Delay 62 ms, IGT 1:16:45.816, RTA 3:37:26.847-3:37:26.909
Tick 92242(92142), Delay 30 ms, IGT 1:16:45.866, RTA 3:37:26.909-3:37:26.939
Tick 92243(92143), Delay 61 ms, IGT 1:16:45.916, RTA 3:37:26.939-3:37:27.000
Tick 92244(92144), Delay 41 ms, IGT 1:16:45.966, RTA 3:37:27.000-3:37:27.041
Tick 92245(92145), Delay 63 ms, IGT 1:16:46.016, RTA 3:37:27.041-3:37:27.104
Tick 92246(92146), Delay 61 ms, IGT 1:16:46.066, RTA 3:37:27.104-3:37:27.165
Tick 92247(92147), Delay 31 ms, IGT 1:16:46.116, RTA 3:37:27.165-3:37:27.196
Tick 92248(92148), Delay 61 ms, IGT 1:16:46.166, RTA 3:37:27.196-3:37:27.257
Tick 92249(92149), Delay 61 ms, IGT 1:16:46.216, RTA 3:37:27.257-3:37:27.318
Tick 92250(92150), Delay 30 ms, IGT 1:16:46.266, RTA 3:37:27.318-3:37:27.348
Tick 92251(92151), Delay 61 ms, IGT 1:16:46.316, RTA 3:37:27.348-3:37:27.409
Tick 92252(92152), Delay 30 ms, IGT 1:16:46.366, RTA 3:37:27.409-3:37:27.439
Tick 92253(92153), Delay 61 ms, IGT 1:16:46.416, RTA 3:37:27.439-3:37:27.500
Tick 92254(92154), Delay 61 ms, IGT 1:16:46.466, RTA 3:37:27.500-3:37:27.561
Tick 92255(92155), Delay 31 ms, IGT 1:16:46.516, RTA 3:37:27.561-3:37:27.592
Tick 92256(92156), Delay 62 ms, IGT 1:16:46.566, RTA 3:37:27.592-3:37:27.654
Tick 92257(92157), Delay 62 ms, IGT 1:16:46.616, RTA 3:37:27.654-3:37:27.716
Tick 92258(92158), Delay 30 ms, IGT 1:16:46.666, RTA 3:37:27.716-3:37:27.746
Tick 92259(92159), Delay 64 ms, IGT 1:16:46.716, RTA 3:37:27.746-3:37:27.810
Tick 92260(92160), Delay 30 ms, IGT 1:16:46.766, RTA 3:37:27.810-3:37:27.840
Tick 92261(92161), Delay 62 ms, IGT 1:16:46.816, RTA 3:37:27.840-3:37:27.902
Tick 92262(92162), Delay 62 ms, IGT 1:16:46.866, RTA 3:37:27.902-3:37:27.964
Tick 92263(92163), Delay 31 ms, IGT 1:16:46.916, RTA 3:37:27.964-3:37:27.995
Tick 92264(92164), Delay 45 ms, IGT 1:16:46.966, RTA 3:37:27.995-3:37:28.040
Tick 92265(92165), Delay 61 ms, IGT 1:16:47.016, RTA 3:37:28.040-3:37:28.101
Tick 92266(92166), Delay 61 ms, IGT 1:16:47.066, RTA 3:37:28.101-3:37:28.162
Tick 92267(92167), Delay 31 ms, IGT 1:16:47.116, RTA 3:37:28.162-3:37:28.193
Tick 92268(92168), Delay 61 ms, IGT 1:16:47.166, RTA 3:37:28.193-3:37:28.254
Tick 92269(92169), Delay 57 ms, IGT 1:16:47.216, RTA 3:37:28.254-3:37:28.311
Tick 92270(92170), Delay 31 ms, IGT 1:16:47.266, RTA 3:37:28.311-3:37:28.342
Tick 92271(92171), Delay 61 ms, IGT 1:16:47.316, RTA 3:37:28.342-3:37:28.403
Tick 92272(92172), Delay 58 ms, IGT 1:16:47.366, RTA 3:37:28.403-3:37:28.461
Tick 92273(92173), Delay 30 ms, IGT 1:16:47.416, RTA 3:37:28.461-3:37:28.491
Tick 92274(92174), Delay 62 ms, IGT 1:16:47.466, RTA 3:37:28.491-3:37:28.553
Tick 92275(92175), Delay 59 ms, IGT 1:16:47.516, RTA 3:37:28.553-3:37:28.612
Tick 92276(92176), Delay 30 ms, IGT 1:16:47.566, RTA 3:37:28.612-3:37:28.642
Tick 92277(92177), Delay 61 ms, IGT 1:16:47.616, RTA 3:37:28.642-3:37:28.703
Tick 92278(92178), Delay 62 ms, IGT 1:16:47.666, RTA 3:37:28.703-3:37:28.765
Tick 92279(92179), Delay 33 ms, IGT 1:16:47.716, RTA 3:37:28.765-3:37:28.798
Tick 92280(92180), Delay 61 ms, IGT 1:16:47.766, RTA 3:37:28.798-3:37:28.859
Tick 92281(92181), Delay 30 ms, IGT 1:16:47.816, RTA 3:37:28.859-3:37:28.889
Tick 92282(92182), Delay 62 ms, IGT 1:16:47.866, RTA 3:37:28.889-3:37:28.951
Tick 92283(92183), Delay 59 ms, IGT 1:16:47.916, RTA 3:37:28.951-3:37:29.010
Tick 92284(92184), Delay 30 ms, IGT 1:16:47.966, RTA 3:37:29.010-3:37:29.040
Tick 92285(92185), Delay 60 ms, IGT 1:16:48.016, RTA 3:37:29.040-3:37:29.100
Tick 92286(92186), Delay 61 ms, IGT 1:16:48.066, RTA 3:37:29.100-3:37:29.161
Tick 92287(92187), Delay 30 ms, IGT 1:16:48.116, RTA 3:37:29.161-3:37:29.191
Tick 92289(92189), Delay 61 ms, IGT 1:16:48.216, RTA 3:37:29.243-3:37:29.304
Tick 92290(92190), Delay 62 ms, IGT 1:16:48.266, RTA 3:37:29.304-3:37:29.366
Tick 92291(92191), Delay 30 ms, IGT 1:16:48.316, RTA 3:37:29.366-3:37:29.396
Tick 92292(92192), Delay 60 ms, IGT 1:16:48.366, RTA 3:37:29.396-3:37:29.456
Tick 92293(92193), Delay 62 ms, IGT 1:16:48.416, RTA 3:37:29.456-3:37:29.518
Tick 92294(92194), Delay 31 ms, IGT 1:16:48.466, RTA 3:37:29.518-3:37:29.549
Tick 92295(92195), Delay 61 ms, IGT 1:16:48.516, RTA 3:37:29.549-3:37:29.610
Tick 92296(92196), Delay 31 ms, IGT 1:16:48.566, RTA 3:37:29.610-3:37:29.641
Tick 92297(92197), Delay 63 ms, IGT 1:16:48.616, RTA 3:37:29.641-3:37:29.704
Tick 92298(92198), Delay 61 ms, IGT 1:16:48.666, RTA 3:37:29.704-3:37:29.765
Tick 92299(92199), Delay 33 ms, IGT 1:16:48.716, RTA 3:37:29.765-3:37:29.798
Tick 92300(92200), Delay 60 ms, IGT 1:16:48.766, RTA 3:37:29.798-3:37:29.858
Tick 92301(92201), Delay 31 ms, IGT 1:16:48.816, RTA 3:37:29.858-3:37:29.889
Tick 92302(92202), Delay 62 ms, IGT 1:16:48.866, RTA 3:37:29.889-3:37:29.951
Tick 92303(92203), Delay 59 ms, IGT 1:16:48.916, RTA 3:37:29.951-3:37:30.010
Tick 92304(92204), Delay 31 ms, IGT 1:16:48.966, RTA 3:37:30.010-3:37:30.041
Tick 92305(92205), Delay 60 ms, IGT 1:16:49.016, RTA 3:37:30.041-3:37:30.101
Tick 92306(92206), Delay 61 ms, IGT 1:16:49.066, RTA 3:37:30.101-3:37:30.162
Tick 92307(92207), Delay 31 ms, IGT 1:16:49.116, RTA 3:37:30.162-3:37:30.193
Tick 92308(92208), Delay 62 ms, IGT 1:16:49.166, RTA 3:37:30.193-3:37:30.255
Tick 92309(92209), Delay 35 ms, IGT 1:16:49.216, RTA 3:37:30.255-3:37:30.290
Tick 92310(92210), Delay 61 ms, IGT 1:16:49.266, RTA 3:37:30.290-3:37:30.351
Tick 92311(92211), Delay 61 ms, IGT 1:16:49.316, RTA 3:37:30.351-3:37:30.412
Tick 92312(92212), Delay 31 ms, IGT 1:16:49.366, RTA 3:37:30.412-3:37:30.443
Tick 92313(92213), Delay 61 ms, IGT 1:16:49.416, RTA 3:37:30.443-3:37:30.504
Tick 92314(92214), Delay 57 ms, IGT 1:16:49.466, RTA 3:37:30.504-3:37:30.561
Tick 92315(92215), Delay 31 ms, IGT 1:16:49.516, RTA 3:37:30.561-3:37:30.592
Tick 92316(92216), Delay 63 ms, IGT 1:16:49.566, RTA 3:37:30.592-3:37:30.655
Tick 92317(92217), Delay 56 ms, IGT 1:16:49.616, RTA 3:37:30.655-3:37:30.711
Tick 92318(92218), Delay 31 ms, IGT 1:16:49.666, RTA 3:37:30.711-3:37:30.742
Tick 92319(92219), Delay 62 ms, IGT 1:16:49.716, RTA 3:37:30.742-3:37:30.804
Tick 92320(92220), Delay 60 ms, IGT 1:16:49.766, RTA 3:37:30.804-3:37:30.864
Tick 92321(92221), Delay 31 ms, IGT 1:16:49.816, RTA 3:37:30.864-3:37:30.895
Tick 92322(92222), Delay 61 ms, IGT 1:16:49.866, RTA 3:37:30.895-3:37:30.956
Tick 92324(92224), Delay 31 ms, IGT 1:16:49.966, RTA 3:37:31.010-3:37:31.041
Tick 92325(92225), Delay 61 ms, IGT 1:16:50.016, RTA 3:37:31.041-3:37:31.102
Tick 92326(92226), Delay 62 ms, IGT 1:16:50.066, RTA 3:37:31.102-3:37:31.164
Tick 92327(92227), Delay 30 ms, IGT 1:16:50.116, RTA 3:37:31.164-3:37:31.194
Tick 92328(92228), Delay 62 ms, IGT 1:16:50.166, RTA 3:37:31.194-3:37:31.256
Tick 92329(92229), Delay 62 ms, IGT 1:16:50.216, RTA 3:37:31.256-3:37:31.318
Tick 92330(92230), Delay 30 ms, IGT 1:16:50.266, RTA 3:37:31.318-3:37:31.348
Tick 92331(92231), Delay 78 ms, IGT 1:16:50.316, RTA 3:37:31.348-3:37:31.426
Tick 92332(92232), Delay 33 ms, IGT 1:16:50.366, RTA 3:37:31.426-3:37:31.459
Tick 92333(92233), Delay 34 ms, IGT 1:16:50.416, RTA 3:37:31.459-3:37:31.493
Tick 92334(92234), Delay 61 ms, IGT 1:16:50.466, RTA 3:37:31.493-3:37:31.554
Tick 92335(92235), Delay 44 ms, IGT 1:16:50.516, RTA 3:37:31.554-3:37:31.598
Tick 92336(92236), Delay 66 ms, IGT 1:16:50.566, RTA 3:37:31.598-3:37:31.664
Tick 92337(92237), Delay 30 ms, IGT 1:16:50.616, RTA 3:37:31.664-3:37:31.694
Tick 92338(92238), Delay 62 ms, IGT 1:16:50.666, RTA 3:37:31.694-3:37:31.756
Tick 92339(92239), Delay 63 ms, IGT 1:16:50.716, RTA 3:37:31.756-3:37:31.819
Tick 92340(92240), Delay 31 ms, IGT 1:16:50.766, RTA 3:37:31.819-3:37:31.850
Tick 92341(92241), Delay 62 ms, IGT 1:16:50.816, RTA 3:37:31.850-3:37:31.912
Tick 92342(92242), Delay 32 ms, IGT 1:16:50.866, RTA 3:37:31.912-3:37:31.944
Tick 92343(92243), Delay 60 ms, IGT 1:16:50.916, RTA 3:37:31.944-3:37:32.004
Tick 92344(92244), Delay 36 ms, IGT 1:16:50.966, RTA 3:37:32.004-3:37:32.040
Tick 92345(92245), Delay 63 ms, IGT 1:16:51.016, RTA 3:37:32.040-3:37:32.103
Tick 92346(92246), Delay 63 ms, IGT 1:16:51.066, RTA 3:37:32.103-3:37:32.166
Tick 92347(92247), Delay 31 ms, IGT 1:16:51.116, RTA 3:37:32.166-3:37:32.197
Tick 92348(92248), Delay 44 ms, IGT 1:16:51.166, RTA 3:37:32.197-3:37:32.241
Tick 92349(92249), Delay 62 ms, IGT 1:16:51.216, RTA 3:37:32.241-3:37:32.303
Tick 92350(92250), Delay 62 ms, IGT 1:16:51.266, RTA 3:37:32.303-3:37:32.365
Tick 92351(92251), Delay 31 ms, IGT 1:16:51.316, RTA 3:37:32.365-3:37:32.396
Tick 92352(92252), Delay 60 ms, IGT 1:16:51.366, RTA 3:37:32.396-3:37:32.456
Tick 92353(92253), Delay 35 ms, IGT 1:16:51.416, RTA 3:37:32.456-3:37:32.491
Tick 92354(92254), Delay 61 ms, IGT 1:16:51.466, RTA 3:37:32.491-3:37:32.552
Tick 92355(92255), Delay 62 ms, IGT 1:16:51.516, RTA 3:37:32.552-3:37:32.614
Tick 92356(92256), Delay 32 ms, IGT 1:16:51.566, RTA 3:37:32.614-3:37:32.646
Tick 92357(92257), Delay 61 ms, IGT 1:16:51.616, RTA 3:37:32.646-3:37:32.707
Tick 92358(92258), Delay 61 ms, IGT 1:16:51.666, RTA 3:37:32.707-3:37:32.768
Tick 92359(92259), Delay 30 ms, IGT 1:16:51.716, RTA 3:37:32.768-3:37:32.798
Tick 92360(92260), Delay 43 ms, IGT 1:16:51.766, RTA 3:37:32.798-3:37:32.841
Tick 92361(92261), Delay 62 ms, IGT 1:16:51.816, RTA 3:37:32.841-3:37:32.903
Tick 92362(92262), Delay 58 ms, IGT 1:16:51.866, RTA 3:37:32.903-3:37:32.961
Tick 92363(92263), Delay 31 ms, IGT 1:16:51.916, RTA 3:37:32.961-3:37:32.992
Tick 92365(92265), Delay 60 ms, IGT 1:16:52.016, RTA 3:37:33.041-3:37:33.101
Tick 92366(92266), Delay 40 ms, IGT 1:16:52.066, RTA 3:37:33.101-3:37:33.141
Tick 92367(92267), Delay 62 ms, IGT 1:16:52.116, RTA 3:37:33.141-3:37:33.203
Tick 92368(92268), Delay 57 ms, IGT 1:16:52.166, RTA 3:37:33.203-3:37:33.260
Tick 92369(92269), Delay 32 ms, IGT 1:16:52.216, RTA 3:37:33.260-3:37:33.292
Tick 92370(92270), Delay 61 ms, IGT 1:16:52.266, RTA 3:37:33.292-3:37:33.353
Tick 92371(92271), Delay 62 ms, IGT 1:16:52.316, RTA 3:37:33.353-3:37:33.415
Tick 92372(92272), Delay 31 ms, IGT 1:16:52.366, RTA 3:37:33.415-3:37:33.446
Tick 92373(92273), Delay 61 ms, IGT 1:16:52.416, RTA 3:37:33.446-3:37:33.507
Tick 92374(92274), Delay 61 ms, IGT 1:16:52.466, RTA 3:37:33.507-3:37:33.568
Tick 92375(92275), Delay 30 ms, IGT 1:16:52.516, RTA 3:37:33.568-3:37:33.598
Tick 92376(92276), Delay 61 ms, IGT 1:16:52.566, RTA 3:37:33.598-3:37:33.659
Tick 92377(92277), Delay 30 ms, IGT 1:16:52.616, RTA 3:37:33.659-3:37:33.689
Tick 92378(92278), Delay 61 ms, IGT 1:16:52.666, RTA 3:37:33.689-3:37:33.750
Tick 92379(92279), Delay 62 ms, IGT 1:16:52.716, RTA 3:37:33.750-3:37:33.812
Tick 92380(92280), Delay 32 ms, IGT 1:16:52.766, RTA 3:37:33.812-3:37:33.844
Tick 92381(92281), Delay 62 ms, IGT 1:16:52.816, RTA 3:37:33.844-3:37:33.906
Tick 92382(92282), Delay 62 ms, IGT 1:16:52.866, RTA 3:37:33.906-3:37:33.968
Tick 92383(92283), Delay 30 ms, IGT 1:16:52.916, RTA 3:37:33.968-3:37:33.998
Tick 92384(92284), Delay 42 ms, IGT 1:16:52.966, RTA 3:37:33.998-3:37:34.040
Tick 92385(92285), Delay 61 ms, IGT 1:16:53.016, RTA 3:37:34.040-3:37:34.101
Tick 92386(92286), Delay 60 ms, IGT 1:16:53.066, RTA 3:37:34.101-3:37:34.161
Tick 92387(92287), Delay 30 ms, IGT 1:16:53.116, RTA 3:37:34.161-3:37:34.191
Tick 92388(92288), Delay 61 ms, IGT 1:16:53.166, RTA 3:37:34.191-3:37:34.252
Tick 92389(92289), Delay 59 ms, IGT 1:16:53.216, RTA 3:37:34.252-3:37:34.311
Tick 92390(92290), Delay 30 ms, IGT 1:16:53.266, RTA 3:37:34.311-3:37:34.341
Tick 92391(92291), Delay 60 ms, IGT 1:16:53.316, RTA 3:37:34.341-3:37:34.401
Tick 92392(92292), Delay 60 ms, IGT 1:16:53.366, RTA 3:37:34.401-3:37:34.461
Tick 92393(92293), Delay 30 ms, IGT 1:16:53.416, RTA 3:37:34.461-3:37:34.491
Tick 92394(92294), Delay 60 ms, IGT 1:16:53.466, RTA 3:37:34.491-3:37:34.551
Tick 92395(92295), Delay 60 ms, IGT 1:16:53.516, RTA 3:37:34.551-3:37:34.611
Tick 92396(92296), Delay 32 ms, IGT 1:16:53.566, RTA 3:37:34.611-3:37:34.643
Tick 92397(92297), Delay 61 ms, IGT 1:16:53.616, RTA 3:37:34.643-3:37:34.704
Tick 92398(92298), Delay 57 ms, IGT 1:16:53.666, RTA 3:37:34.704-3:37:34.761
Tick 92399(92299), Delay 31 ms, IGT 1:16:53.716, RTA 3:37:34.761-3:37:34.792
Tick 92400(92300), Delay 63 ms, IGT 1:16:53.766, RTA 3:37:34.792-3:37:34.855
Tick 92401(92301), Delay 56 ms, IGT 1:16:53.816, RTA 3:37:34.855-3:37:34.911
Tick 92402(92302), Delay 30 ms, IGT 1:16:53.866, RTA 3:37:34.911-3:37:34.941
Tick 92403(92303), Delay 62 ms, IGT 1:16:53.916, RTA 3:37:34.941-3:37:35.003
Tick 92404(92304), Delay 37 ms, IGT 1:16:53.966, RTA 3:37:35.003-3:37:35.040
Tick 92406(92306), Delay 60 ms, IGT 1:16:54.066, RTA 3:37:35.092-3:37:35.152
Tick 92407(92307), Delay 59 ms, IGT 1:16:54.116, RTA 3:37:35.152-3:37:35.211
Tick 92408(92308), Delay 30 ms, IGT 1:16:54.166, RTA 3:37:35.211-3:37:35.241
Tick 92409(92309), Delay 62 ms, IGT 1:16:54.216, RTA 3:37:35.241-3:37:35.303
Tick 92410(92310), Delay 58 ms, IGT 1:16:54.266, RTA 3:37:35.303-3:37:35.361
Tick 92411(92311), Delay 31 ms, IGT 1:16:54.316, RTA 3:37:35.361-3:37:35.392
Tick 92412(92312), Delay 62 ms, IGT 1:16:54.366, RTA 3:37:35.392-3:37:35.454
Tick 92413(92313), Delay 57 ms, IGT 1:16:54.416, RTA 3:37:35.454-3:37:35.511
Tick 92414(92314), Delay 30 ms, IGT 1:16:54.466, RTA 3:37:35.511-3:37:35.541
Tick 92415(92315), Delay 61 ms, IGT 1:16:54.516, RTA 3:37:35.541-3:37:35.602
Tick 92416(92316), Delay 59 ms, IGT 1:16:54.566, RTA 3:37:35.602-3:37:35.661
Tick 92417(92317), Delay 31 ms, IGT 1:16:54.616, RTA 3:37:35.661-3:37:35.692
Tick 92418(92318), Delay 62 ms, IGT 1:16:54.666, RTA 3:37:35.692-3:37:35.754
Tick 92419(92319), Delay 60 ms, IGT 1:16:54.716, RTA 3:37:35.754-3:37:35.814
Tick 92420(92320), Delay 31 ms, IGT 1:16:54.766, RTA 3:37:35.814-3:37:35.845
Tick 92421(92321), Delay 64 ms, IGT 1:16:54.816, RTA 3:37:35.845-3:37:35.909
Tick 92422(92322), Delay 32 ms, IGT 1:16:54.866, RTA 3:37:35.909-3:37:35.941
Tick 92423(92323), Delay 61 ms, IGT 1:16:54.916, RTA 3:37:35.941-3:37:36.002
Tick 92424(92324), Delay 39 ms, IGT 1:16:54.966, RTA 3:37:36.002-3:37:36.041
Tick 92425(92325), Delay 61 ms, IGT 1:16:55.016, RTA 3:37:36.041-3:37:36.102
Tick 92426(92326), Delay 60 ms, IGT 1:16:55.066, RTA 3:37:36.102-3:37:36.162
Tick 92427(92327), Delay 31 ms, IGT 1:16:55.116, RTA 3:37:36.162-3:37:36.193
Tick 92428(92328), Delay 62 ms, IGT 1:16:55.166, RTA 3:37:36.193-3:37:36.255
Tick 92429(92329), Delay 60 ms, IGT 1:16:55.216, RTA 3:37:36.255-3:37:36.315
Tick 92430(92330), Delay 31 ms, IGT 1:16:55.266, RTA 3:37:36.315-3:37:36.346
Tick 92431(92331), Delay 61 ms, IGT 1:16:55.316, RTA 3:37:36.346-3:37:36.407
Tick 92432(92332), Delay 34 ms, IGT 1:16:55.366, RTA 3:37:36.407-3:37:36.441
Tick 92433(92333), Delay 62 ms, IGT 1:16:55.416, RTA 3:37:36.441-3:37:36.503
Tick 92434(92334), Delay 59 ms, IGT 1:16:55.466, RTA 3:37:36.503-3:37:36.562
Tick 92435(92335), Delay 30 ms, IGT 1:16:55.516, RTA 3:37:36.562-3:37:36.592
Tick 92436(92336), Delay 62 ms, IGT 1:16:55.566, RTA 3:37:36.592-3:37:36.654
Tick 92437(92337), Delay 57 ms, IGT 1:16:55.616, RTA 3:37:36.654-3:37:36.711
Tick 92438(92338), Delay 32 ms, IGT 1:16:55.666, RTA 3:37:36.711-3:37:36.743
Tick 92439(92339), Delay 60 ms, IGT 1:16:55.716, RTA 3:37:36.743-3:37:36.803
Tick 92440(92340), Delay 60 ms, IGT 1:16:55.766, RTA 3:37:36.803-3:37:36.863
Tick 92441(92341), Delay 34 ms, IGT 1:16:55.816, RTA 3:37:36.863-3:37:36.897
Tick 92442(92342), Delay 61 ms, IGT 1:16:55.866, RTA 3:37:36.897-3:37:36.958
Tick 92443(92343), Delay 31 ms, IGT 1:16:55.916, RTA 3:37:36.958-3:37:36.989
Tick 92445(92345), Delay 60 ms, IGT 1:16:56.016, RTA 3:37:37.041-3:37:37.101
Tick 92446(92346), Delay 60 ms, IGT 1:16:56.066, RTA 3:37:37.101-3:37:37.161
Tick 92447(92347), Delay 30 ms, IGT 1:16:56.116, RTA 3:37:37.161-3:37:37.191
Tick 92448(92348), Delay 62 ms, IGT 1:16:56.166, RTA 3:37:37.191-3:37:37.253
Tick 92449(92349), Delay 58 ms, IGT 1:16:56.216, RTA 3:37:37.253-3:37:37.311
Tick 92450(92350), Delay 30 ms, IGT 1:16:56.266, RTA 3:37:37.311-3:37:37.341
Tick 92451(92351), Delay 62 ms, IGT 1:16:56.316, RTA 3:37:37.341-3:37:37.403
Tick 92452(92352), Delay 58 ms, IGT 1:16:56.366, RTA 3:37:37.403-3:37:37.461
Tick 92453(92353), Delay 31 ms, IGT 1:16:56.416, RTA 3:37:37.461-3:37:37.492
Tick 92454(92354), Delay 62 ms, IGT 1:16:56.466, RTA 3:37:37.492-3:37:37.554
Tick 92455(92355), Delay 57 ms, IGT 1:16:56.516, RTA 3:37:37.554-3:37:37.611
Tick 92456(92356), Delay 31 ms, IGT 1:16:56.566, RTA 3:37:37.611-3:37:37.642
Tick 92457(92357), Delay 62 ms, IGT 1:16:56.616, RTA 3:37:37.642-3:37:37.704
Tick 92458(92358), Delay 62 ms, IGT 1:16:56.666, RTA 3:37:37.704-3:37:37.766
Tick 92459(92359), Delay 31 ms, IGT 1:16:56.716, RTA 3:37:37.766-3:37:37.797
Tick 92460(92360), Delay 60 ms, IGT 1:16:56.766, RTA 3:37:37.797-3:37:37.857
Tick 92461(92361), Delay 63 ms, IGT 1:16:56.816, RTA 3:37:37.857-3:37:37.920
Tick 92462(92362), Delay 30 ms, IGT 1:16:56.866, RTA 3:37:37.920-3:37:37.950
Tick 92463(92363), Delay 60 ms, IGT 1:16:56.916, RTA 3:37:37.950-3:37:38.010
Tick 92464(92364), Delay 30 ms, IGT 1:16:56.966, RTA 3:37:38.010-3:37:38.040
Tick 92465(92365), Delay 60 ms, IGT 1:16:57.016, RTA 3:37:38.040-3:37:38.100
Tick 92466(92366), Delay 61 ms, IGT 1:16:57.066, RTA 3:37:38.100-3:37:38.161
Tick 92467(92367), Delay 31 ms, IGT 1:16:57.116, RTA 3:37:38.161-3:37:38.192
Tick 92469(92369), Delay 61 ms, IGT 1:16:57.216, RTA 3:37:38.242-3:37:38.303
Tick 92470(92370), Delay 60 ms, IGT 1:16:57.266, RTA 3:37:38.303-3:37:38.363
Tick 92471(92371), Delay 31 ms, IGT 1:16:57.316, RTA 3:37:38.363-3:37:38.394
Tick 92472(92372), Delay 62 ms, IGT 1:16:57.366, RTA 3:37:38.394-3:37:38.456
Tick 92473(92373), Delay 62 ms, IGT 1:16:57.416, RTA 3:37:38.456-3:37:38.518
Tick 92474(92374), Delay 31 ms, IGT 1:16:57.466, RTA 3:37:38.518-3:37:38.549
Tick 92475(92375), Delay 60 ms, IGT 1:16:57.516, RTA 3:37:38.549-3:37:38.609
Tick 92476(92376), Delay 31 ms, IGT 1:16:57.566, RTA 3:37:38.609-3:37:38.640
Tick 92477(92377), Delay 61 ms, IGT 1:16:57.616, RTA 3:37:38.640-3:37:38.701
Tick 92478(92378), Delay 61 ms, IGT 1:16:57.666, RTA 3:37:38.701-3:37:38.762
Tick 92479(92379), Delay 31 ms, IGT 1:16:57.716, RTA 3:37:38.762-3:37:38.793
Tick 92481(92381), Delay 62 ms, IGT 1:16:57.816, RTA 3:37:38.842-3:37:38.904
Tick 92482(92382), Delay 57 ms, IGT 1:16:57.866, RTA 3:37:38.904-3:37:38.961
Tick 92483(92383), Delay 30 ms, IGT 1:16:57.916, RTA 3:37:38.961-3:37:38.991
Tick 92485(92385), Delay 62 ms, IGT 1:16:58.016, RTA 3:37:39.040-3:37:39.102
Tick 92486(92386), Delay 39 ms, IGT 1:16:58.066, RTA 3:37:39.102-3:37:39.141
Tick 92487(92387), Delay 62 ms, IGT 1:16:58.116, RTA 3:37:39.141-3:37:39.203
Tick 92488(92388), Delay 58 ms, IGT 1:16:58.166, RTA 3:37:39.203-3:37:39.261
Tick 92489(92389), Delay 32 ms, IGT 1:16:58.216, RTA 3:37:39.261-3:37:39.293
Tick 92490(92390), Delay 61 ms, IGT 1:16:58.266, RTA 3:37:39.293-3:37:39.354
Tick 92491(92391), Delay 57 ms, IGT 1:16:58.316, RTA 3:37:39.354-3:37:39.411
Tick 92492(92392), Delay 31 ms, IGT 1:16:58.366, RTA 3:37:39.411-3:37:39.442
Tick 92493(92393), Delay 61 ms, IGT 1:16:58.416, RTA 3:37:39.442-3:37:39.503
Tick 92494(92394), Delay 58 ms, IGT 1:16:58.466, RTA 3:37:39.503-3:37:39.561
Tick 92495(92395), Delay 30 ms, IGT 1:16:58.516, RTA 3:37:39.561-3:37:39.591
Tick 92496(92396), Delay 61 ms, IGT 1:16:58.566, RTA 3:37:39.591-3:37:39.652
Tick 92497(92397), Delay 59 ms, IGT 1:16:58.616, RTA 3:37:39.652-3:37:39.711
Tick 92498(92398), Delay 30 ms, IGT 1:16:58.666, RTA 3:37:39.711-3:37:39.741
Tick 92499(92399), Delay 61 ms, IGT 1:16:58.716, RTA 3:37:39.741-3:37:39.802
Tick 92500(92400), Delay 59 ms, IGT 1:16:58.766, RTA 3:37:39.802-3:37:39.861
Tick 92501(92401), Delay 31 ms, IGT 1:16:58.816, RTA 3:37:39.861-3:37:39.892
Tick 92502(92402), Delay 64 ms, IGT 1:16:58.866, RTA 3:37:39.892-3:37:39.956
Tick 92504(92404), Delay 31 ms, IGT 1:16:58.966, RTA 3:37:40.010-3:37:40.041
Tick 92505(92405), Delay 62 ms, IGT 1:16:59.016, RTA 3:37:40.041-3:37:40.103
Tick 92506(92406), Delay 58 ms, IGT 1:16:59.066, RTA 3:37:40.103-3:37:40.161
Tick 92507(92407), Delay 30 ms, IGT 1:16:59.116, RTA 3:37:40.161-3:37:40.191
Tick 92508(92408), Delay 63 ms, IGT 1:16:59.166, RTA 3:37:40.191-3:37:40.254
Tick 92509(92409), Delay 57 ms, IGT 1:16:59.216, RTA 3:37:40.254-3:37:40.311
Tick 92510(92410), Delay 30 ms, IGT 1:16:59.266, RTA 3:37:40.311-3:37:40.341
Tick 92511(92411), Delay 62 ms, IGT 1:16:59.316, RTA 3:37:40.341-3:37:40.403
Tick 92512(92412), Delay 61 ms, IGT 1:16:59.366, RTA 3:37:40.403-3:37:40.464
Tick 92513(92413), Delay 31 ms, IGT 1:16:59.416, RTA 3:37:40.464-3:37:40.495
Tick 92514(92414), Delay 61 ms, IGT 1:16:59.466, RTA 3:37:40.495-3:37:40.556
Tick 92515(92415), Delay 34 ms, IGT 1:16:59.516, RTA 3:37:40.556-3:37:40.590
Tick 92516(92416), Delay 55 ms, IGT 1:16:59.566, RTA 3:37:40.590-3:37:40.645
Tick 92517(92417), Delay 45 ms, IGT 1:16:59.616, RTA 3:37:40.645-3:37:40.690
Tick 92519(92419), Delay 45 ms, IGT 1:16:59.716, RTA 3:37:40.744-3:37:40.789
Tick 92527(92427), Delay 57 ms, IGT 1:17:00.116, RTA 3:37:41.140-3:37:41.197
Tick 92528(92428), Delay 42 ms, IGT 1:17:00.166, RTA 3:37:41.197-3:37:41.239
Tick 92548(92448), Delay 57 ms, IGT 1:17:01.166, RTA 3:37:42.189-3:37:42.246
Tick 92549(92449), Delay 43 ms, IGT 1:17:01.216, RTA 3:37:42.246-3:37:42.289
Tick 92984(92884), Delay 1778 ms, IGT 1:17:22.966, RTA 3:38:03.989-3:38:05.767
Tick 93077(92977), Delay 59 ms, IGT 1:17:27.616, RTA 3:38:10.366-3:38:10.425
Tick 93078(92978), Delay 61 ms, IGT 1:17:27.666, RTA 3:38:10.425-3:38:10.486
Tick 93079(92979), Delay 30 ms, IGT 1:17:27.716, RTA 3:38:10.486-3:38:10.516
Tick 93080(92980), Delay 76 ms, IGT 1:17:27.766, RTA 3:38:10.516-3:38:10.592
Tick 93081(92981), Delay 31 ms, IGT 1:17:27.816, RTA 3:38:10.592-3:38:10.623
Tick 93082(92982), Delay 61 ms, IGT 1:17:27.866, RTA 3:38:10.623-3:38:10.684
Tick 93083(92983), Delay 58 ms, IGT 1:17:27.916, RTA 3:38:10.684-3:38:10.742
Tick 93085(92985), Delay 30 ms, IGT 1:17:28.016, RTA 3:38:10.791-3:38:10.821
Tick 93086(92986), Delay 71 ms, IGT 1:17:28.066, RTA 3:38:10.821-3:38:10.892
Tick 93087(92987), Delay 30 ms, IGT 1:17:28.116, RTA 3:38:10.892-3:38:10.922
Tick 93088(92988), Delay 62 ms, IGT 1:17:28.166, RTA 3:38:10.922-3:38:10.984
Tick 93089(92989), Delay 57 ms, IGT 1:17:28.216, RTA 3:38:10.984-3:38:11.041
Tick 93090(92990), Delay 31 ms, IGT 1:17:28.266, RTA 3:38:11.041-3:38:11.072
Tick 93091(92991), Delay 61 ms, IGT 1:17:28.316, RTA 3:38:11.072-3:38:11.133
Tick 93092(92992), Delay 59 ms, IGT 1:17:28.366, RTA 3:38:11.133-3:38:11.192
Tick 93093(92993), Delay 30 ms, IGT 1:17:28.416, RTA 3:38:11.192-3:38:11.222
Tick 93094(92994), Delay 63 ms, IGT 1:17:28.466, RTA 3:38:11.222-3:38:11.285
Tick 93095(92995), Delay 57 ms, IGT 1:17:28.516, RTA 3:38:11.285-3:38:11.342
Tick 93096(92996), Delay 30 ms, IGT 1:17:28.566, RTA 3:38:11.342-3:38:11.372
Tick 93097(92997), Delay 64 ms, IGT 1:17:28.616, RTA 3:38:11.372-3:38:11.436
Tick 93098(92998), Delay 55 ms, IGT 1:17:28.666, RTA 3:38:11.436-3:38:11.491
Tick 93099(92999), Delay 31 ms, IGT 1:17:28.716, RTA 3:38:11.491-3:38:11.522
Tick 93100(93000), Delay 62 ms, IGT 1:17:28.766, RTA 3:38:11.522-3:38:11.584
Tick 93101(93001), Delay 61 ms, IGT 1:17:28.816, RTA 3:38:11.584-3:38:11.645
Tick 93102(93002), Delay 30 ms, IGT 1:17:28.866, RTA 3:38:11.645-3:38:11.675
Tick 93103(93003), Delay 61 ms, IGT 1:17:28.916, RTA 3:38:11.675-3:38:11.736
Tick 93105(93005), Delay 31 ms, IGT 1:17:29.016, RTA 3:38:11.790-3:38:11.821
Tick 93106(93006), Delay 62 ms, IGT 1:17:29.066, RTA 3:38:11.821-3:38:11.883
Tick 93107(93007), Delay 58 ms, IGT 1:17:29.116, RTA 3:38:11.883-3:38:11.941
Tick 93108(93008), Delay 31 ms, IGT 1:17:29.166, RTA 3:38:11.941-3:38:11.972
Tick 93109(93009), Delay 61 ms, IGT 1:17:29.216, RTA 3:38:11.972-3:38:12.033
Tick 93110(93010), Delay 58 ms, IGT 1:17:29.266, RTA 3:38:12.033-3:38:12.091
Tick 93111(93011), Delay 31 ms, IGT 1:17:29.316, RTA 3:38:12.091-3:38:12.122
Tick 93112(93012), Delay 62 ms, IGT 1:17:29.366, RTA 3:38:12.122-3:38:12.184
Tick 93113(93013), Delay 62 ms, IGT 1:17:29.416, RTA 3:38:12.184-3:38:12.246
Tick 93114(93014), Delay 31 ms, IGT 1:17:29.466, RTA 3:38:12.246-3:38:12.277
Tick 93115(93015), Delay 61 ms, IGT 1:17:29.516, RTA 3:38:12.277-3:38:12.338
Tick 93116(93016), Delay 30 ms, IGT 1:17:29.566, RTA 3:38:12.338-3:38:12.368
Tick 93117(93017), Delay 62 ms, IGT 1:17:29.616, RTA 3:38:12.368-3:38:12.430
Tick 93118(93018), Delay 64 ms, IGT 1:17:29.666, RTA 3:38:12.430-3:38:12.494
Tick 93119(93019), Delay 31 ms, IGT 1:17:29.716, RTA 3:38:12.494-3:38:12.525
Tick 93120(93020), Delay 61 ms, IGT 1:17:29.766, RTA 3:38:12.525-3:38:12.586
Tick 93121(93021), Delay 31 ms, IGT 1:17:29.816, RTA 3:38:12.586-3:38:12.617
Tick 93122(93022), Delay 60 ms, IGT 1:17:29.866, RTA 3:38:12.617-3:38:12.677
Tick 93123(93023), Delay 61 ms, IGT 1:17:29.916, RTA 3:38:12.677-3:38:12.738
Tick 93125(93025), Delay 30 ms, IGT 1:17:30.016, RTA 3:38:12.791-3:38:12.821
Tick 93126(93026), Delay 60 ms, IGT 1:17:30.066, RTA 3:38:12.821-3:38:12.881
Tick 93127(93027), Delay 62 ms, IGT 1:17:30.116, RTA 3:38:12.881-3:38:12.943
Tick 93129(93029), Delay 30 ms, IGT 1:17:30.216, RTA 3:38:12.992-3:38:13.022
Tick 93130(93030), Delay 62 ms, IGT 1:17:30.266, RTA 3:38:13.022-3:38:13.084
Tick 93131(93031), Delay 58 ms, IGT 1:17:30.316, RTA 3:38:13.084-3:38:13.142
Tick 93132(93032), Delay 30 ms, IGT 1:17:30.366, RTA 3:38:13.142-3:38:13.172
Tick 93133(93033), Delay 62 ms, IGT 1:17:30.416, RTA 3:38:13.172-3:38:13.234
Tick 93134(93034), Delay 58 ms, IGT 1:17:30.466, RTA 3:38:13.234-3:38:13.292
Tick 93135(93035), Delay 30 ms, IGT 1:17:30.516, RTA 3:38:13.292-3:38:13.322
Tick 93136(93036), Delay 62 ms, IGT 1:17:30.566, RTA 3:38:13.322-3:38:13.384
Tick 93137(93037), Delay 58 ms, IGT 1:17:30.616, RTA 3:38:13.384-3:38:13.442
Tick 93138(93038), Delay 33 ms, IGT 1:17:30.666, RTA 3:38:13.442-3:38:13.475
Tick 93139(93039), Delay 61 ms, IGT 1:17:30.716, RTA 3:38:13.475-3:38:13.536
Tick 93140(93040), Delay 56 ms, IGT 1:17:30.766, RTA 3:38:13.536-3:38:13.592
Tick 93141(93041), Delay 31 ms, IGT 1:17:30.816, RTA 3:38:13.592-3:38:13.623
Tick 93142(93042), Delay 62 ms, IGT 1:17:30.866, RTA 3:38:13.623-3:38:13.685
Tick 93143(93043), Delay 57 ms, IGT 1:17:30.916, RTA 3:38:13.685-3:38:13.742
Tick 93145(93045), Delay 31 ms, IGT 1:17:31.016, RTA 3:38:13.790-3:38:13.821
Tick 93146(93046), Delay 72 ms, IGT 1:17:31.066, RTA 3:38:13.821-3:38:13.893
Tick 93147(93047), Delay 31 ms, IGT 1:17:31.116, RTA 3:38:13.893-3:38:13.924
Tick 93148(93048), Delay 62 ms, IGT 1:17:31.166, RTA 3:38:13.924-3:38:13.986
Tick 93149(93049), Delay 55 ms, IGT 1:17:31.216, RTA 3:38:13.986-3:38:14.041
Tick 93150(93050), Delay 31 ms, IGT 1:17:31.266, RTA 3:38:14.041-3:38:14.072
Tick 93151(93051), Delay 61 ms, IGT 1:17:31.316, RTA 3:38:14.072-3:38:14.133
Tick 93152(93052), Delay 59 ms, IGT 1:17:31.366, RTA 3:38:14.133-3:38:14.192
Tick 93153(93053), Delay 31 ms, IGT 1:17:31.416, RTA 3:38:14.192-3:38:14.223
Tick 93154(93054), Delay 62 ms, IGT 1:17:31.466, RTA 3:38:14.223-3:38:14.285
Tick 93155(93055), Delay 56 ms, IGT 1:17:31.516, RTA 3:38:14.285-3:38:14.341
Tick 93156(93056), Delay 30 ms, IGT 1:17:31.566, RTA 3:38:14.341-3:38:14.371
Tick 93157(93057), Delay 61 ms, IGT 1:17:31.616, RTA 3:38:14.371-3:38:14.432
Tick 93158(93058), Delay 61 ms, IGT 1:17:31.666, RTA 3:38:14.432-3:38:14.493
Tick 93159(93059), Delay 31 ms, IGT 1:17:31.716, RTA 3:38:14.493-3:38:14.524
Tick 93160(93060), Delay 62 ms, IGT 1:17:31.766, RTA 3:38:14.524-3:38:14.586
Tick 93161(93061), Delay 55 ms, IGT 1:17:31.816, RTA 3:38:14.586-3:38:14.641
Tick 93162(93062), Delay 30 ms, IGT 1:17:31.866, RTA 3:38:14.641-3:38:14.671
Tick 93163(93063), Delay 62 ms, IGT 1:17:31.916, RTA 3:38:14.671-3:38:14.733
Tick 93164(93064), Delay 58 ms, IGT 1:17:31.966, RTA 3:38:14.733-3:38:14.791
Tick 93165(93065), Delay 31 ms, IGT 1:17:32.016, RTA 3:38:14.791-3:38:14.822
Tick 93166(93066), Delay 62 ms, IGT 1:17:32.066, RTA 3:38:14.822-3:38:14.884
Tick 93167(93067), Delay 59 ms, IGT 1:17:32.116, RTA 3:38:14.884-3:38:14.943
Tick 93168(93068), Delay 31 ms, IGT 1:17:32.166, RTA 3:38:14.943-3:38:14.974
Tick 93169(93069), Delay 60 ms, IGT 1:17:32.216, RTA 3:38:14.974-3:38:15.034
Tick 93170(93070), Delay 62 ms, IGT 1:17:32.266, RTA 3:38:15.034-3:38:15.096
Tick 93171(93071), Delay 30 ms, IGT 1:17:32.316, RTA 3:38:15.096-3:38:15.126
Tick 93172(93072), Delay 62 ms, IGT 1:17:32.366, RTA 3:38:15.126-3:38:15.188
Tick 93173(93073), Delay 30 ms, IGT 1:17:32.416, RTA 3:38:15.188-3:38:15.218
Tick 93174(93074), Delay 61 ms, IGT 1:17:32.466, RTA 3:38:15.218-3:38:15.279
Tick 93175(93075), Delay 63 ms, IGT 1:17:32.516, RTA 3:38:15.279-3:38:15.342
Tick 93176(93076), Delay 30 ms, IGT 1:17:32.566, RTA 3:38:15.342-3:38:15.372
Tick 93177(93077), Delay 61 ms, IGT 1:17:32.616, RTA 3:38:15.372-3:38:15.433
Tick 93178(93078), Delay 63 ms, IGT 1:17:32.666, RTA 3:38:15.433-3:38:15.496
Tick 93179(93079), Delay 31 ms, IGT 1:17:32.716, RTA 3:38:15.496-3:38:15.527
Tick 93180(93080), Delay 60 ms, IGT 1:17:32.766, RTA 3:38:15.527-3:38:15.587
Tick 93181(93081), Delay 31 ms, IGT 1:17:32.816, RTA 3:38:15.587-3:38:15.618
Tick 93182(93082), Delay 74 ms, IGT 1:17:32.866, RTA 3:38:15.618-3:38:15.692
Tick 93183(93083), Delay 31 ms, IGT 1:17:32.916, RTA 3:38:15.692-3:38:15.723
Tick 93184(93084), Delay 68 ms, IGT 1:17:32.966, RTA 3:38:15.723-3:38:15.791
Tick 93186(93086), Delay 31 ms, IGT 1:17:33.066, RTA 3:38:15.842-3:38:15.873
Tick 93187(93087), Delay 61 ms, IGT 1:17:33.116, RTA 3:38:15.873-3:38:15.934
Tick 93188(93088), Delay 57 ms, IGT 1:17:33.166, RTA 3:38:15.934-3:38:15.991
Tick 93189(93089), Delay 32 ms, IGT 1:17:33.216, RTA 3:38:15.991-3:38:16.023
Tick 93190(93090), Delay 61 ms, IGT 1:17:33.266, RTA 3:38:16.023-3:38:16.084
Tick 93191(93091), Delay 60 ms, IGT 1:17:33.316, RTA 3:38:16.084-3:38:16.144
Tick 93192(93092), Delay 30 ms, IGT 1:17:33.366, RTA 3:38:16.144-3:38:16.174
Tick 93193(93093), Delay 62 ms, IGT 1:17:33.416, RTA 3:38:16.174-3:38:16.236
Tick 93194(93094), Delay 31 ms, IGT 1:17:33.466, RTA 3:38:16.236-3:38:16.267
Tick 93195(93095), Delay 61 ms, IGT 1:17:33.516, RTA 3:38:16.267-3:38:16.328
Tick 93196(93096), Delay 61 ms, IGT 1:17:33.566, RTA 3:38:16.328-3:38:16.389
Tick 93197(93097), Delay 30 ms, IGT 1:17:33.616, RTA 3:38:16.389-3:38:16.419
Tick 93198(93098), Delay 61 ms, IGT 1:17:33.666, RTA 3:38:16.419-3:38:16.480
Tick 93199(93099), Delay 63 ms, IGT 1:17:33.716, RTA 3:38:16.480-3:38:16.543
Tick 93200(93100), Delay 31 ms, IGT 1:17:33.766, RTA 3:38:16.543-3:38:16.574
Tick 93201(93101), Delay 62 ms, IGT 1:17:33.816, RTA 3:38:16.574-3:38:16.636
Tick 93202(93102), Delay 32 ms, IGT 1:17:33.866, RTA 3:38:16.636-3:38:16.668
Tick 93203(93103), Delay 62 ms, IGT 1:17:33.916, RTA 3:38:16.668-3:38:16.730
Tick 93204(93104), Delay 61 ms, IGT 1:17:33.966, RTA 3:38:16.730-3:38:16.791
Tick 93205(93105), Delay 30 ms, IGT 1:17:34.016, RTA 3:38:16.791-3:38:16.821
Tick 93206(93106), Delay 62 ms, IGT 1:17:34.066, RTA 3:38:16.821-3:38:16.883
Tick 93207(93107), Delay 61 ms, IGT 1:17:34.116, RTA 3:38:16.883-3:38:16.944
Tick 93208(93108), Delay 30 ms, IGT 1:17:34.166, RTA 3:38:16.944-3:38:16.974
Tick 93209(93109), Delay 60 ms, IGT 1:17:34.216, RTA 3:38:16.974-3:38:17.034
Tick 93210(93110), Delay 32 ms, IGT 1:17:34.266, RTA 3:38:17.034-3:38:17.066
Tick 93211(93111), Delay 61 ms, IGT 1:17:34.316, RTA 3:38:17.066-3:38:17.127
Tick 93212(93112), Delay 61 ms, IGT 1:17:34.366, RTA 3:38:17.127-3:38:17.188
Tick 93213(93113), Delay 30 ms, IGT 1:17:34.416, RTA 3:38:17.188-3:38:17.218
Tick 93214(93114), Delay 61 ms, IGT 1:17:34.466, RTA 3:38:17.218-3:38:17.279
Tick 93215(93115), Delay 61 ms, IGT 1:17:34.516, RTA 3:38:17.279-3:38:17.340
Tick 93216(93116), Delay 30 ms, IGT 1:17:34.566, RTA 3:38:17.340-3:38:17.370
Tick 93217(93117), Delay 61 ms, IGT 1:17:34.616, RTA 3:38:17.370-3:38:17.431
Tick 93218(93118), Delay 62 ms, IGT 1:17:34.666, RTA 3:38:17.431-3:38:17.493
Tick 93219(93119), Delay 32 ms, IGT 1:17:34.716, RTA 3:38:17.493-3:38:17.525
Tick 93220(93120), Delay 60 ms, IGT 1:17:34.766, RTA 3:38:17.525-3:38:17.585
Tick 93221(93121), Delay 31 ms, IGT 1:17:34.816, RTA 3:38:17.585-3:38:17.616
Tick 93222(93122), Delay 60 ms, IGT 1:17:34.866, RTA 3:38:17.616-3:38:17.676
Tick 93223(93123), Delay 61 ms, IGT 1:17:34.916, RTA 3:38:17.676-3:38:17.737
Tick 93225(93125), Delay 30 ms, IGT 1:17:35.016, RTA 3:38:17.791-3:38:17.821
Tick 93226(93126), Delay 62 ms, IGT 1:17:35.066, RTA 3:38:17.821-3:38:17.883
Tick 93227(93127), Delay 61 ms, IGT 1:17:35.116, RTA 3:38:17.883-3:38:17.944
Tick 93228(93128), Delay 31 ms, IGT 1:17:35.166, RTA 3:38:17.944-3:38:17.975
Tick 93229(93129), Delay 61 ms, IGT 1:17:35.216, RTA 3:38:17.975-3:38:18.036
Tick 93230(93130), Delay 31 ms, IGT 1:17:35.266, RTA 3:38:18.036-3:38:18.067
Tick 93231(93131), Delay 61 ms, IGT 1:17:35.316, RTA 3:38:18.067-3:38:18.128
Tick 93232(93132), Delay 61 ms, IGT 1:17:35.366, RTA 3:38:18.128-3:38:18.189
Tick 93233(93133), Delay 31 ms, IGT 1:17:35.416, RTA 3:38:18.189-3:38:18.220
Tick 93234(93134), Delay 61 ms, IGT 1:17:35.466, RTA 3:38:18.220-3:38:18.281
Tick 93235(93135), Delay 62 ms, IGT 1:17:35.516, RTA 3:38:18.281-3:38:18.343
Tick 93236(93136), Delay 31 ms, IGT 1:17:35.566, RTA 3:38:18.343-3:38:18.374
Tick 93237(93137), Delay 62 ms, IGT 1:17:35.616, RTA 3:38:18.374-3:38:18.436
Tick 93238(93138), Delay 30 ms, IGT 1:17:35.666, RTA 3:38:18.436-3:38:18.466
Tick 93239(93139), Delay 63 ms, IGT 1:17:35.716, RTA 3:38:18.466-3:38:18.529
Tick 93240(93140), Delay 60 ms, IGT 1:17:35.766, RTA 3:38:18.529-3:38:18.589
Tick 93241(93141), Delay 30 ms, IGT 1:17:35.816, RTA 3:38:18.589-3:38:18.619
Tick 93242(93142), Delay 61 ms, IGT 1:17:35.866, RTA 3:38:18.619-3:38:18.680
Tick 93243(93143), Delay 61 ms, IGT 1:17:35.916, RTA 3:38:18.680-3:38:18.741
Tick 93245(93145), Delay 30 ms, IGT 1:17:36.016, RTA 3:38:18.790-3:38:18.820
Tick 93246(93146), Delay 61 ms, IGT 1:17:36.066, RTA 3:38:18.820-3:38:18.881
Tick 93247(93147), Delay 62 ms, IGT 1:17:36.116, RTA 3:38:18.881-3:38:18.943
Tick 93249(93149), Delay 30 ms, IGT 1:17:36.216, RTA 3:38:18.992-3:38:19.022
Tick 93250(93150), Delay 61 ms, IGT 1:17:36.266, RTA 3:38:19.022-3:38:19.083
Tick 93251(93151), Delay 62 ms, IGT 1:17:36.316, RTA 3:38:19.083-3:38:19.145
Tick 93252(93152), Delay 31 ms, IGT 1:17:36.366, RTA 3:38:19.145-3:38:19.176
Tick 93253(93153), Delay 61 ms, IGT 1:17:36.416, RTA 3:38:19.176-3:38:19.237
Tick 93254(93154), Delay 31 ms, IGT 1:17:36.466, RTA 3:38:19.237-3:38:19.268
Tick 93255(93155), Delay 60 ms, IGT 1:17:36.516, RTA 3:38:19.268-3:38:19.328
Tick 93256(93156), Delay 61 ms, IGT 1:17:36.566, RTA 3:38:19.328-3:38:19.389
Tick 93257(93157), Delay 31 ms, IGT 1:17:36.616, RTA 3:38:19.389-3:38:19.420
Tick 93258(93158), Delay 61 ms, IGT 1:17:36.666, RTA 3:38:19.420-3:38:19.481
Tick 93259(93159), Delay 64 ms, IGT 1:17:36.716, RTA 3:38:19.481-3:38:19.545
Tick 93260(93160), Delay 30 ms, IGT 1:17:36.766, RTA 3:38:19.545-3:38:19.575
Tick 93261(93161), Delay 61 ms, IGT 1:17:36.816, RTA 3:38:19.575-3:38:19.636
Tick 93262(93162), Delay 30 ms, IGT 1:17:36.866, RTA 3:38:19.636-3:38:19.666
Tick 93263(93163), Delay 61 ms, IGT 1:17:36.916, RTA 3:38:19.666-3:38:19.727
Tick 93264(93164), Delay 63 ms, IGT 1:17:36.966, RTA 3:38:19.727-3:38:19.790
Tick 93265(93165), Delay 31 ms, IGT 1:17:37.016, RTA 3:38:19.790-3:38:19.821
Tick 93266(93166), Delay 61 ms, IGT 1:17:37.066, RTA 3:38:19.821-3:38:19.882
Tick 93267(93167), Delay 60 ms, IGT 1:17:37.116, RTA 3:38:19.882-3:38:19.942
Tick 93268(93168), Delay 32 ms, IGT 1:17:37.166, RTA 3:38:19.942-3:38:19.974
Tick 93269(93169), Delay 60 ms, IGT 1:17:37.216, RTA 3:38:19.974-3:38:20.034
Tick 93270(93170), Delay 61 ms, IGT 1:17:37.266, RTA 3:38:20.034-3:38:20.095
Tick 93271(93171), Delay 31 ms, IGT 1:17:37.316, RTA 3:38:20.095-3:38:20.126
Tick 93272(93172), Delay 62 ms, IGT 1:17:37.366, RTA 3:38:20.126-3:38:20.188
Tick 93273(93173), Delay 31 ms, IGT 1:17:37.416, RTA 3:38:20.188-3:38:20.219
Tick 93274(93174), Delay 60 ms, IGT 1:17:37.466, RTA 3:38:20.219-3:38:20.279
Tick 93275(93175), Delay 63 ms, IGT 1:17:37.516, RTA 3:38:20.279-3:38:20.342
Tick 93276(93176), Delay 31 ms, IGT 1:17:37.566, RTA 3:38:20.342-3:38:20.373
Tick 93277(93177), Delay 62 ms, IGT 1:17:37.616, RTA 3:38:20.373-3:38:20.435
Tick 93278(93178), Delay 57 ms, IGT 1:17:37.666, RTA 3:38:20.435-3:38:20.492
Tick 93279(93179), Delay 31 ms, IGT 1:17:37.716, RTA 3:38:20.492-3:38:20.523
Tick 93280(93180), Delay 65 ms, IGT 1:17:37.766, RTA 3:38:20.523-3:38:20.588
Tick 93282(93182), Delay 32 ms, IGT 1:17:37.866, RTA 3:38:20.642-3:38:20.674
Tick 93283(93183), Delay 60 ms, IGT 1:17:37.916, RTA 3:38:20.674-3:38:20.734
Tick 93284(93184), Delay 56 ms, IGT 1:17:37.966, RTA 3:38:20.734-3:38:20.790
Tick 93285(93185), Delay 31 ms, IGT 1:17:38.016, RTA 3:38:20.790-3:38:20.821
Tick 93286(93186), Delay 63 ms, IGT 1:17:38.066, RTA 3:38:20.821-3:38:20.884
Tick 93287(93187), Delay 62 ms, IGT 1:17:38.116, RTA 3:38:20.884-3:38:20.946
Tick 93288(93188), Delay 31 ms, IGT 1:17:38.166, RTA 3:38:20.946-3:38:20.977
Tick 93289(93189), Delay 61 ms, IGT 1:17:38.216, RTA 3:38:20.977-3:38:21.038
Tick 93290(93190), Delay 32 ms, IGT 1:17:38.266, RTA 3:38:21.038-3:38:21.070
Tick 93291(93191), Delay 60 ms, IGT 1:17:38.316, RTA 3:38:21.070-3:38:21.130
Tick 93292(93192), Delay 61 ms, IGT 1:17:38.366, RTA 3:38:21.130-3:38:21.191
Tick 93293(93193), Delay 30 ms, IGT 1:17:38.416, RTA 3:38:21.191-3:38:21.221
Tick 93294(93194), Delay 60 ms, IGT 1:17:38.466, RTA 3:38:21.221-3:38:21.281
Tick 93295(93195), Delay 61 ms, IGT 1:17:38.516, RTA 3:38:21.281-3:38:21.342
Tick 93297(93197), Delay 31 ms, IGT 1:17:38.616, RTA 3:38:21.391-3:38:21.422
Tick 93298(93198), Delay 61 ms, IGT 1:17:38.666, RTA 3:38:21.422-3:38:21.483
Tick 93299(93199), Delay 59 ms, IGT 1:17:38.716, RTA 3:38:21.483-3:38:21.542
Tick 93300(93200), Delay 34 ms, IGT 1:17:38.766, RTA 3:38:21.542-3:38:21.576
Tick 93301(93201), Delay 61 ms, IGT 1:17:38.816, RTA 3:38:21.576-3:38:21.637
Tick 93302(93202), Delay 55 ms, IGT 1:17:38.866, RTA 3:38:21.637-3:38:21.692
Tick 93303(93203), Delay 31 ms, IGT 1:17:38.916, RTA 3:38:21.692-3:38:21.723
Tick 93304(93204), Delay 68 ms, IGT 1:17:38.966, RTA 3:38:21.723-3:38:21.791
Tick 93306(93206), Delay 31 ms, IGT 1:17:39.066, RTA 3:38:21.842-3:38:21.873
Tick 93307(93207), Delay 61 ms, IGT 1:17:39.116, RTA 3:38:21.873-3:38:21.934
Tick 93308(93208), Delay 57 ms, IGT 1:17:39.166, RTA 3:38:21.934-3:38:21.991
Tick 93309(93209), Delay 31 ms, IGT 1:17:39.216, RTA 3:38:21.991-3:38:22.022
Tick 93310(93210), Delay 62 ms, IGT 1:17:39.266, RTA 3:38:22.022-3:38:22.084
Tick 93311(93211), Delay 57 ms, IGT 1:17:39.316, RTA 3:38:22.084-3:38:22.141
Tick 93312(93212), Delay 31 ms, IGT 1:17:39.366, RTA 3:38:22.141-3:38:22.172
Tick 93313(93213), Delay 62 ms, IGT 1:17:39.416, RTA 3:38:22.172-3:38:22.234
Tick 93314(93214), Delay 58 ms, IGT 1:17:39.466, RTA 3:38:22.234-3:38:22.292
Tick 93315(93215), Delay 31 ms, IGT 1:17:39.516, RTA 3:38:22.292-3:38:22.323
Tick 93316(93216), Delay 62 ms, IGT 1:17:39.566, RTA 3:38:22.323-3:38:22.385
Tick 93317(93217), Delay 31 ms, IGT 1:17:39.616, RTA 3:38:22.385-3:38:22.416
Tick 93318(93218), Delay 63 ms, IGT 1:17:39.666, RTA 3:38:22.416-3:38:22.479
Tick 93319(93219), Delay 61 ms, IGT 1:17:39.716, RTA 3:38:22.479-3:38:22.540
Tick 93321(93221), Delay 30 ms, IGT 1:17:39.816, RTA 3:38:22.594-3:38:22.624
Tick 93322(93222), Delay 62 ms, IGT 1:17:39.866, RTA 3:38:22.624-3:38:22.686
Tick 93323(93223), Delay 55 ms, IGT 1:17:39.916, RTA 3:38:22.686-3:38:22.741
Tick 93325(93225), Delay 31 ms, IGT 1:17:40.016, RTA 3:38:22.790-3:38:22.821
Tick 93326(93226), Delay 71 ms, IGT 1:17:40.066, RTA 3:38:22.821-3:38:22.892
Tick 93327(93227), Delay 31 ms, IGT 1:17:40.116, RTA 3:38:22.892-3:38:22.923
Tick 93328(93228), Delay 61 ms, IGT 1:17:40.166, RTA 3:38:22.923-3:38:22.984
Tick 93329(93229), Delay 58 ms, IGT 1:17:40.216, RTA 3:38:22.984-3:38:23.042
Tick 93330(93230), Delay 31 ms, IGT 1:17:40.266, RTA 3:38:23.042-3:38:23.073
Tick 93331(93231), Delay 61 ms, IGT 1:17:40.316, RTA 3:38:23.073-3:38:23.134
Tick 93332(93232), Delay 62 ms, IGT 1:17:40.366, RTA 3:38:23.134-3:38:23.196
Tick 93333(93233), Delay 30 ms, IGT 1:17:40.416, RTA 3:38:23.196-3:38:23.226
Tick 93334(93234), Delay 62 ms, IGT 1:17:40.466, RTA 3:38:23.226-3:38:23.288
Tick 93336(93236), Delay 31 ms, IGT 1:17:40.566, RTA 3:38:23.341-3:38:23.372
Tick 93337(93237), Delay 62 ms, IGT 1:17:40.616, RTA 3:38:23.372-3:38:23.434
Tick 93338(93238), Delay 58 ms, IGT 1:17:40.666, RTA 3:38:23.434-3:38:23.492
Tick 93339(93239), Delay 30 ms, IGT 1:17:40.716, RTA 3:38:23.492-3:38:23.522
Tick 93340(93240), Delay 61 ms, IGT 1:17:40.766, RTA 3:38:23.522-3:38:23.583
Tick 93341(93241), Delay 60 ms, IGT 1:17:40.816, RTA 3:38:23.583-3:38:23.643
Tick 93342(93242), Delay 30 ms, IGT 1:17:40.866, RTA 3:38:23.643-3:38:23.673
Tick 93343(93243), Delay 62 ms, IGT 1:17:40.916, RTA 3:38:23.673-3:38:23.735
Tick 93344(93244), Delay 57 ms, IGT 1:17:40.966, RTA 3:38:23.735-3:38:23.792
Tick 93345(93245), Delay 30 ms, IGT 1:17:41.016, RTA 3:38:23.792-3:38:23.822
Tick 93346(93246), Delay 61 ms, IGT 1:17:41.066, RTA 3:38:23.822-3:38:23.883
Tick 93347(93247), Delay 59 ms, IGT 1:17:41.116, RTA 3:38:23.883-3:38:23.942
Tick 93348(93248), Delay 32 ms, IGT 1:17:41.166, RTA 3:38:23.942-3:38:23.974
Tick 93349(93249), Delay 62 ms, IGT 1:17:41.216, RTA 3:38:23.974-3:38:24.036
Tick 93350(93250), Delay 31 ms, IGT 1:17:41.266, RTA 3:38:24.036-3:38:24.067
Tick 93351(93251), Delay 61 ms, IGT 1:17:41.316, RTA 3:38:24.067-3:38:24.128
Tick 93352(93252), Delay 61 ms, IGT 1:17:41.366, RTA 3:38:24.128-3:38:24.189
Tick 93353(93253), Delay 30 ms, IGT 1:17:41.416, RTA 3:38:24.189-3:38:24.219
Tick 93354(93254), Delay 61 ms, IGT 1:17:41.466, RTA 3:38:24.219-3:38:24.280
Tick 93355(93255), Delay 61 ms, IGT 1:17:41.516, RTA 3:38:24.280-3:38:24.341
Tick 93356(93256), Delay 31 ms, IGT 1:17:41.566, RTA 3:38:24.341-3:38:24.372
Tick 93357(93257), Delay 61 ms, IGT 1:17:41.616, RTA 3:38:24.372-3:38:24.433
Tick 93358(93258), Delay 61 ms, IGT 1:17:41.666, RTA 3:38:24.433-3:38:24.494
Tick 93359(93259), Delay 31 ms, IGT 1:17:41.716, RTA 3:38:24.494-3:38:24.525
Tick 93360(93260), Delay 61 ms, IGT 1:17:41.766, RTA 3:38:24.525-3:38:24.586
Tick 93361(93261), Delay 34 ms, IGT 1:17:41.816, RTA 3:38:24.586-3:38:24.620
Tick 93362(93262), Delay 61 ms, IGT 1:17:41.866, RTA 3:38:24.620-3:38:24.681
Tick 93363(93263), Delay 62 ms, IGT 1:17:41.916, RTA 3:38:24.681-3:38:24.743
Tick 93365(93265), Delay 30 ms, IGT 1:17:42.016, RTA 3:38:24.791-3:38:24.821
Tick 93366(93266), Delay 62 ms, IGT 1:17:42.066, RTA 3:38:24.821-3:38:24.883
Tick 93367(93267), Delay 62 ms, IGT 1:17:42.116, RTA 3:38:24.883-3:38:24.945
Tick 93369(93269), Delay 31 ms, IGT 1:17:42.216, RTA 3:38:24.992-3:38:25.023
Tick 93370(93270), Delay 61 ms, IGT 1:17:42.266, RTA 3:38:25.023-3:38:25.084
Tick 93371(93271), Delay 62 ms, IGT 1:17:42.316, RTA 3:38:25.084-3:38:25.146
Tick 93372(93272), Delay 31 ms, IGT 1:17:42.366, RTA 3:38:25.146-3:38:25.177
Tick 93373(93273), Delay 61 ms, IGT 1:17:42.416, RTA 3:38:25.177-3:38:25.238
Tick 93374(93274), Delay 31 ms, IGT 1:17:42.466, RTA 3:38:25.238-3:38:25.269
Tick 93375(93275), Delay 61 ms, IGT 1:17:42.516, RTA 3:38:25.269-3:38:25.330
Tick 93376(93276), Delay 61 ms, IGT 1:17:42.566, RTA 3:38:25.330-3:38:25.391
Tick 93377(93277), Delay 30 ms, IGT 1:17:42.616, RTA 3:38:25.391-3:38:25.421
Tick 93378(93278), Delay 61 ms, IGT 1:17:42.666, RTA 3:38:25.421-3:38:25.482
Tick 93379(93279), Delay 62 ms, IGT 1:17:42.716, RTA 3:38:25.482-3:38:25.544
Tick 93380(93280), Delay 31 ms, IGT 1:17:42.766, RTA 3:38:25.544-3:38:25.575
Tick 93381(93281), Delay 63 ms, IGT 1:17:42.816, RTA 3:38:25.575-3:38:25.638
Tick 93382(93282), Delay 30 ms, IGT 1:17:42.866, RTA 3:38:25.638-3:38:25.668
Tick 93383(93283), Delay 73 ms, IGT 1:17:42.916, RTA 3:38:25.668-3:38:25.741
Tick 93385(93285), Delay 30 ms, IGT 1:17:43.016, RTA 3:38:25.791-3:38:25.821
Tick 93386(93286), Delay 71 ms, IGT 1:17:43.066, RTA 3:38:25.821-3:38:25.892
Tick 93387(93287), Delay 31 ms, IGT 1:17:43.116, RTA 3:38:25.892-3:38:25.923
Tick 93388(93288), Delay 61 ms, IGT 1:17:43.166, RTA 3:38:25.923-3:38:25.984
Tick 93389(93289), Delay 58 ms, IGT 1:17:43.216, RTA 3:38:25.984-3:38:26.042
Tick 93390(93290), Delay 31 ms, IGT 1:17:43.266, RTA 3:38:26.042-3:38:26.073
Tick 93391(93291), Delay 62 ms, IGT 1:17:43.316, RTA 3:38:26.073-3:38:26.135
Tick 93392(93292), Delay 56 ms, IGT 1:17:43.366, RTA 3:38:26.135-3:38:26.191
Tick 93393(93293), Delay 31 ms, IGT 1:17:43.416, RTA 3:38:26.191-3:38:26.222
Tick 93394(93294), Delay 61 ms, IGT 1:17:43.466, RTA 3:38:26.222-3:38:26.283
Tick 93395(93295), Delay 60 ms, IGT 1:17:43.516, RTA 3:38:26.283-3:38:26.343
Tick 93396(93296), Delay 30 ms, IGT 1:17:43.566, RTA 3:38:26.343-3:38:26.373
Tick 93397(93297), Delay 61 ms, IGT 1:17:43.616, RTA 3:38:26.373-3:38:26.434
Tick 93398(93298), Delay 59 ms, IGT 1:17:43.666, RTA 3:38:26.434-3:38:26.493
Tick 93399(93299), Delay 30 ms, IGT 1:17:43.716, RTA 3:38:26.493-3:38:26.523
Tick 93400(93300), Delay 62 ms, IGT 1:17:43.766, RTA 3:38:26.523-3:38:26.585
Tick 93401(93301), Delay 31 ms, IGT 1:17:43.816, RTA 3:38:26.585-3:38:26.616
Tick 93402(93302), Delay 63 ms, IGT 1:17:43.866, RTA 3:38:26.616-3:38:26.679
Tick 93403(93303), Delay 61 ms, IGT 1:17:43.916, RTA 3:38:26.679-3:38:26.740
Tick 93405(93305), Delay 30 ms, IGT 1:17:44.016, RTA 3:38:26.791-3:38:26.821
Tick 93406(93306), Delay 62 ms, IGT 1:17:44.066, RTA 3:38:26.821-3:38:26.883
Tick 93407(93307), Delay 61 ms, IGT 1:17:44.116, RTA 3:38:26.883-3:38:26.944
Tick 93408(93308), Delay 31 ms, IGT 1:17:44.166, RTA 3:38:26.944-3:38:26.975
Tick 93409(93309), Delay 62 ms, IGT 1:17:44.216, RTA 3:38:26.975-3:38:27.037
Tick 93411(93311), Delay 30 ms, IGT 1:17:44.316, RTA 3:38:27.091-3:38:27.121
Tick 93412(93312), Delay 62 ms, IGT 1:17:44.366, RTA 3:38:27.121-3:38:27.183
Tick 93413(93313), Delay 60 ms, IGT 1:17:44.416, RTA 3:38:27.183-3:38:27.243
Tick 93414(93314), Delay 31 ms, IGT 1:17:44.466, RTA 3:38:27.243-3:38:27.274
Tick 93415(93315), Delay 62 ms, IGT 1:17:44.516, RTA 3:38:27.274-3:38:27.336
Tick 93416(93316), Delay 56 ms, IGT 1:17:44.566, RTA 3:38:27.336-3:38:27.392
Tick 93417(93317), Delay 32 ms, IGT 1:17:44.616, RTA 3:38:27.392-3:38:27.424
Tick 93418(93318), Delay 61 ms, IGT 1:17:44.666, RTA 3:38:27.424-3:38:27.485
Tick 93419(93319), Delay 56 ms, IGT 1:17:44.716, RTA 3:38:27.485-3:38:27.541
Tick 93420(93320), Delay 32 ms, IGT 1:17:44.766, RTA 3:38:27.541-3:38:27.573
Tick 93421(93321), Delay 61 ms, IGT 1:17:44.816, RTA 3:38:27.573-3:38:27.634
Tick 93422(93322), Delay 57 ms, IGT 1:17:44.866, RTA 3:38:27.634-3:38:27.691
Tick 93423(93323), Delay 30 ms, IGT 1:17:44.916, RTA 3:38:27.691-3:38:27.721
Tick 93424(93324), Delay 69 ms, IGT 1:17:44.966, RTA 3:38:27.721-3:38:27.790
Tick 93426(93326), Delay 31 ms, IGT 1:17:45.066, RTA 3:38:27.842-3:38:27.873
Tick 93427(93327), Delay 62 ms, IGT 1:17:45.116, RTA 3:38:27.873-3:38:27.935
Tick 93428(93328), Delay 56 ms, IGT 1:17:45.166, RTA 3:38:27.935-3:38:27.991
Tick 93429(93329), Delay 34 ms, IGT 1:17:45.216, RTA 3:38:27.991-3:38:28.025
Tick 93430(93330), Delay 61 ms, IGT 1:17:45.266, RTA 3:38:28.025-3:38:28.086
Tick 93431(93331), Delay 31 ms, IGT 1:17:45.316, RTA 3:38:28.086-3:38:28.117
Tick 93432(93332), Delay 60 ms, IGT 1:17:45.366, RTA 3:38:28.117-3:38:28.177
Tick 93433(93333), Delay 61 ms, IGT 1:17:45.416, RTA 3:38:28.177-3:38:28.238
Tick 93435(93335), Delay 31 ms, IGT 1:17:45.516, RTA 3:38:28.291-3:38:28.322
Tick 93436(93336), Delay 61 ms, IGT 1:17:45.566, RTA 3:38:28.322-3:38:28.383
Tick 93437(93337), Delay 60 ms, IGT 1:17:45.616, RTA 3:38:28.383-3:38:28.443
Tick 93438(93338), Delay 30 ms, IGT 1:17:45.666, RTA 3:38:28.443-3:38:28.473
Tick 93439(93339), Delay 61 ms, IGT 1:17:45.716, RTA 3:38:28.473-3:38:28.534
Tick 93440(93340), Delay 59 ms, IGT 1:17:45.766, RTA 3:38:28.534-3:38:28.593
Tick 93441(93341), Delay 31 ms, IGT 1:17:45.816, RTA 3:38:28.593-3:38:28.624
Tick 93442(93342), Delay 62 ms, IGT 1:17:45.866, RTA 3:38:28.624-3:38:28.686
Tick 93443(93343), Delay 57 ms, IGT 1:17:45.916, RTA 3:38:28.686-3:38:28.743
Tick 93445(93345), Delay 31 ms, IGT 1:17:46.016, RTA 3:38:28.791-3:38:28.822
Tick 93446(93346), Delay 70 ms, IGT 1:17:46.066, RTA 3:38:28.822-3:38:28.892
Tick 93447(93347), Delay 31 ms, IGT 1:17:46.116, RTA 3:38:28.892-3:38:28.923
Tick 93448(93348), Delay 60 ms, IGT 1:17:46.166, RTA 3:38:28.923-3:38:28.983
Tick 93449(93349), Delay 58 ms, IGT 1:17:46.216, RTA 3:38:28.983-3:38:29.041
Tick 93450(93350), Delay 31 ms, IGT 1:17:46.266, RTA 3:38:29.041-3:38:29.072
Tick 93451(93351), Delay 61 ms, IGT 1:17:46.316, RTA 3:38:29.072-3:38:29.133
Tick 93452(93352), Delay 58 ms, IGT 1:17:46.366, RTA 3:38:29.133-3:38:29.191
Tick 93453(93353), Delay 31 ms, IGT 1:17:46.416, RTA 3:38:29.191-3:38:29.222
Tick 93454(93354), Delay 61 ms, IGT 1:17:46.466, RTA 3:38:29.222-3:38:29.283
Tick 93455(93355), Delay 60 ms, IGT 1:17:46.516, RTA 3:38:29.283-3:38:29.343
Tick 93456(93356), Delay 30 ms, IGT 1:17:46.566, RTA 3:38:29.343-3:38:29.373
Tick 93457(93357), Delay 61 ms, IGT 1:17:46.616, RTA 3:38:29.373-3:38:29.434
Tick 93458(93358), Delay 58 ms, IGT 1:17:46.666, RTA 3:38:29.434-3:38:29.492
Tick 93459(93359), Delay 30 ms, IGT 1:17:46.716, RTA 3:38:29.492-3:38:29.522
Tick 93460(93360), Delay 61 ms, IGT 1:17:46.766, RTA 3:38:29.522-3:38:29.583
Tick 93461(93361), Delay 61 ms, IGT 1:17:46.816, RTA 3:38:29.583-3:38:29.644
Tick 93462(93362), Delay 30 ms, IGT 1:17:46.866, RTA 3:38:29.644-3:38:29.674
Tick 93463(93363), Delay 66 ms, IGT 1:17:46.916, RTA 3:38:29.674-3:38:29.740
Tick 93465(93365), Delay 30 ms, IGT 1:17:47.016, RTA 3:38:29.791-3:38:29.821
Tick 93466(93366), Delay 61 ms, IGT 1:17:47.066, RTA 3:38:29.821-3:38:29.882
Tick 93467(93367), Delay 62 ms, IGT 1:17:47.116, RTA 3:38:29.882-3:38:29.944
Tick 93468(93368), Delay 30 ms, IGT 1:17:47.166, RTA 3:38:29.944-3:38:29.974
Tick 93469(93369), Delay 61 ms, IGT 1:17:47.216, RTA 3:38:29.974-3:38:30.035
Tick 93470(93370), Delay 58 ms, IGT 1:17:47.266, RTA 3:38:30.035-3:38:30.093
Tick 93471(93371), Delay 31 ms, IGT 1:17:47.316, RTA 3:38:30.093-3:38:30.124
Tick 93472(93372), Delay 62 ms, IGT 1:17:47.366, RTA 3:38:30.124-3:38:30.186
Tick 93473(93373), Delay 56 ms, IGT 1:17:47.416, RTA 3:38:30.186-3:38:30.242
Tick 93474(93374), Delay 30 ms, IGT 1:17:47.466, RTA 3:38:30.242-3:38:30.272
Tick 93475(93375), Delay 61 ms, IGT 1:17:47.516, RTA 3:38:30.272-3:38:30.333
Tick 93476(93376), Delay 61 ms, IGT 1:17:47.566, RTA 3:38:30.333-3:38:30.394
Tick 93477(93377), Delay 31 ms, IGT 1:17:47.616, RTA 3:38:30.394-3:38:30.425
Tick 93478(93378), Delay 62 ms, IGT 1:17:47.666, RTA 3:38:30.425-3:38:30.487
Tick 93479(93379), Delay 31 ms, IGT 1:17:47.716, RTA 3:38:30.487-3:38:30.518
Tick 93480(93380), Delay 60 ms, IGT 1:17:47.766, RTA 3:38:30.518-3:38:30.578
Tick 93481(93381), Delay 61 ms, IGT 1:17:47.816, RTA 3:38:30.578-3:38:30.639
Tick 93482(93382), Delay 30 ms, IGT 1:17:47.866, RTA 3:38:30.639-3:38:30.669
Tick 93483(93383), Delay 65 ms, IGT 1:17:47.916, RTA 3:38:30.669-3:38:30.734
Tick 93484(93384), Delay 57 ms, IGT 1:17:47.966, RTA 3:38:30.734-3:38:30.791
Tick 93485(93385), Delay 31 ms, IGT 1:17:48.016, RTA 3:38:30.791-3:38:30.822
Tick 93486(93386), Delay 61 ms, IGT 1:17:48.066, RTA 3:38:30.822-3:38:30.883
Tick 93487(93387), Delay 61 ms, IGT 1:17:48.116, RTA 3:38:30.883-3:38:30.944
Tick 93489(93389), Delay 30 ms, IGT 1:17:48.216, RTA 3:38:30.992-3:38:31.022
Tick 93490(93390), Delay 62 ms, IGT 1:17:48.266, RTA 3:38:31.022-3:38:31.084
Tick 93491(93391), Delay 61 ms, IGT 1:17:48.316, RTA 3:38:31.084-3:38:31.145
Tick 93492(93392), Delay 31 ms, IGT 1:17:48.366, RTA 3:38:31.145-3:38:31.176
Tick 93493(93393), Delay 60 ms, IGT 1:17:48.416, RTA 3:38:31.176-3:38:31.236
Tick 93494(93394), Delay 31 ms, IGT 1:17:48.466, RTA 3:38:31.236-3:38:31.267
Tick 93495(93395), Delay 60 ms, IGT 1:17:48.516, RTA 3:38:31.267-3:38:31.327
Tick 93496(93396), Delay 60 ms, IGT 1:17:48.566, RTA 3:38:31.327-3:38:31.387
Tick 93497(93397), Delay 30 ms, IGT 1:17:48.616, RTA 3:38:31.387-3:38:31.417
Tick 93498(93398), Delay 62 ms, IGT 1:17:48.666, RTA 3:38:31.417-3:38:31.479
Tick 93499(93399), Delay 60 ms, IGT 1:17:48.716, RTA 3:38:31.479-3:38:31.539
Tick 93500(93400), Delay 31 ms, IGT 1:17:48.766, RTA 3:38:31.539-3:38:31.570
Tick 93501(93401), Delay 61 ms, IGT 1:17:48.816, RTA 3:38:31.570-3:38:31.631
Tick 93502(93402), Delay 61 ms, IGT 1:17:48.866, RTA 3:38:31.631-3:38:31.692
Tick 93503(93403), Delay 32 ms, IGT 1:17:48.916, RTA 3:38:31.692-3:38:31.724
Tick 93504(93404), Delay 67 ms, IGT 1:17:48.966, RTA 3:38:31.724-3:38:31.791
Tick 93505(93405), Delay 30 ms, IGT 1:17:49.016, RTA 3:38:31.791-3:38:31.821
Tick 93506(93406), Delay 63 ms, IGT 1:17:49.066, RTA 3:38:31.821-3:38:31.884
Tick 93507(93407), Delay 61 ms, IGT 1:17:49.116, RTA 3:38:31.884-3:38:31.945
Tick 93508(93408), Delay 30 ms, IGT 1:17:49.166, RTA 3:38:31.945-3:38:31.975
Tick 93509(93409), Delay 62 ms, IGT 1:17:49.216, RTA 3:38:31.975-3:38:32.037
Tick 93510(93410), Delay 30 ms, IGT 1:17:49.266, RTA 3:38:32.037-3:38:32.067
Tick 93511(93411), Delay 61 ms, IGT 1:17:49.316, RTA 3:38:32.067-3:38:32.128
Tick 93512(93412), Delay 61 ms, IGT 1:17:49.366, RTA 3:38:32.128-3:38:32.189
Tick 93513(93413), Delay 31 ms, IGT 1:17:49.416, RTA 3:38:32.189-3:38:32.220
Tick 93514(93414), Delay 61 ms, IGT 1:17:49.466, RTA 3:38:32.220-3:38:32.281
Tick 93515(93415), Delay 62 ms, IGT 1:17:49.516, RTA 3:38:32.281-3:38:32.343
Tick 93516(93416), Delay 30 ms, IGT 1:17:49.566, RTA 3:38:32.343-3:38:32.373
Tick 93517(93417), Delay 62 ms, IGT 1:17:49.616, RTA 3:38:32.373-3:38:32.435
Tick 93518(93418), Delay 61 ms, IGT 1:17:49.666, RTA 3:38:32.435-3:38:32.496
Tick 93519(93419), Delay 30 ms, IGT 1:17:49.716, RTA 3:38:32.496-3:38:32.526
Tick 93520(93420), Delay 61 ms, IGT 1:17:49.766, RTA 3:38:32.526-3:38:32.587
Tick 93521(93421), Delay 30 ms, IGT 1:17:49.816, RTA 3:38:32.587-3:38:32.617
Tick 93522(93422), Delay 61 ms, IGT 1:17:49.866, RTA 3:38:32.617-3:38:32.678
Tick 93523(93423), Delay 61 ms, IGT 1:17:49.916, RTA 3:38:32.678-3:38:32.739
Tick 93525(93425), Delay 31 ms, IGT 1:17:50.016, RTA 3:38:32.791-3:38:32.822
Tick 93526(93426), Delay 61 ms, IGT 1:17:50.066, RTA 3:38:32.822-3:38:32.883
Tick 93527(93427), Delay 59 ms, IGT 1:17:50.116, RTA 3:38:32.883-3:38:32.942
Tick 93528(93428), Delay 31 ms, IGT 1:17:50.166, RTA 3:38:32.942-3:38:32.973
Tick 93529(93429), Delay 61 ms, IGT 1:17:50.216, RTA 3:38:32.973-3:38:33.034
Tick 93530(93430), Delay 57 ms, IGT 1:17:50.266, RTA 3:38:33.034-3:38:33.091
Tick 93531(93431), Delay 30 ms, IGT 1:17:50.316, RTA 3:38:33.091-3:38:33.121
Tick 93532(93432), Delay 61 ms, IGT 1:17:50.366, RTA 3:38:33.121-3:38:33.182
Tick 93533(93433), Delay 60 ms, IGT 1:17:50.416, RTA 3:38:33.182-3:38:33.242
Tick 93534(93434), Delay 31 ms, IGT 1:17:50.466, RTA 3:38:33.242-3:38:33.273
Tick 93535(93435), Delay 61 ms, IGT 1:17:50.516, RTA 3:38:33.273-3:38:33.334
Tick 93536(93436), Delay 61 ms, IGT 1:17:50.566, RTA 3:38:33.334-3:38:33.395
Tick 93537(93437), Delay 31 ms, IGT 1:17:50.616, RTA 3:38:33.395-3:38:33.426
Tick 93538(93438), Delay 61 ms, IGT 1:17:50.666, RTA 3:38:33.426-3:38:33.487
Tick 93539(93439), Delay 30 ms, IGT 1:17:50.716, RTA 3:38:33.487-3:38:33.517
Tick 93540(93440), Delay 61 ms, IGT 1:17:50.766, RTA 3:38:33.517-3:38:33.578
Tick 93541(93441), Delay 61 ms, IGT 1:17:50.816, RTA 3:38:33.578-3:38:33.639
Tick 93542(93442), Delay 31 ms, IGT 1:17:50.866, RTA 3:38:33.639-3:38:33.670
Tick 93545(93445), Delay 59 ms, IGT 1:17:51.016, RTA 3:38:33.767-3:38:33.826
Tick 93546(93446), Delay 40 ms, IGT 1:17:51.066, RTA 3:38:33.826-3:38:33.866
Tick 93819(93719), Delay 55 ms, IGT 1:18:04.716, RTA 3:38:47.466-3:38:47.521
Tick 93820(93720), Delay 45 ms, IGT 1:18:04.766, RTA 3:38:47.521-3:38:47.566
Tick 94051(93951), Delay 39742 ms, IGT 1:18:16.316, RTA 3:38:59.065-3:39:38.807
Tick 94134(94034), Delay 65 ms, IGT 1:18:20.466, RTA 3:39:42.907-3:39:42.972
Tick 94135(94035), Delay 62 ms, IGT 1:18:20.516, RTA 3:39:42.972-3:39:43.034
Tick 94136(94036), Delay 27 ms, IGT 1:18:20.566, RTA 3:39:43.034-3:39:43.061
Tick 94137(94037), Delay 61 ms, IGT 1:18:20.616, RTA 3:39:43.061-3:39:43.122
Tick 94138(94038), Delay 62 ms, IGT 1:18:20.666, RTA 3:39:43.122-3:39:43.184
Tick 94139(94039), Delay 30 ms, IGT 1:18:20.716, RTA 3:39:43.184-3:39:43.214
Tick 94140(94040), Delay 61 ms, IGT 1:18:20.766, RTA 3:39:43.214-3:39:43.275
Tick 94141(94041), Delay 61 ms, IGT 1:18:20.816, RTA 3:39:43.275-3:39:43.336
Tick 94142(94042), Delay 31 ms, IGT 1:18:20.866, RTA 3:39:43.336-3:39:43.367
Tick 94143(94043), Delay 61 ms, IGT 1:18:20.916, RTA 3:39:43.367-3:39:43.428
Tick 94144(94044), Delay 30 ms, IGT 1:18:20.966, RTA 3:39:43.428-3:39:43.458
Tick 94145(94045), Delay 62 ms, IGT 1:18:21.016, RTA 3:39:43.458-3:39:43.520
Tick 94146(94046), Delay 62 ms, IGT 1:18:21.066, RTA 3:39:43.520-3:39:43.582
Tick 94147(94047), Delay 31 ms, IGT 1:18:21.116, RTA 3:39:43.582-3:39:43.613
Tick 94149(94049), Delay 62 ms, IGT 1:18:21.216, RTA 3:39:43.661-3:39:43.723
Tick 94150(94050), Delay 61 ms, IGT 1:18:21.266, RTA 3:39:43.723-3:39:43.784
Tick 94151(94051), Delay 30 ms, IGT 1:18:21.316, RTA 3:39:43.784-3:39:43.814
Tick 94152(94052), Delay 62 ms, IGT 1:18:21.366, RTA 3:39:43.814-3:39:43.876
Tick 94153(94053), Delay 31 ms, IGT 1:18:21.416, RTA 3:39:43.876-3:39:43.907
Tick 94154(94054), Delay 63 ms, IGT 1:18:21.466, RTA 3:39:43.907-3:39:43.970
Tick 94155(94055), Delay 61 ms, IGT 1:18:21.516, RTA 3:39:43.970-3:39:44.031
Tick 94156(94056), Delay 30 ms, IGT 1:18:21.566, RTA 3:39:44.031-3:39:44.061
Tick 94157(94057), Delay 60 ms, IGT 1:18:21.616, RTA 3:39:44.061-3:39:44.121
Tick 94158(94058), Delay 62 ms, IGT 1:18:21.666, RTA 3:39:44.121-3:39:44.183
Tick 94159(94059), Delay 30 ms, IGT 1:18:21.716, RTA 3:39:44.183-3:39:44.213
Tick 94160(94060), Delay 61 ms, IGT 1:18:21.766, RTA 3:39:44.213-3:39:44.274
Tick 94161(94061), Delay 62 ms, IGT 1:18:21.816, RTA 3:39:44.274-3:39:44.336
Tick 94162(94062), Delay 30 ms, IGT 1:18:21.866, RTA 3:39:44.336-3:39:44.366
Tick 94163(94063), Delay 45 ms, IGT 1:18:21.916, RTA 3:39:44.366-3:39:44.411
Tick 94165(94065), Delay 61 ms, IGT 1:18:22.016, RTA 3:39:44.460-3:39:44.521
Tick 94166(94066), Delay 40 ms, IGT 1:18:22.066, RTA 3:39:44.521-3:39:44.561
Tick 94167(94067), Delay 63 ms, IGT 1:18:22.116, RTA 3:39:44.561-3:39:44.624
Tick 94168(94068), Delay 60 ms, IGT 1:18:22.166, RTA 3:39:44.624-3:39:44.684
Tick 94169(94069), Delay 27 ms, IGT 1:18:22.216, RTA 3:39:44.684-3:39:44.711
Tick 94170(94070), Delay 61 ms, IGT 1:18:22.266, RTA 3:39:44.711-3:39:44.772
Tick 94171(94071), Delay 62 ms, IGT 1:18:22.316, RTA 3:39:44.772-3:39:44.834
Tick 94172(94072), Delay 27 ms, IGT 1:18:22.366, RTA 3:39:44.834-3:39:44.861
Tick 94173(94073), Delay 61 ms, IGT 1:18:22.416, RTA 3:39:44.861-3:39:44.922
Tick 94174(94074), Delay 65 ms, IGT 1:18:22.466, RTA 3:39:44.922-3:39:44.987
Tick 94175(94075), Delay 24 ms, IGT 1:18:22.516, RTA 3:39:44.987-3:39:45.011
Tick 94176(94076), Delay 62 ms, IGT 1:18:22.566, RTA 3:39:45.011-3:39:45.073
Tick 94177(94077), Delay 60 ms, IGT 1:18:22.616, RTA 3:39:45.073-3:39:45.133
Tick 94178(94078), Delay 28 ms, IGT 1:18:22.666, RTA 3:39:45.133-3:39:45.161
Tick 94179(94079), Delay 62 ms, IGT 1:18:22.716, RTA 3:39:45.161-3:39:45.223
Tick 94180(94080), Delay 61 ms, IGT 1:18:22.766, RTA 3:39:45.223-3:39:45.284
Tick 94181(94081), Delay 27 ms, IGT 1:18:22.816, RTA 3:39:45.284-3:39:45.311
Tick 94182(94082), Delay 62 ms, IGT 1:18:22.866, RTA 3:39:45.311-3:39:45.373
Tick 94183(94083), Delay 62 ms, IGT 1:18:22.916, RTA 3:39:45.373-3:39:45.435
Tick 94184(94084), Delay 25 ms, IGT 1:18:22.966, RTA 3:39:45.435-3:39:45.460
Tick 94185(94085), Delay 63 ms, IGT 1:18:23.016, RTA 3:39:45.460-3:39:45.523
Tick 94186(94086), Delay 61 ms, IGT 1:18:23.066, RTA 3:39:45.523-3:39:45.584
Tick 94187(94087), Delay 27 ms, IGT 1:18:23.116, RTA 3:39:45.584-3:39:45.611
Tick 94188(94088), Delay 62 ms, IGT 1:18:23.166, RTA 3:39:45.611-3:39:45.673
Tick 94189(94089), Delay 61 ms, IGT 1:18:23.216, RTA 3:39:45.673-3:39:45.734
Tick 94190(94090), Delay 30 ms, IGT 1:18:23.266, RTA 3:39:45.734-3:39:45.764
Tick 94191(94091), Delay 62 ms, IGT 1:18:23.316, RTA 3:39:45.764-3:39:45.826
Tick 94192(94092), Delay 60 ms, IGT 1:18:23.366, RTA 3:39:45.826-3:39:45.886
Tick 94193(94093), Delay 31 ms, IGT 1:18:23.416, RTA 3:39:45.886-3:39:45.917
Tick 94194(94094), Delay 64 ms, IGT 1:18:23.466, RTA 3:39:45.917-3:39:45.981
Tick 94195(94095), Delay 30 ms, IGT 1:18:23.516, RTA 3:39:45.981-3:39:46.011
Tick 94196(94096), Delay 62 ms, IGT 1:18:23.566, RTA 3:39:46.011-3:39:46.073
Tick 94197(94097), Delay 61 ms, IGT 1:18:23.616, RTA 3:39:46.073-3:39:46.134
Tick 94198(94098), Delay 32 ms, IGT 1:18:23.666, RTA 3:39:46.134-3:39:46.166
Tick 94199(94099), Delay 61 ms, IGT 1:18:23.716, RTA 3:39:46.166-3:39:46.227
Tick 94200(94100), Delay 31 ms, IGT 1:18:23.766, RTA 3:39:46.227-3:39:46.258
Tick 94201(94101), Delay 61 ms, IGT 1:18:23.816, RTA 3:39:46.258-3:39:46.319
Tick 94202(94102), Delay 61 ms, IGT 1:18:23.866, RTA 3:39:46.319-3:39:46.380
Tick 94203(94103), Delay 31 ms, IGT 1:18:23.916, RTA 3:39:46.380-3:39:46.411
Tick 94205(94105), Delay 63 ms, IGT 1:18:24.016, RTA 3:39:46.460-3:39:46.523
Tick 94206(94106), Delay 61 ms, IGT 1:18:24.066, RTA 3:39:46.523-3:39:46.584
Tick 94207(94107), Delay 32 ms, IGT 1:18:24.116, RTA 3:39:46.584-3:39:46.616
Tick 94208(94108), Delay 45 ms, IGT 1:18:24.166, RTA 3:39:46.616-3:39:46.661
Tick 94209(94109), Delay 63 ms, IGT 1:18:24.216, RTA 3:39:46.661-3:39:46.724
Tick 94210(94110), Delay 62 ms, IGT 1:18:24.266, RTA 3:39:46.724-3:39:46.786
Tick 94211(94111), Delay 30 ms, IGT 1:18:24.316, RTA 3:39:46.786-3:39:46.816
Tick 94212(94112), Delay 61 ms, IGT 1:18:24.366, RTA 3:39:46.816-3:39:46.877
Tick 94213(94113), Delay 31 ms, IGT 1:18:24.416, RTA 3:39:46.877-3:39:46.908
Tick 94214(94114), Delay 63 ms, IGT 1:18:24.466, RTA 3:39:46.908-3:39:46.971
Tick 94215(94115), Delay 63 ms, IGT 1:18:24.516, RTA 3:39:46.971-3:39:47.034
Tick 94216(94116), Delay 31 ms, IGT 1:18:24.566, RTA 3:39:47.034-3:39:47.065
Tick 94217(94117), Delay 62 ms, IGT 1:18:24.616, RTA 3:39:47.065-3:39:47.127
Tick 94218(94118), Delay 31 ms, IGT 1:18:24.666, RTA 3:39:47.127-3:39:47.158
Tick 94219(94119), Delay 61 ms, IGT 1:18:24.716, RTA 3:39:47.158-3:39:47.219
Tick 94220(94120), Delay 60 ms, IGT 1:18:24.766, RTA 3:39:47.219-3:39:47.279
Tick 94221(94121), Delay 31 ms, IGT 1:18:24.816, RTA 3:39:47.279-3:39:47.310
Tick 94222(94122), Delay 61 ms, IGT 1:18:24.866, RTA 3:39:47.310-3:39:47.371
Tick 94223(94123), Delay 60 ms, IGT 1:18:24.916, RTA 3:39:47.371-3:39:47.431
Tick 94224(94124), Delay 29 ms, IGT 1:18:24.966, RTA 3:39:47.431-3:39:47.460
Tick 94225(94125), Delay 61 ms, IGT 1:18:25.016, RTA 3:39:47.460-3:39:47.521
Tick 94226(94126), Delay 61 ms, IGT 1:18:25.066, RTA 3:39:47.521-3:39:47.582
Tick 94227(94127), Delay 31 ms, IGT 1:18:25.116, RTA 3:39:47.582-3:39:47.613
Tick 94228(94128), Delay 61 ms, IGT 1:18:25.166, RTA 3:39:47.613-3:39:47.674
Tick 94229(94129), Delay 63 ms, IGT 1:18:25.216, RTA 3:39:47.674-3:39:47.737
Tick 94230(94130), Delay 30 ms, IGT 1:18:25.266, RTA 3:39:47.737-3:39:47.767
Tick 94231(94131), Delay 61 ms, IGT 1:18:25.316, RTA 3:39:47.767-3:39:47.828
Tick 94232(94132), Delay 30 ms, IGT 1:18:25.366, RTA 3:39:47.828-3:39:47.858
Tick 94233(94133), Delay 62 ms, IGT 1:18:25.416, RTA 3:39:47.858-3:39:47.920
Tick 94234(94134), Delay 61 ms, IGT 1:18:25.466, RTA 3:39:47.920-3:39:47.981
Tick 94235(94135), Delay 27 ms, IGT 1:18:25.516, RTA 3:39:47.981-3:39:48.008
Tick 94406(94306), Delay 61 ms, IGT 1:18:34.066, RTA 3:39:56.507-3:39:56.568
Tick 94407(94307), Delay 39 ms, IGT 1:18:34.116, RTA 3:39:56.568-3:39:56.607
Tick 95180(95080), Delay 79 ms, IGT 1:19:12.766, RTA 3:40:35.206-3:40:35.285
Tick 95181(95081), Delay 30 ms, IGT 1:19:12.816, RTA 3:40:35.285-3:40:35.315
Tick 95182(95082), Delay 61 ms, IGT 1:19:12.866, RTA 3:40:35.315-3:40:35.376
Tick 95183(95083), Delay 31 ms, IGT 1:19:12.916, RTA 3:40:35.376-3:40:35.407
Tick 95185(95085), Delay 62 ms, IGT 1:19:13.016, RTA 3:40:35.460-3:40:35.522
Tick 95186(95086), Delay 39 ms, IGT 1:19:13.066, RTA 3:40:35.522-3:40:35.561
Tick 95187(95087), Delay 61 ms, IGT 1:19:13.116, RTA 3:40:35.561-3:40:35.622
Tick 95188(95088), Delay 61 ms, IGT 1:19:13.166, RTA 3:40:35.622-3:40:35.683
Tick 95189(95089), Delay 29 ms, IGT 1:19:13.216, RTA 3:40:35.683-3:40:35.712
Tick 95190(95090), Delay 64 ms, IGT 1:19:13.266, RTA 3:40:35.712-3:40:35.776
Tick 95191(95091), Delay 31 ms, IGT 1:19:13.316, RTA 3:40:35.776-3:40:35.807
Tick 95193(95093), Delay 62 ms, IGT 1:19:13.416, RTA 3:40:35.861-3:40:35.923
Tick 95194(95094), Delay 62 ms, IGT 1:19:13.466, RTA 3:40:35.923-3:40:35.985
Tick 95195(95095), Delay 30 ms, IGT 1:19:13.516, RTA 3:40:35.985-3:40:36.015
Tick 95196(95096), Delay 61 ms, IGT 1:19:13.566, RTA 3:40:36.015-3:40:36.076
Tick 95197(95097), Delay 31 ms, IGT 1:19:13.616, RTA 3:40:36.076-3:40:36.107
Tick 95198(95098), Delay 62 ms, IGT 1:19:13.666, RTA 3:40:36.107-3:40:36.169
Tick 95199(95099), Delay 60 ms, IGT 1:19:13.716, RTA 3:40:36.169-3:40:36.229
Tick 95200(95100), Delay 31 ms, IGT 1:19:13.766, RTA 3:40:36.229-3:40:36.260
Tick 95202(95102), Delay 61 ms, IGT 1:19:13.866, RTA 3:40:36.311-3:40:36.372
Tick 95203(95103), Delay 61 ms, IGT 1:19:13.916, RTA 3:40:36.372-3:40:36.433
Tick 95204(95104), Delay 27 ms, IGT 1:19:13.966, RTA 3:40:36.433-3:40:36.460
Tick 95205(95105), Delay 63 ms, IGT 1:19:14.016, RTA 3:40:36.460-3:40:36.523
Tick 95206(95106), Delay 62 ms, IGT 1:19:14.066, RTA 3:40:36.523-3:40:36.585
Tick 95207(95107), Delay 27 ms, IGT 1:19:14.116, RTA 3:40:36.585-3:40:36.612
Tick 95208(95108), Delay 62 ms, IGT 1:19:14.166, RTA 3:40:36.612-3:40:36.674
Tick 95209(95109), Delay 61 ms, IGT 1:19:14.216, RTA 3:40:36.674-3:40:36.735
Tick 95210(95110), Delay 26 ms, IGT 1:19:14.266, RTA 3:40:36.735-3:40:36.761
Tick 95211(95111), Delay 62 ms, IGT 1:19:14.316, RTA 3:40:36.761-3:40:36.823
Tick 95212(95112), Delay 62 ms, IGT 1:19:14.366, RTA 3:40:36.823-3:40:36.885
Tick 95213(95113), Delay 26 ms, IGT 1:19:14.416, RTA 3:40:36.885-3:40:36.911
Tick 95214(95114), Delay 61 ms, IGT 1:19:14.466, RTA 3:40:36.911-3:40:36.972
Tick 95215(95115), Delay 61 ms, IGT 1:19:14.516, RTA 3:40:36.972-3:40:37.033
Tick 95216(95116), Delay 28 ms, IGT 1:19:14.566, RTA 3:40:37.033-3:40:37.061
Tick 95217(95117), Delay 62 ms, IGT 1:19:14.616, RTA 3:40:37.061-3:40:37.123
Tick 95218(95118), Delay 60 ms, IGT 1:19:14.666, RTA 3:40:37.123-3:40:37.183
Tick 95219(95119), Delay 32 ms, IGT 1:19:14.716, RTA 3:40:37.183-3:40:37.215
Tick 95220(95120), Delay 61 ms, IGT 1:19:14.766, RTA 3:40:37.215-3:40:37.276
Tick 95221(95121), Delay 43 ms, IGT 1:19:14.816, RTA 3:40:37.276-3:40:37.319
Tick 95222(95122), Delay 61 ms, IGT 1:19:14.866, RTA 3:40:37.319-3:40:37.380
Tick 95223(95123), Delay 31 ms, IGT 1:19:14.916, RTA 3:40:37.380-3:40:37.411
Tick 95226(95126), Delay 61 ms, IGT 1:19:15.066, RTA 3:40:37.511-3:40:37.572
Tick 95227(95127), Delay 61 ms, IGT 1:19:15.116, RTA 3:40:37.572-3:40:37.633
Tick 95228(95128), Delay 28 ms, IGT 1:19:15.166, RTA 3:40:37.633-3:40:37.661
Tick 95229(95129), Delay 61 ms, IGT 1:19:15.216, RTA 3:40:37.661-3:40:37.722
Tick 95230(95130), Delay 62 ms, IGT 1:19:15.266, RTA 3:40:37.722-3:40:37.784
Tick 95231(95131), Delay 27 ms, IGT 1:19:15.316, RTA 3:40:37.784-3:40:37.811
Tick 95232(95132), Delay 60 ms, IGT 1:19:15.366, RTA 3:40:37.811-3:40:37.871
Tick 95233(95133), Delay 61 ms, IGT 1:19:15.416, RTA 3:40:37.871-3:40:37.932
Tick 95234(95134), Delay 29 ms, IGT 1:19:15.466, RTA 3:40:37.932-3:40:37.961
Tick 95235(95135), Delay 61 ms, IGT 1:19:15.516, RTA 3:40:37.961-3:40:38.022
Tick 95236(95136), Delay 61 ms, IGT 1:19:15.566, RTA 3:40:38.022-3:40:38.083
Tick 95237(95137), Delay 29 ms, IGT 1:19:15.616, RTA 3:40:38.083-3:40:38.112
Tick 95238(95138), Delay 61 ms, IGT 1:19:15.666, RTA 3:40:38.112-3:40:38.173
Tick 95239(95139), Delay 62 ms, IGT 1:19:15.716, RTA 3:40:38.173-3:40:38.235
Tick 95240(95140), Delay 26 ms, IGT 1:19:15.766, RTA 3:40:38.235-3:40:38.261
Tick 95241(95141), Delay 63 ms, IGT 1:19:15.816, RTA 3:40:38.261-3:40:38.324
Tick 95242(95142), Delay 61 ms, IGT 1:19:15.866, RTA 3:40:38.324-3:40:38.385
Tick 95243(95143), Delay 30 ms, IGT 1:19:15.916, RTA 3:40:38.385-3:40:38.415
Tick 95244(95144), Delay 44 ms, IGT 1:19:15.966, RTA 3:40:38.415-3:40:38.459
Tick 95245(95145), Delay 62 ms, IGT 1:19:16.016, RTA 3:40:38.459-3:40:38.521
Tick 95246(95146), Delay 62 ms, IGT 1:19:16.066, RTA 3:40:38.521-3:40:38.583
Tick 95247(95147), Delay 31 ms, IGT 1:19:16.116, RTA 3:40:38.583-3:40:38.614
Tick 95248(95148), Delay 61 ms, IGT 1:19:16.166, RTA 3:40:38.614-3:40:38.675
Tick 95249(95149), Delay 61 ms, IGT 1:19:16.216, RTA 3:40:38.675-3:40:38.736
Tick 95250(95150), Delay 30 ms, IGT 1:19:16.266, RTA 3:40:38.736-3:40:38.766
Tick 95251(95151), Delay 61 ms, IGT 1:19:16.316, RTA 3:40:38.766-3:40:38.827
Tick 95252(95152), Delay 30 ms, IGT 1:19:16.366, RTA 3:40:38.827-3:40:38.857
Tick 95253(95153), Delay 61 ms, IGT 1:19:16.416, RTA 3:40:38.857-3:40:38.918
Tick 95254(95154), Delay 61 ms, IGT 1:19:16.466, RTA 3:40:38.918-3:40:38.979
Tick 95255(95155), Delay 30 ms, IGT 1:19:16.516, RTA 3:40:38.979-3:40:39.009
Tick 95256(95156), Delay 61 ms, IGT 1:19:16.566, RTA 3:40:39.009-3:40:39.070
Tick 95257(95157), Delay 62 ms, IGT 1:19:16.616, RTA 3:40:39.070-3:40:39.132
Tick 95258(95158), Delay 29 ms, IGT 1:19:16.666, RTA 3:40:39.132-3:40:39.161
Tick 95259(95159), Delay 62 ms, IGT 1:19:16.716, RTA 3:40:39.161-3:40:39.223
Tick 95260(95160), Delay 61 ms, IGT 1:19:16.766, RTA 3:40:39.223-3:40:39.284
Tick 95261(95161), Delay 27 ms, IGT 1:19:16.816, RTA 3:40:39.284-3:40:39.311
Tick 95262(95162), Delay 63 ms, IGT 1:19:16.866, RTA 3:40:39.311-3:40:39.374
Tick 95263(95163), Delay 62 ms, IGT 1:19:16.916, RTA 3:40:39.374-3:40:39.436
Tick 95264(95164), Delay 24 ms, IGT 1:19:16.966, RTA 3:40:39.436-3:40:39.460
Tick 95265(95165), Delay 61 ms, IGT 1:19:17.016, RTA 3:40:39.460-3:40:39.521
Tick 95266(95166), Delay 61 ms, IGT 1:19:17.066, RTA 3:40:39.521-3:40:39.582
Tick 95267(95167), Delay 30 ms, IGT 1:19:17.116, RTA 3:40:39.582-3:40:39.612
Tick 95268(95168), Delay 61 ms, IGT 1:19:17.166, RTA 3:40:39.612-3:40:39.673
Tick 95269(95169), Delay 61 ms, IGT 1:19:17.216, RTA 3:40:39.673-3:40:39.734
Tick 95270(95170), Delay 27 ms, IGT 1:19:17.266, RTA 3:40:39.734-3:40:39.761
Tick 95271(95171), Delay 62 ms, IGT 1:19:17.316, RTA 3:40:39.761-3:40:39.823
Tick 95272(95172), Delay 61 ms, IGT 1:19:17.366, RTA 3:40:39.823-3:40:39.884
Tick 95273(95173), Delay 27 ms, IGT 1:19:17.416, RTA 3:40:39.884-3:40:39.911
Tick 95274(95174), Delay 63 ms, IGT 1:19:17.466, RTA 3:40:39.911-3:40:39.974
Tick 95275(95175), Delay 61 ms, IGT 1:19:17.516, RTA 3:40:39.974-3:40:40.035
Tick 95276(95176), Delay 26 ms, IGT 1:19:17.566, RTA 3:40:40.035-3:40:40.061
Tick 95277(95177), Delay 63 ms, IGT 1:19:17.616, RTA 3:40:40.061-3:40:40.124
Tick 95278(95178), Delay 61 ms, IGT 1:19:17.666, RTA 3:40:40.124-3:40:40.185
Tick 95279(95179), Delay 26 ms, IGT 1:19:17.716, RTA 3:40:40.185-3:40:40.211
Tick 95280(95180), Delay 60 ms, IGT 1:19:17.766, RTA 3:40:40.211-3:40:40.271
Tick 95281(95181), Delay 62 ms, IGT 1:19:17.816, RTA 3:40:40.271-3:40:40.333
Tick 95282(95182), Delay 28 ms, IGT 1:19:17.866, RTA 3:40:40.333-3:40:40.361
Tick 95283(95183), Delay 60 ms, IGT 1:19:17.916, RTA 3:40:40.361-3:40:40.421
Tick 95284(95184), Delay 39 ms, IGT 1:19:17.966, RTA 3:40:40.421-3:40:40.460
Tick 95286(95186), Delay 63 ms, IGT 1:19:18.066, RTA 3:40:40.511-3:40:40.574
Tick 95287(95187), Delay 60 ms, IGT 1:19:18.116, RTA 3:40:40.574-3:40:40.634
Tick 95288(95188), Delay 27 ms, IGT 1:19:18.166, RTA 3:40:40.634-3:40:40.661
Tick 95289(95189), Delay 63 ms, IGT 1:19:18.216, RTA 3:40:40.661-3:40:40.724
Tick 95290(95190), Delay 62 ms, IGT 1:19:18.266, RTA 3:40:40.724-3:40:40.786
Tick 95291(95191), Delay 26 ms, IGT 1:19:18.316, RTA 3:40:40.786-3:40:40.812
Tick 95292(95192), Delay 61 ms, IGT 1:19:18.366, RTA 3:40:40.812-3:40:40.873
Tick 95293(95193), Delay 62 ms, IGT 1:19:18.416, RTA 3:40:40.873-3:40:40.935
Tick 95294(95194), Delay 26 ms, IGT 1:19:18.466, RTA 3:40:40.935-3:40:40.961
Tick 95295(95195), Delay 61 ms, IGT 1:19:18.516, RTA 3:40:40.961-3:40:41.022
Tick 95296(95196), Delay 62 ms, IGT 1:19:18.566, RTA 3:40:41.022-3:40:41.084
Tick 95297(95197), Delay 30 ms, IGT 1:19:18.616, RTA 3:40:41.084-3:40:41.114
Tick 95298(95198), Delay 62 ms, IGT 1:19:18.666, RTA 3:40:41.114-3:40:41.176
Tick 95299(95199), Delay 31 ms, IGT 1:19:18.716, RTA 3:40:41.176-3:40:41.207
Tick 95300(95200), Delay 61 ms, IGT 1:19:18.766, RTA 3:40:41.207-3:40:41.268
Tick 95301(95201), Delay 61 ms, IGT 1:19:18.816, RTA 3:40:41.268-3:40:41.329
Tick 95302(95202), Delay 30 ms, IGT 1:19:18.866, RTA 3:40:41.329-3:40:41.359
Tick 95305(95205), Delay 61 ms, IGT 1:19:19.016, RTA 3:40:41.460-3:40:41.521
Tick 95306(95206), Delay 61 ms, IGT 1:19:19.066, RTA 3:40:41.521-3:40:41.582
Tick 95307(95207), Delay 31 ms, IGT 1:19:19.116, RTA 3:40:41.582-3:40:41.613
Tick 95308(95208), Delay 62 ms, IGT 1:19:19.166, RTA 3:40:41.613-3:40:41.675
Tick 95309(95209), Delay 62 ms, IGT 1:19:19.216, RTA 3:40:41.675-3:40:41.737
Tick 95310(95210), Delay 30 ms, IGT 1:19:19.266, RTA 3:40:41.737-3:40:41.767
Tick 95311(95211), Delay 61 ms, IGT 1:19:19.316, RTA 3:40:41.767-3:40:41.828
Tick 95312(95212), Delay 31 ms, IGT 1:19:19.366, RTA 3:40:41.828-3:40:41.859
Tick 95313(95213), Delay 60 ms, IGT 1:19:19.416, RTA 3:40:41.859-3:40:41.919
Tick 95314(95214), Delay 63 ms, IGT 1:19:19.466, RTA 3:40:41.919-3:40:41.982
Tick 95315(95215), Delay 29 ms, IGT 1:19:19.516, RTA 3:40:41.982-3:40:42.011
Tick 95316(95216), Delay 63 ms, IGT 1:19:19.566, RTA 3:40:42.011-3:40:42.074
Tick 95317(95217), Delay 61 ms, IGT 1:19:19.616, RTA 3:40:42.074-3:40:42.135
Tick 95318(95218), Delay 26 ms, IGT 1:19:19.666, RTA 3:40:42.135-3:40:42.161
Tick 95319(95219), Delay 61 ms, IGT 1:19:19.716, RTA 3:40:42.161-3:40:42.222
Tick 95320(95220), Delay 62 ms, IGT 1:19:19.766, RTA 3:40:42.222-3:40:42.284
Tick 95321(95221), Delay 27 ms, IGT 1:19:19.816, RTA 3:40:42.284-3:40:42.311
Tick 95322(95222), Delay 63 ms, IGT 1:19:19.866, RTA 3:40:42.311-3:40:42.374
Tick 95323(95223), Delay 63 ms, IGT 1:19:19.916, RTA 3:40:42.374-3:40:42.437
Tick 95324(95224), Delay 23 ms, IGT 1:19:19.966, RTA 3:40:42.437-3:40:42.460
Tick 95325(95225), Delay 63 ms, IGT 1:19:20.016, RTA 3:40:42.460-3:40:42.523
Tick 95326(95226), Delay 60 ms, IGT 1:19:20.066, RTA 3:40:42.523-3:40:42.583
Tick 95327(95227), Delay 28 ms, IGT 1:19:20.116, RTA 3:40:42.583-3:40:42.611
Tick 95328(95228), Delay 61 ms, IGT 1:19:20.166, RTA 3:40:42.611-3:40:42.672
Tick 95329(95229), Delay 62 ms, IGT 1:19:20.216, RTA 3:40:42.672-3:40:42.734
Tick 95330(95230), Delay 27 ms, IGT 1:19:20.266, RTA 3:40:42.734-3:40:42.761
Tick 95331(95231), Delay 61 ms, IGT 1:19:20.316, RTA 3:40:42.761-3:40:42.822
Tick 95332(95232), Delay 62 ms, IGT 1:19:20.366, RTA 3:40:42.822-3:40:42.884
Tick 95333(95233), Delay 30 ms, IGT 1:19:20.416, RTA 3:40:42.884-3:40:42.914
Tick 95334(95234), Delay 61 ms, IGT 1:19:20.466, RTA 3:40:42.914-3:40:42.975
Tick 95335(95235), Delay 61 ms, IGT 1:19:20.516, RTA 3:40:42.975-3:40:43.036
Tick 95336(95236), Delay 31 ms, IGT 1:19:20.566, RTA 3:40:43.036-3:40:43.067
Tick 95337(95237), Delay 61 ms, IGT 1:19:20.616, RTA 3:40:43.067-3:40:43.128
Tick 95338(95238), Delay 31 ms, IGT 1:19:20.666, RTA 3:40:43.128-3:40:43.159
Tick 95340(95240), Delay 62 ms, IGT 1:19:20.766, RTA 3:40:43.211-3:40:43.273
Tick 95341(95241), Delay 61 ms, IGT 1:19:20.816, RTA 3:40:43.273-3:40:43.334
Tick 95342(95242), Delay 27 ms, IGT 1:19:20.866, RTA 3:40:43.334-3:40:43.361
Tick 95343(95243), Delay 64 ms, IGT 1:19:20.916, RTA 3:40:43.361-3:40:43.425
Tick 95344(95244), Delay 35 ms, IGT 1:19:20.966, RTA 3:40:43.425-3:40:43.460
Tick 95345(95245), Delay 61 ms, IGT 1:19:21.016, RTA 3:40:43.460-3:40:43.521
Tick 95346(95246), Delay 61 ms, IGT 1:19:21.066, RTA 3:40:43.521-3:40:43.582
Tick 95347(95247), Delay 30 ms, IGT 1:19:21.116, RTA 3:40:43.582-3:40:43.612
Tick 95349(95249), Delay 63 ms, IGT 1:19:21.216, RTA 3:40:43.661-3:40:43.724
Tick 95350(95250), Delay 61 ms, IGT 1:19:21.266, RTA 3:40:43.724-3:40:43.785
Tick 95351(95251), Delay 26 ms, IGT 1:19:21.316, RTA 3:40:43.785-3:40:43.811
Tick 95352(95252), Delay 63 ms, IGT 1:19:21.366, RTA 3:40:43.811-3:40:43.874
Tick 95353(95253), Delay 61 ms, IGT 1:19:21.416, RTA 3:40:43.874-3:40:43.935
Tick 95354(95254), Delay 30 ms, IGT 1:19:21.466, RTA 3:40:43.935-3:40:43.965
Tick 95355(95255), Delay 62 ms, IGT 1:19:21.516, RTA 3:40:43.965-3:40:44.027
Tick 95356(95256), Delay 30 ms, IGT 1:19:21.566, RTA 3:40:44.027-3:40:44.057
Tick 95357(95257), Delay 61 ms, IGT 1:19:21.616, RTA 3:40:44.057-3:40:44.118
Tick 95358(95258), Delay 44 ms, IGT 1:19:21.666, RTA 3:40:44.118-3:40:44.162
Tick 95359(95259), Delay 62 ms, IGT 1:19:21.716, RTA 3:40:44.162-3:40:44.224
Tick 95360(95260), Delay 60 ms, IGT 1:19:21.766, RTA 3:40:44.224-3:40:44.284
Tick 95361(95261), Delay 31 ms, IGT 1:19:21.816, RTA 3:40:44.284-3:40:44.315
Tick 95362(95262), Delay 61 ms, IGT 1:19:21.866, RTA 3:40:44.315-3:40:44.376
Tick 95363(95263), Delay 63 ms, IGT 1:19:21.916, RTA 3:40:44.376-3:40:44.439
Tick 95364(95264), Delay 21 ms, IGT 1:19:21.966, RTA 3:40:44.439-3:40:44.460
Tick 95365(95265), Delay 61 ms, IGT 1:19:22.016, RTA 3:40:44.460-3:40:44.521
Tick 95366(95266), Delay 40 ms, IGT 1:19:22.066, RTA 3:40:44.521-3:40:44.561
Tick 95367(95267), Delay 62 ms, IGT 1:19:22.116, RTA 3:40:44.561-3:40:44.623
Tick 95368(95268), Delay 61 ms, IGT 1:19:22.166, RTA 3:40:44.623-3:40:44.684
Tick 95369(95269), Delay 30 ms, IGT 1:19:22.216, RTA 3:40:44.684-3:40:44.714
Tick 95370(95270), Delay 61 ms, IGT 1:19:22.266, RTA 3:40:44.714-3:40:44.775
Tick 95371(95271), Delay 61 ms, IGT 1:19:22.316, RTA 3:40:44.775-3:40:44.836
Tick 95372(95272), Delay 25 ms, IGT 1:19:22.366, RTA 3:40:44.836-3:40:44.861
Tick 95373(95273), Delay 63 ms, IGT 1:19:22.416, RTA 3:40:44.861-3:40:44.924
Tick 95374(95274), Delay 60 ms, IGT 1:19:22.466, RTA 3:40:44.924-3:40:44.984
Tick 95375(95275), Delay 31 ms, IGT 1:19:22.516, RTA 3:40:44.984-3:40:45.015
Tick 95376(95276), Delay 61 ms, IGT 1:19:22.566, RTA 3:40:45.015-3:40:45.076
Tick 95377(95277), Delay 31 ms, IGT 1:19:22.616, RTA 3:40:45.076-3:40:45.107
Tick 95378(95278), Delay 61 ms, IGT 1:19:22.666, RTA 3:40:45.107-3:40:45.168
Tick 95379(95279), Delay 61 ms, IGT 1:19:22.716, RTA 3:40:45.168-3:40:45.229
Tick 95380(95280), Delay 30 ms, IGT 1:19:22.766, RTA 3:40:45.229-3:40:45.259
Tick 95381(95281), Delay 62 ms, IGT 1:19:22.816, RTA 3:40:45.259-3:40:45.321
Tick 95382(95282), Delay 60 ms, IGT 1:19:22.866, RTA 3:40:45.321-3:40:45.381
Tick 95383(95283), Delay 31 ms, IGT 1:19:22.916, RTA 3:40:45.381-3:40:45.412
Tick 95385(95285), Delay 61 ms, IGT 1:19:23.016, RTA 3:40:45.460-3:40:45.521
Tick 95386(95286), Delay 62 ms, IGT 1:19:23.066, RTA 3:40:45.521-3:40:45.583
Tick 95387(95287), Delay 30 ms, IGT 1:19:23.116, RTA 3:40:45.583-3:40:45.613
Tick 95388(95288), Delay 62 ms, IGT 1:19:23.166, RTA 3:40:45.613-3:40:45.675
Tick 95389(95289), Delay 60 ms, IGT 1:19:23.216, RTA 3:40:45.675-3:40:45.735
Tick 95390(95290), Delay 26 ms, IGT 1:19:23.266, RTA 3:40:45.735-3:40:45.761
Tick 95391(95291), Delay 61 ms, IGT 1:19:23.316, RTA 3:40:45.761-3:40:45.822
Tick 95392(95292), Delay 63 ms, IGT 1:19:23.366, RTA 3:40:45.822-3:40:45.885
Tick 95393(95293), Delay 26 ms, IGT 1:19:23.416, RTA 3:40:45.885-3:40:45.911
Tick 95394(95294), Delay 61 ms, IGT 1:19:23.466, RTA 3:40:45.911-3:40:45.972
Tick 95395(95295), Delay 61 ms, IGT 1:19:23.516, RTA 3:40:45.972-3:40:46.033
Tick 95396(95296), Delay 28 ms, IGT 1:19:23.566, RTA 3:40:46.033-3:40:46.061
Tick 95397(95297), Delay 61 ms, IGT 1:19:23.616, RTA 3:40:46.061-3:40:46.122
Tick 95398(95298), Delay 62 ms, IGT 1:19:23.666, RTA 3:40:46.122-3:40:46.184
Tick 95399(95299), Delay 28 ms, IGT 1:19:23.716, RTA 3:40:46.184-3:40:46.212
Tick 95400(95300), Delay 62 ms, IGT 1:19:23.766, RTA 3:40:46.212-3:40:46.274
Tick 95401(95301), Delay 62 ms, IGT 1:19:23.816, RTA 3:40:46.274-3:40:46.336
Tick 95402(95302), Delay 26 ms, IGT 1:19:23.866, RTA 3:40:46.336-3:40:46.362
Tick 95403(95303), Delay 62 ms, IGT 1:19:23.916, RTA 3:40:46.362-3:40:46.424
Tick 95404(95304), Delay 36 ms, IGT 1:19:23.966, RTA 3:40:46.424-3:40:46.460
Tick 95406(95306), Delay 60 ms, IGT 1:19:24.066, RTA 3:40:46.511-3:40:46.571
Tick 95407(95307), Delay 63 ms, IGT 1:19:24.116, RTA 3:40:46.571-3:40:46.634
Tick 95408(95308), Delay 27 ms, IGT 1:19:24.166, RTA 3:40:46.634-3:40:46.661
Tick 95409(95309), Delay 63 ms, IGT 1:19:24.216, RTA 3:40:46.661-3:40:46.724
Tick 95410(95310), Delay 62 ms, IGT 1:19:24.266, RTA 3:40:46.724-3:40:46.786
Tick 95411(95311), Delay 25 ms, IGT 1:19:24.316, RTA 3:40:46.786-3:40:46.811
Tick 95412(95312), Delay 62 ms, IGT 1:19:24.366, RTA 3:40:46.811-3:40:46.873
Tick 95413(95313), Delay 61 ms, IGT 1:19:24.416, RTA 3:40:46.873-3:40:46.934
Tick 95414(95314), Delay 27 ms, IGT 1:19:24.466, RTA 3:40:46.934-3:40:46.961
Tick 95415(95315), Delay 61 ms, IGT 1:19:24.516, RTA 3:40:46.961-3:40:47.022
Tick 95416(95316), Delay 62 ms, IGT 1:19:24.566, RTA 3:40:47.022-3:40:47.084
Tick 95417(95317), Delay 27 ms, IGT 1:19:24.616, RTA 3:40:47.084-3:40:47.111
Tick 95418(95318), Delay 62 ms, IGT 1:19:24.666, RTA 3:40:47.111-3:40:47.173
Tick 95419(95319), Delay 62 ms, IGT 1:19:24.716, RTA 3:40:47.173-3:40:47.235
Tick 95420(95320), Delay 26 ms, IGT 1:19:24.766, RTA 3:40:47.235-3:40:47.261
Tick 95421(95321), Delay 61 ms, IGT 1:19:24.816, RTA 3:40:47.261-3:40:47.322
Tick 95422(95322), Delay 62 ms, IGT 1:19:24.866, RTA 3:40:47.322-3:40:47.384
Tick 95423(95323), Delay 30 ms, IGT 1:19:24.916, RTA 3:40:47.384-3:40:47.414
Tick 95425(95325), Delay 61 ms, IGT 1:19:25.016, RTA 3:40:47.460-3:40:47.521
Tick 95426(95326), Delay 61 ms, IGT 1:19:25.066, RTA 3:40:47.521-3:40:47.582
Tick 95427(95327), Delay 31 ms, IGT 1:19:25.116, RTA 3:40:47.582-3:40:47.613
Tick 95428(95328), Delay 62 ms, IGT 1:19:25.166, RTA 3:40:47.613-3:40:47.675
Tick 95429(95329), Delay 61 ms, IGT 1:19:25.216, RTA 3:40:47.675-3:40:47.736
Tick 95430(95330), Delay 30 ms, IGT 1:19:25.266, RTA 3:40:47.736-3:40:47.766
Tick 95431(95331), Delay 61 ms, IGT 1:19:25.316, RTA 3:40:47.766-3:40:47.827
Tick 95432(95332), Delay 30 ms, IGT 1:19:25.366, RTA 3:40:47.827-3:40:47.857
Tick 95433(95333), Delay 62 ms, IGT 1:19:25.416, RTA 3:40:47.857-3:40:47.919
Tick 95434(95334), Delay 60 ms, IGT 1:19:25.466, RTA 3:40:47.919-3:40:47.979
Tick 95435(95335), Delay 31 ms, IGT 1:19:25.516, RTA 3:40:47.979-3:40:48.010
Tick 95436(95336), Delay 61 ms, IGT 1:19:25.566, RTA 3:40:48.010-3:40:48.071
Tick 95437(95337), Delay 62 ms, IGT 1:19:25.616, RTA 3:40:48.071-3:40:48.133
Tick 95438(95338), Delay 31 ms, IGT 1:19:25.666, RTA 3:40:48.133-3:40:48.164
Tick 95439(95339), Delay 62 ms, IGT 1:19:25.716, RTA 3:40:48.164-3:40:48.226
Tick 95440(95340), Delay 31 ms, IGT 1:19:25.766, RTA 3:40:48.226-3:40:48.257
Tick 95442(95342), Delay 60 ms, IGT 1:19:25.866, RTA 3:40:48.311-3:40:48.371
Tick 95443(95343), Delay 63 ms, IGT 1:19:25.916, RTA 3:40:48.371-3:40:48.434
Tick 95444(95344), Delay 26 ms, IGT 1:19:25.966, RTA 3:40:48.434-3:40:48.460
Tick 95445(95345), Delay 64 ms, IGT 1:19:26.016, RTA 3:40:48.460-3:40:48.524
Tick 95446(95346), Delay 61 ms, IGT 1:19:26.066, RTA 3:40:48.524-3:40:48.585
Tick 95447(95347), Delay 26 ms, IGT 1:19:26.116, RTA 3:40:48.585-3:40:48.611
Tick 95448(95348), Delay 63 ms, IGT 1:19:26.166, RTA 3:40:48.611-3:40:48.674
Tick 95449(95349), Delay 62 ms, IGT 1:19:26.216, RTA 3:40:48.674-3:40:48.736
Tick 95450(95350), Delay 25 ms, IGT 1:19:26.266, RTA 3:40:48.736-3:40:48.761
Tick 95451(95351), Delay 62 ms, IGT 1:19:26.316, RTA 3:40:48.761-3:40:48.823
Tick 95452(95352), Delay 61 ms, IGT 1:19:26.366, RTA 3:40:48.823-3:40:48.884
Tick 95453(95353), Delay 27 ms, IGT 1:19:26.416, RTA 3:40:48.884-3:40:48.911
Tick 95454(95354), Delay 61 ms, IGT 1:19:26.466, RTA 3:40:48.911-3:40:48.972
Tick 95455(95355), Delay 61 ms, IGT 1:19:26.516, RTA 3:40:48.972-3:40:49.033
Tick 95456(95356), Delay 28 ms, IGT 1:19:26.566, RTA 3:40:49.033-3:40:49.061
Tick 95457(95357), Delay 62 ms, IGT 1:19:26.616, RTA 3:40:49.061-3:40:49.123
Tick 95458(95358), Delay 62 ms, IGT 1:19:26.666, RTA 3:40:49.123-3:40:49.185
Tick 95459(95359), Delay 26 ms, IGT 1:19:26.716, RTA 3:40:49.185-3:40:49.211
Tick 95460(95360), Delay 62 ms, IGT 1:19:26.766, RTA 3:40:49.211-3:40:49.273
Tick 95461(95361), Delay 61 ms, IGT 1:19:26.816, RTA 3:40:49.273-3:40:49.334
Tick 95462(95362), Delay 27 ms, IGT 1:19:26.866, RTA 3:40:49.334-3:40:49.361
Tick 95463(95363), Delay 60 ms, IGT 1:19:26.916, RTA 3:40:49.361-3:40:49.421
Tick 95464(95364), Delay 39 ms, IGT 1:19:26.966, RTA 3:40:49.421-3:40:49.460
Tick 95466(95366), Delay 62 ms, IGT 1:19:27.066, RTA 3:40:49.511-3:40:49.573
Tick 95467(95367), Delay 62 ms, IGT 1:19:27.116, RTA 3:40:49.573-3:40:49.635
Tick 95468(95368), Delay 26 ms, IGT 1:19:27.166, RTA 3:40:49.635-3:40:49.661
Tick 95469(95369), Delay 63 ms, IGT 1:19:27.216, RTA 3:40:49.661-3:40:49.724
Tick 95470(95370), Delay 61 ms, IGT 1:19:27.266, RTA 3:40:49.724-3:40:49.785
Tick 95471(95371), Delay 26 ms, IGT 1:19:27.316, RTA 3:40:49.785-3:40:49.811
Tick 95472(95372), Delay 61 ms, IGT 1:19:27.366, RTA 3:40:49.811-3:40:49.872
Tick 95473(95373), Delay 61 ms, IGT 1:19:27.416, RTA 3:40:49.872-3:40:49.933
Tick 95474(95374), Delay 29 ms, IGT 1:19:27.466, RTA 3:40:49.933-3:40:49.962
Tick 95475(95375), Delay 63 ms, IGT 1:19:27.516, RTA 3:40:49.962-3:40:50.025
Tick 95476(95376), Delay 61 ms, IGT 1:19:27.566, RTA 3:40:50.025-3:40:50.086
Tick 95477(95377), Delay 31 ms, IGT 1:19:27.616, RTA 3:40:50.086-3:40:50.117
Tick 95478(95378), Delay 61 ms, IGT 1:19:27.666, RTA 3:40:50.117-3:40:50.178
Tick 95479(95379), Delay 30 ms, IGT 1:19:27.716, RTA 3:40:50.178-3:40:50.208
Tick 95481(95381), Delay 61 ms, IGT 1:19:27.816, RTA 3:40:50.261-3:40:50.322
Tick 95482(95382), Delay 61 ms, IGT 1:19:27.866, RTA 3:40:50.322-3:40:50.383
Tick 95483(95383), Delay 29 ms, IGT 1:19:27.916, RTA 3:40:50.383-3:40:50.412
Tick 95485(95385), Delay 63 ms, IGT 1:19:28.016, RTA 3:40:50.461-3:40:50.524
Tick 95486(95386), Delay 62 ms, IGT 1:19:28.066, RTA 3:40:50.524-3:40:50.586
Tick 95487(95387), Delay 31 ms, IGT 1:19:28.116, RTA 3:40:50.586-3:40:50.617
Tick 95488(95388), Delay 61 ms, IGT 1:19:28.166, RTA 3:40:50.617-3:40:50.678
Tick 95489(95389), Delay 30 ms, IGT 1:19:28.216, RTA 3:40:50.678-3:40:50.708
Tick 95490(95390), Delay 62 ms, IGT 1:19:28.266, RTA 3:40:50.708-3:40:50.770
Tick 95491(95391), Delay 61 ms, IGT 1:19:28.316, RTA 3:40:50.770-3:40:50.831
Tick 95492(95392), Delay 31 ms, IGT 1:19:28.366, RTA 3:40:50.831-3:40:50.862
Tick 95493(95393), Delay 61 ms, IGT 1:19:28.416, RTA 3:40:50.862-3:40:50.923
Tick 95494(95394), Delay 62 ms, IGT 1:19:28.466, RTA 3:40:50.923-3:40:50.985
Tick 95495(95395), Delay 30 ms, IGT 1:19:28.516, RTA 3:40:50.985-3:40:51.015
Tick 95496(95396), Delay 62 ms, IGT 1:19:28.566, RTA 3:40:51.015-3:40:51.077
Tick 95497(95397), Delay 30 ms, IGT 1:19:28.616, RTA 3:40:51.077-3:40:51.107
Tick 95498(95398), Delay 62 ms, IGT 1:19:28.666, RTA 3:40:51.107-3:40:51.169
Tick 95499(95399), Delay 62 ms, IGT 1:19:28.716, RTA 3:40:51.169-3:40:51.231
Tick 95500(95400), Delay 30 ms, IGT 1:19:28.766, RTA 3:40:51.231-3:40:51.261
Tick 95501(95401), Delay 62 ms, IGT 1:19:28.816, RTA 3:40:51.261-3:40:51.323
Tick 95502(95402), Delay 61 ms, IGT 1:19:28.866, RTA 3:40:51.323-3:40:51.384
Tick 95503(95403), Delay 30 ms, IGT 1:19:28.916, RTA 3:40:51.384-3:40:51.414
Tick 95505(95405), Delay 63 ms, IGT 1:19:29.016, RTA 3:40:51.460-3:40:51.523
Tick 95506(95406), Delay 62 ms, IGT 1:19:29.066, RTA 3:40:51.523-3:40:51.585
Tick 95507(95407), Delay 26 ms, IGT 1:19:29.116, RTA 3:40:51.585-3:40:51.611
Tick 95508(95408), Delay 61 ms, IGT 1:19:29.166, RTA 3:40:51.611-3:40:51.672
Tick 95509(95409), Delay 62 ms, IGT 1:19:29.216, RTA 3:40:51.672-3:40:51.734
Tick 95510(95410), Delay 27 ms, IGT 1:19:29.266, RTA 3:40:51.734-3:40:51.761
Tick 95511(95411), Delay 63 ms, IGT 1:19:29.316, RTA 3:40:51.761-3:40:51.824
Tick 95512(95412), Delay 62 ms, IGT 1:19:29.366, RTA 3:40:51.824-3:40:51.886
Tick 95513(95413), Delay 25 ms, IGT 1:19:29.416, RTA 3:40:51.886-3:40:51.911
Tick 95514(95414), Delay 62 ms, IGT 1:19:29.466, RTA 3:40:51.911-3:40:51.973
Tick 95515(95415), Delay 62 ms, IGT 1:19:29.516, RTA 3:40:51.973-3:40:52.035
Tick 95516(95416), Delay 31 ms, IGT 1:19:29.566, RTA 3:40:52.035-3:40:52.066
Tick 95517(95417), Delay 62 ms, IGT 1:19:29.616, RTA 3:40:52.066-3:40:52.128
Tick 95518(95418), Delay 30 ms, IGT 1:19:29.666, RTA 3:40:52.128-3:40:52.158
Tick 95519(95419), Delay 61 ms, IGT 1:19:29.716, RTA 3:40:52.158-3:40:52.219
Tick 95520(95420), Delay 60 ms, IGT 1:19:29.766, RTA 3:40:52.219-3:40:52.279
Tick 95521(95421), Delay 31 ms, IGT 1:19:29.816, RTA 3:40:52.279-3:40:52.310
Tick 95522(95422), Delay 61 ms, IGT 1:19:29.866, RTA 3:40:52.310-3:40:52.371
Tick 95523(95423), Delay 61 ms, IGT 1:19:29.916, RTA 3:40:52.371-3:40:52.432
Tick 95524(95424), Delay 27 ms, IGT 1:19:29.966, RTA 3:40:52.432-3:40:52.459
Tick 95525(95425), Delay 61 ms, IGT 1:19:30.016, RTA 3:40:52.459-3:40:52.520
Tick 95526(95426), Delay 64 ms, IGT 1:19:30.066, RTA 3:40:52.520-3:40:52.584
Tick 95527(95427), Delay 31 ms, IGT 1:19:30.116, RTA 3:40:52.584-3:40:52.615
Tick 95529(95429), Delay 63 ms, IGT 1:19:30.216, RTA 3:40:52.661-3:40:52.724
Tick 95530(95430), Delay 61 ms, IGT 1:19:30.266, RTA 3:40:52.724-3:40:52.785
Tick 95531(95431), Delay 26 ms, IGT 1:19:30.316, RTA 3:40:52.785-3:40:52.811
Tick 95532(95432), Delay 63 ms, IGT 1:19:30.366, RTA 3:40:52.811-3:40:52.874
Tick 95533(95433), Delay 60 ms, IGT 1:19:30.416, RTA 3:40:52.874-3:40:52.934
Tick 95534(95434), Delay 31 ms, IGT 1:19:30.466, RTA 3:40:52.934-3:40:52.965
Tick 95535(95435), Delay 61 ms, IGT 1:19:30.516, RTA 3:40:52.965-3:40:53.026
Tick 95536(95436), Delay 60 ms, IGT 1:19:30.566, RTA 3:40:53.026-3:40:53.086
Tick 95537(95437), Delay 30 ms, IGT 1:19:30.616, RTA 3:40:53.086-3:40:53.116
Tick 95538(95438), Delay 62 ms, IGT 1:19:30.666, RTA 3:40:53.116-3:40:53.178
Tick 95539(95439), Delay 31 ms, IGT 1:19:30.716, RTA 3:40:53.178-3:40:53.209
Tick 95540(95440), Delay 61 ms, IGT 1:19:30.766, RTA 3:40:53.209-3:40:53.270
Tick 95541(95441), Delay 61 ms, IGT 1:19:30.816, RTA 3:40:53.270-3:40:53.331
Tick 95542(95442), Delay 31 ms, IGT 1:19:30.866, RTA 3:40:53.331-3:40:53.362
Tick 95543(95443), Delay 61 ms, IGT 1:19:30.916, RTA 3:40:53.362-3:40:53.423
Tick 95544(95444), Delay 37 ms, IGT 1:19:30.966, RTA 3:40:53.423-3:40:53.460
Tick 95545(95445), Delay 61 ms, IGT 1:19:31.016, RTA 3:40:53.460-3:40:53.521
Tick 95546(95446), Delay 62 ms, IGT 1:19:31.066, RTA 3:40:53.521-3:40:53.583
Tick 95547(95447), Delay 31 ms, IGT 1:19:31.116, RTA 3:40:53.583-3:40:53.614
Tick 95548(95448), Delay 61 ms, IGT 1:19:31.166, RTA 3:40:53.614-3:40:53.675
Tick 95549(95449), Delay 36 ms, IGT 1:19:31.216, RTA 3:40:53.675-3:40:53.711
Tick 95550(95450), Delay 61 ms, IGT 1:19:31.266, RTA 3:40:53.711-3:40:53.772
Tick 95551(95451), Delay 62 ms, IGT 1:19:31.316, RTA 3:40:53.772-3:40:53.834
Tick 95552(95452), Delay 27 ms, IGT 1:19:31.366, RTA 3:40:53.834-3:40:53.861
Tick 95553(95453), Delay 62 ms, IGT 1:19:31.416, RTA 3:40:53.861-3:40:53.923
Tick 95554(95454), Delay 61 ms, IGT 1:19:31.466, RTA 3:40:53.923-3:40:53.984
Tick 95555(95455), Delay 27 ms, IGT 1:19:31.516, RTA 3:40:53.984-3:40:54.011
Tick 95556(95456), Delay 62 ms, IGT 1:19:31.566, RTA 3:40:54.011-3:40:54.073
Tick 95557(95457), Delay 60 ms, IGT 1:19:31.616, RTA 3:40:54.073-3:40:54.133
Tick 95558(95458), Delay 31 ms, IGT 1:19:31.666, RTA 3:40:54.133-3:40:54.164
Tick 95559(95459), Delay 61 ms, IGT 1:19:31.716, RTA 3:40:54.164-3:40:54.225
Tick 95560(95460), Delay 61 ms, IGT 1:19:31.766, RTA 3:40:54.225-3:40:54.286
Tick 95561(95461), Delay 31 ms, IGT 1:19:31.816, RTA 3:40:54.286-3:40:54.317
Tick 95562(95462), Delay 61 ms, IGT 1:19:31.866, RTA 3:40:54.317-3:40:54.378
Tick 95563(95463), Delay 31 ms, IGT 1:19:31.916, RTA 3:40:54.378-3:40:54.409
Tick 95565(95465), Delay 62 ms, IGT 1:19:32.016, RTA 3:40:54.460-3:40:54.522
Tick 95566(95466), Delay 64 ms, IGT 1:19:32.066, RTA 3:40:54.522-3:40:54.586
Tick 95567(95467), Delay 31 ms, IGT 1:19:32.116, RTA 3:40:54.586-3:40:54.617
Tick 95568(95468), Delay 61 ms, IGT 1:19:32.166, RTA 3:40:54.617-3:40:54.678
Tick 95569(95469), Delay 30 ms, IGT 1:19:32.216, RTA 3:40:54.678-3:40:54.708
Tick 95570(95470), Delay 61 ms, IGT 1:19:32.266, RTA 3:40:54.708-3:40:54.769
Tick 95571(95471), Delay 61 ms, IGT 1:19:32.316, RTA 3:40:54.769-3:40:54.830
Tick 95572(95472), Delay 31 ms, IGT 1:19:32.366, RTA 3:40:54.830-3:40:54.861
Tick 95573(95473), Delay 61 ms, IGT 1:19:32.416, RTA 3:40:54.861-3:40:54.922
Tick 95574(95474), Delay 61 ms, IGT 1:19:32.466, RTA 3:40:54.922-3:40:54.983
Tick 95575(95475), Delay 31 ms, IGT 1:19:32.516, RTA 3:40:54.983-3:40:55.014
Tick 95577(95477), Delay 62 ms, IGT 1:19:32.616, RTA 3:40:55.061-3:40:55.123
Tick 95578(95478), Delay 61 ms, IGT 1:19:32.666, RTA 3:40:55.123-3:40:55.184
Tick 95579(95479), Delay 27 ms, IGT 1:19:32.716, RTA 3:40:55.184-3:40:55.211
Tick 95580(95480), Delay 63 ms, IGT 1:19:32.766, RTA 3:40:55.211-3:40:55.274
Tick 95581(95481), Delay 60 ms, IGT 1:19:32.816, RTA 3:40:55.274-3:40:55.334
Tick 95582(95482), Delay 27 ms, IGT 1:19:32.866, RTA 3:40:55.334-3:40:55.361
Tick 95583(95483), Delay 60 ms, IGT 1:19:32.916, RTA 3:40:55.361-3:40:55.421
Tick 95584(95484), Delay 39 ms, IGT 1:19:32.966, RTA 3:40:55.421-3:40:55.460
Tick 95585(95485), Delay 61 ms, IGT 1:19:33.016, RTA 3:40:55.460-3:40:55.521
Tick 95586(95486), Delay 63 ms, IGT 1:19:33.066, RTA 3:40:55.521-3:40:55.584
Tick 95587(95487), Delay 32 ms, IGT 1:19:33.116, RTA 3:40:55.584-3:40:55.616
Tick 95588(95488), Delay 45 ms, IGT 1:19:33.166, RTA 3:40:55.616-3:40:55.661
Tick 95589(95489), Delay 61 ms, IGT 1:19:33.216, RTA 3:40:55.661-3:40:55.722
Tick 95590(95490), Delay 62 ms, IGT 1:19:33.266, RTA 3:40:55.722-3:40:55.784
Tick 95591(95491), Delay 31 ms, IGT 1:19:33.316, RTA 3:40:55.784-3:40:55.815
Tick 95592(95492), Delay 61 ms, IGT 1:19:33.366, RTA 3:40:55.815-3:40:55.876
Tick 95593(95493), Delay 31 ms, IGT 1:19:33.416, RTA 3:40:55.876-3:40:55.907
Tick 95594(95494), Delay 61 ms, IGT 1:19:33.466, RTA 3:40:55.907-3:40:55.968
Tick 95595(95495), Delay 61 ms, IGT 1:19:33.516, RTA 3:40:55.968-3:40:56.029
Tick 95596(95496), Delay 30 ms, IGT 1:19:33.566, RTA 3:40:56.029-3:40:56.059
Tick 95597(95497), Delay 61 ms, IGT 1:19:33.616, RTA 3:40:56.059-3:40:56.120
Tick 95598(95498), Delay 61 ms, IGT 1:19:33.666, RTA 3:40:56.120-3:40:56.181
Tick 95599(95499), Delay 31 ms, IGT 1:19:33.716, RTA 3:40:56.181-3:40:56.212
Tick 95600(95500), Delay 62 ms, IGT 1:19:33.766, RTA 3:40:56.212-3:40:56.274
Tick 95601(95501), Delay 60 ms, IGT 1:19:33.816, RTA 3:40:56.274-3:40:56.334
Tick 95602(95502), Delay 30 ms, IGT 1:19:33.866, RTA 3:40:56.334-3:40:56.364
Tick 95605(95505), Delay 61 ms, IGT 1:19:34.016, RTA 3:40:56.460-3:40:56.521
Tick 95606(95506), Delay 40 ms, IGT 1:19:34.066, RTA 3:40:56.521-3:40:56.561
Tick 95607(95507), Delay 60 ms, IGT 1:19:34.116, RTA 3:40:56.561-3:40:56.621
Tick 95608(95508), Delay 63 ms, IGT 1:19:34.166, RTA 3:40:56.621-3:40:56.684
Tick 95609(95509), Delay 30 ms, IGT 1:19:34.216, RTA 3:40:56.684-3:40:56.714
Tick 95610(95510), Delay 62 ms, IGT 1:19:34.266, RTA 3:40:56.714-3:40:56.776
Tick 95611(95511), Delay 31 ms, IGT 1:19:34.316, RTA 3:40:56.776-3:40:56.807
Tick 95612(95512), Delay 60 ms, IGT 1:19:34.366, RTA 3:40:56.807-3:40:56.867
Tick 95613(95513), Delay 62 ms, IGT 1:19:34.416, RTA 3:40:56.867-3:40:56.929
Tick 95614(95514), Delay 30 ms, IGT 1:19:34.466, RTA 3:40:56.929-3:40:56.959
Tick 95615(95515), Delay 61 ms, IGT 1:19:34.516, RTA 3:40:56.959-3:40:57.020
Tick 95616(95516), Delay 62 ms, IGT 1:19:34.566, RTA 3:40:57.020-3:40:57.082
Tick 95617(95517), Delay 30 ms, IGT 1:19:34.616, RTA 3:40:57.082-3:40:57.112
Tick 95619(95519), Delay 62 ms, IGT 1:19:34.716, RTA 3:40:57.161-3:40:57.223
Tick 95620(95520), Delay 62 ms, IGT 1:19:34.766, RTA 3:40:57.223-3:40:57.285
Tick 95621(95521), Delay 26 ms, IGT 1:19:34.816, RTA 3:40:57.285-3:40:57.311
Tick 95622(95522), Delay 61 ms, IGT 1:19:34.866, RTA 3:40:57.311-3:40:57.372
Tick 95623(95523), Delay 63 ms, IGT 1:19:34.916, RTA 3:40:57.372-3:40:57.435
Tick 95624(95524), Delay 25 ms, IGT 1:19:34.966, RTA 3:40:57.435-3:40:57.460
Tick 95625(95525), Delay 62 ms, IGT 1:19:35.016, RTA 3:40:57.460-3:40:57.522
Tick 95626(95526), Delay 62 ms, IGT 1:19:35.066, RTA 3:40:57.522-3:40:57.584
Tick 95627(95527), Delay 31 ms, IGT 1:19:35.116, RTA 3:40:57.584-3:40:57.615
Tick 95628(95528), Delay 61 ms, IGT 1:19:35.166, RTA 3:40:57.615-3:40:57.676
Tick 95629(95529), Delay 31 ms, IGT 1:19:35.216, RTA 3:40:57.676-3:40:57.707
Tick 95631(95531), Delay 62 ms, IGT 1:19:35.316, RTA 3:40:57.761-3:40:57.823
Tick 95632(95532), Delay 62 ms, IGT 1:19:35.366, RTA 3:40:57.823-3:40:57.885
Tick 95633(95533), Delay 26 ms, IGT 1:19:35.416, RTA 3:40:57.885-3:40:57.911
Tick 95634(95534), Delay 63 ms, IGT 1:19:35.466, RTA 3:40:57.911-3:40:57.974
Tick 95635(95535), Delay 60 ms, IGT 1:19:35.516, RTA 3:40:57.974-3:40:58.034
Tick 95636(95536), Delay 27 ms, IGT 1:19:35.566, RTA 3:40:58.034-3:40:58.061
Tick 95637(95537), Delay 60 ms, IGT 1:19:35.616, RTA 3:40:58.061-3:40:58.121
Tick 95638(95538), Delay 61 ms, IGT 1:19:35.666, RTA 3:40:58.121-3:40:58.182
Tick 95639(95539), Delay 29 ms, IGT 1:19:35.716, RTA 3:40:58.182-3:40:58.211
Tick 95640(95540), Delay 63 ms, IGT 1:19:35.766, RTA 3:40:58.211-3:40:58.274
Tick 95641(95541), Delay 60 ms, IGT 1:19:35.816, RTA 3:40:58.274-3:40:58.334
Tick 95642(95542), Delay 27 ms, IGT 1:19:35.866, RTA 3:40:58.334-3:40:58.361
Tick 95643(95543), Delay 62 ms, IGT 1:19:35.916, RTA 3:40:58.361-3:40:58.423
Tick 95644(95544), Delay 37 ms, IGT 1:19:35.966, RTA 3:40:58.423-3:40:58.460
Tick 95646(95546), Delay 63 ms, IGT 1:19:36.066, RTA 3:40:58.511-3:40:58.574
Tick 95647(95547), Delay 33 ms, IGT 1:19:36.116, RTA 3:40:58.574-3:40:58.607
Tick 95649(95549), Delay 62 ms, IGT 1:19:36.216, RTA 3:40:58.661-3:40:58.723
Tick 95650(95550), Delay 35 ms, IGT 1:19:36.266, RTA 3:40:58.723-3:40:58.758
Tick 95652(95552), Delay 61 ms, IGT 1:19:36.366, RTA 3:40:58.808-3:40:58.869
Tick 95653(95553), Delay 44 ms, IGT 1:19:36.416, RTA 3:40:58.869-3:40:58.913
Tick 95654(95554), Delay 44 ms, IGT 1:19:36.466, RTA 3:40:58.913-3:40:58.957
Tick 95937(95837), Delay 64 ms, IGT 1:19:50.616, RTA 3:41:13.057-3:41:13.121
Tick 95938(95838), Delay 36 ms, IGT 1:19:50.666, RTA 3:41:13.121-3:41:13.157
Tick 97507(97407), Delay 55 ms, IGT 1:21:09.116, RTA 3:42:31.556-3:42:31.611
Tick 97921(97821), Delay 70531 ms, IGT 1:21:29.816, RTA 3:42:52.256-3:44:02.787
Tick 98380(98280), Delay 75 ms, IGT 1:21:52.766, RTA 3:44:25.687-3:44:25.762
Tick 98381(98281), Delay 31 ms, IGT 1:21:52.816, RTA 3:44:25.762-3:44:25.793
Tick 98383(98283), Delay 61 ms, IGT 1:21:52.916, RTA 3:44:25.843-3:44:25.904
Tick 98384(98284), Delay 56 ms, IGT 1:21:52.966, RTA 3:44:25.904-3:44:25.960
Tick 98385(98285), Delay 31 ms, IGT 1:21:53.016, RTA 3:44:25.960-3:44:25.991
Tick 98386(98286), Delay 62 ms, IGT 1:21:53.066, RTA 3:44:25.991-3:44:26.053
Tick 98387(98287), Delay 59 ms, IGT 1:21:53.116, RTA 3:44:26.053-3:44:26.112
Tick 98388(98288), Delay 32 ms, IGT 1:21:53.166, RTA 3:44:26.112-3:44:26.144
Tick 98389(98289), Delay 62 ms, IGT 1:21:53.216, RTA 3:44:26.144-3:44:26.206
Tick 98390(98290), Delay 55 ms, IGT 1:21:53.266, RTA 3:44:26.206-3:44:26.261
Tick 98391(98291), Delay 33 ms, IGT 1:21:53.316, RTA 3:44:26.261-3:44:26.294
Tick 98392(98292), Delay 62 ms, IGT 1:21:53.366, RTA 3:44:26.294-3:44:26.356
Tick 98393(98293), Delay 30 ms, IGT 1:21:53.416, RTA 3:44:26.356-3:44:26.386
Tick 98394(98294), Delay 62 ms, IGT 1:21:53.466, RTA 3:44:26.386-3:44:26.448
Tick 98395(98295), Delay 61 ms, IGT 1:21:53.516, RTA 3:44:26.448-3:44:26.509
Tick 98396(98296), Delay 31 ms, IGT 1:21:53.566, RTA 3:44:26.509-3:44:26.540
Tick 98397(98297), Delay 61 ms, IGT 1:21:53.616, RTA 3:44:26.540-3:44:26.601
Tick 98398(98298), Delay 60 ms, IGT 1:21:53.666, RTA 3:44:26.601-3:44:26.661
Tick 98399(98299), Delay 30 ms, IGT 1:21:53.716, RTA 3:44:26.661-3:44:26.691
Tick 98401(98301), Delay 63 ms, IGT 1:21:53.816, RTA 3:44:26.741-3:44:26.804
Tick 98402(98302), Delay 57 ms, IGT 1:21:53.866, RTA 3:44:26.804-3:44:26.861
Tick 98403(98303), Delay 30 ms, IGT 1:21:53.916, RTA 3:44:26.861-3:44:26.891
Tick 98404(98304), Delay 62 ms, IGT 1:21:53.966, RTA 3:44:26.891-3:44:26.953
Tick 98405(98305), Delay 37 ms, IGT 1:21:54.016, RTA 3:44:26.953-3:44:26.990
Tick 98407(98307), Delay 62 ms, IGT 1:21:54.116, RTA 3:44:27.041-3:44:27.103
Tick 98408(98308), Delay 58 ms, IGT 1:21:54.166, RTA 3:44:27.103-3:44:27.161
Tick 98409(98309), Delay 30 ms, IGT 1:21:54.216, RTA 3:44:27.161-3:44:27.191
Tick 98410(98310), Delay 62 ms, IGT 1:21:54.266, RTA 3:44:27.191-3:44:27.253
Tick 98411(98311), Delay 61 ms, IGT 1:21:54.316, RTA 3:44:27.253-3:44:27.314
Tick 98412(98312), Delay 31 ms, IGT 1:21:54.366, RTA 3:44:27.314-3:44:27.345
Tick 98413(98313), Delay 61 ms, IGT 1:21:54.416, RTA 3:44:27.345-3:44:27.406
Tick 98414(98314), Delay 31 ms, IGT 1:21:54.466, RTA 3:44:27.406-3:44:27.437
Tick 98415(98315), Delay 61 ms, IGT 1:21:54.516, RTA 3:44:27.437-3:44:27.498
Tick 98416(98316), Delay 61 ms, IGT 1:21:54.566, RTA 3:44:27.498-3:44:27.559
Tick 98417(98317), Delay 31 ms, IGT 1:21:54.616, RTA 3:44:27.559-3:44:27.590
Tick 98418(98318), Delay 61 ms, IGT 1:21:54.666, RTA 3:44:27.590-3:44:27.651
Tick 98419(98319), Delay 61 ms, IGT 1:21:54.716, RTA 3:44:27.651-3:44:27.712
Tick 98420(98320), Delay 31 ms, IGT 1:21:54.766, RTA 3:44:27.712-3:44:27.743
Tick 98421(98321), Delay 64 ms, IGT 1:21:54.816, RTA 3:44:27.743-3:44:27.807
Tick 98422(98322), Delay 30 ms, IGT 1:21:54.866, RTA 3:44:27.807-3:44:27.837
Tick 98423(98323), Delay 62 ms, IGT 1:21:54.916, RTA 3:44:27.837-3:44:27.899
Tick 98424(98324), Delay 43 ms, IGT 1:21:54.966, RTA 3:44:27.899-3:44:27.942
Tick 98426(98326), Delay 61 ms, IGT 1:21:55.066, RTA 3:44:27.991-3:44:28.052
Tick 98427(98327), Delay 40 ms, IGT 1:21:55.116, RTA 3:44:28.052-3:44:28.092
Tick 98428(98328), Delay 62 ms, IGT 1:21:55.166, RTA 3:44:28.092-3:44:28.154
Tick 98429(98329), Delay 60 ms, IGT 1:21:55.216, RTA 3:44:28.154-3:44:28.214
Tick 98430(98330), Delay 31 ms, IGT 1:21:55.266, RTA 3:44:28.214-3:44:28.245
Tick 98431(98331), Delay 61 ms, IGT 1:21:55.316, RTA 3:44:28.245-3:44:28.306
Tick 98432(98332), Delay 31 ms, IGT 1:21:55.366, RTA 3:44:28.306-3:44:28.337
Tick 98433(98333), Delay 61 ms, IGT 1:21:55.416, RTA 3:44:28.337-3:44:28.398
Tick 98434(98334), Delay 60 ms, IGT 1:21:55.466, RTA 3:44:28.398-3:44:28.458
Tick 98435(98335), Delay 30 ms, IGT 1:21:55.516, RTA 3:44:28.458-3:44:28.488
Tick 98462(98362), Delay 45 ms, IGT 1:21:56.866, RTA 3:44:29.792-3:44:29.837
Tick 98600(98500), Delay 201 ms, IGT 1:22:03.766, RTA 3:44:36.686-3:44:36.887
Tick 98604(98504), Delay 313 ms, IGT 1:22:03.966, RTA 3:44:37.037-3:44:37.350
Tick 98672(98572), Delay 55 ms, IGT 1:22:07.366, RTA 3:44:40.700-3:44:40.755
Tick 98695(98595), Delay 45 ms, IGT 1:22:08.516, RTA 3:44:41.855-3:44:41.900
Tick 98924(98824), Delay 58 ms, IGT 1:22:19.966, RTA 3:44:53.300-3:44:53.358
Tick 98925(98825), Delay 44 ms, IGT 1:22:20.016, RTA 3:44:53.358-3:44:53.402
Tick 99556(99456), Delay 57 ms, IGT 1:22:51.566, RTA 3:45:24.902-3:45:24.959
Tick 99557(99457), Delay 41 ms, IGT 1:22:51.616, RTA 3:45:24.959-3:45:25.000
Tick 99598(99498), Delay 56 ms, IGT 1:22:53.666, RTA 3:45:27.000-3:45:27.056
Tick 99599(99499), Delay 45 ms, IGT 1:22:53.716, RTA 3:45:27.056-3:45:27.101
Tick 99792(99692), Delay 4577 ms, IGT 1:23:03.366, RTA 3:45:36.701-3:45:41.278
Tick 99906(99806), Delay 67 ms, IGT 1:23:09.066, RTA 3:45:46.932-3:45:46.999
Tick 99907(99807), Delay 31 ms, IGT 1:23:09.116, RTA 3:45:46.999-3:45:47.030
Tick 99908(99808), Delay 62 ms, IGT 1:23:09.166, RTA 3:45:47.030-3:45:47.092
Tick 99909(99809), Delay 62 ms, IGT 1:23:09.216, RTA 3:45:47.092-3:45:47.154
Tick 99910(99810), Delay 30 ms, IGT 1:23:09.266, RTA 3:45:47.154-3:45:47.184
Tick 99911(99811), Delay 44 ms, IGT 1:23:09.316, RTA 3:45:47.184-3:45:47.228
Tick 100963(100863), Delay 1769 ms, IGT 1:24:01.916, RTA 3:46:39.779-3:46:41.548
Tick 101280(101180), Delay 56 ms, IGT 1:24:17.766, RTA 3:46:57.347-3:46:57.403
Tick 101281(101181), Delay 45 ms, IGT 1:24:17.816, RTA 3:46:57.403-3:46:57.448
Tick 101356(101256), Delay 45 ms, IGT 1:24:21.566, RTA 3:47:01.150-3:47:01.195
Tick 101707(101607), Delay 55 ms, IGT 1:24:39.116, RTA 3:47:18.697-3:47:18.752
Tick 101757(101657), Delay 45 ms, IGT 1:24:41.616, RTA 3:47:21.202-3:47:21.247
Tick 102895(102795), Delay 56 ms, IGT 1:25:38.516, RTA 3:48:18.098-3:48:18.154
Tick 102943(102843), Delay 55 ms, IGT 1:25:40.916, RTA 3:48:20.496-3:48:20.551
Tick 102981(102881), Delay 56 ms, IGT 1:25:42.816, RTA 3:48:22.397-3:48:22.453
Tick 103083(102983), Delay 55 ms, IGT 1:25:47.916, RTA 3:48:27.496-3:48:27.551
Tick 103399(103299), Delay 56 ms, IGT 1:26:03.716, RTA 3:48:43.296-3:48:43.352
Tick 103400(103300), Delay 45 ms, IGT 1:26:03.766, RTA 3:48:43.352-3:48:43.397
Tick 104804(104704), Delay 45 ms, IGT 1:27:13.966, RTA 3:49:53.551-3:49:53.596
Tick 105032(104932), Delay 55 ms, IGT 1:27:25.366, RTA 3:50:04.948-3:50:05.003
Tick 105033(104933), Delay 45 ms, IGT 1:27:25.416, RTA 3:50:05.003-3:50:05.048
Tick 105247(105147), Delay 45 ms, IGT 1:27:36.116, RTA 3:50:15.701-3:50:15.746
Tick 105772(105672), Delay 55 ms, IGT 1:28:02.366, RTA 3:50:41.946-3:50:42.001
Tick 105861(105761), Delay 45 ms, IGT 1:28:06.816, RTA 3:50:46.401-3:50:46.446
Tick 106132(106032), Delay 45 ms, IGT 1:28:20.366, RTA 3:50:59.950-3:50:59.995
Tick 106216(106116), Delay 45 ms, IGT 1:28:24.566, RTA 3:51:04.150-3:51:04.195
Tick 106555(106455), Delay 55 ms, IGT 1:28:41.516, RTA 3:51:21.096-3:51:21.151
Tick 106710(106610), Delay 58 ms, IGT 1:28:49.266, RTA 3:51:28.847-3:51:28.905
Tick 106711(106611), Delay 42 ms, IGT 1:28:49.316, RTA 3:51:28.905-3:51:28.947
Tick 107180(107080), Delay 57 ms, IGT 1:29:12.766, RTA 3:51:52.347-3:51:52.404
Tick 107181(107081), Delay 44 ms, IGT 1:29:12.816, RTA 3:51:52.404-3:51:52.448
Tick 109393(109293), Delay 45 ms, IGT 1:31:03.416, RTA 3:53:43.002-3:53:43.047
Tick 109560(109460), Delay 56 ms, IGT 1:31:11.766, RTA 3:53:51.347-3:53:51.403
Tick 109561(109461), Delay 45 ms, IGT 1:31:11.816, RTA 3:53:51.403-3:53:51.448
Tick 109965(109865), Delay 59 ms, IGT 1:31:32.016, RTA 3:54:11.596-3:54:11.655
Tick 109966(109866), Delay 43 ms, IGT 1:31:32.066, RTA 3:54:11.655-3:54:11.698
Tick 110049(109949), Delay 55 ms, IGT 1:31:36.216, RTA 3:54:15.796-3:54:15.851
Tick 110051(109951), Delay 55 ms, IGT 1:31:36.316, RTA 3:54:15.898-3:54:15.953
Tick 110052(109952), Delay 45 ms, IGT 1:31:36.366, RTA 3:54:15.953-3:54:15.998
Tick 110599(110499), Delay 55 ms, IGT 1:32:03.716, RTA 3:54:43.295-3:54:43.350
Tick 110665(110565), Delay 57 ms, IGT 1:32:07.016, RTA 3:54:46.597-3:54:46.654
Tick 110666(110566), Delay 43 ms, IGT 1:32:07.066, RTA 3:54:46.654-3:54:46.697
Tick 110735(110635), Delay 55 ms, IGT 1:32:10.516, RTA 3:54:50.097-3:54:50.152
Tick 110736(110636), Delay 45 ms, IGT 1:32:10.566, RTA 3:54:50.152-3:54:50.197
Tick 110789(110689), Delay 45 ms, IGT 1:32:13.216, RTA 3:54:52.802-3:54:52.847
Tick 110932(110832), Delay 55 ms, IGT 1:32:20.366, RTA 3:54:59.946-3:55:00.001
Tick 111155(111055), Delay 55 ms, IGT 1:32:31.516, RTA 3:55:11.097-3:55:11.152
Tick 111374(111274), Delay 56 ms, IGT 1:32:42.466, RTA 3:55:22.047-3:55:22.103
Tick 111375(111275), Delay 44 ms, IGT 1:32:42.516, RTA 3:55:22.103-3:55:22.147
Tick 111572(111472), Delay 56 ms, IGT 1:32:52.366, RTA 3:55:31.947-3:55:32.003
Tick 111573(111473), Delay 44 ms, IGT 1:32:52.416, RTA 3:55:32.003-3:55:32.047
Tick 111756(111656), Delay 55 ms, IGT 1:33:01.566, RTA 3:55:41.146-3:55:41.201
Tick 111801(111701), Delay 45 ms, IGT 1:33:03.816, RTA 3:55:43.402-3:55:43.447
Tick 111988(111888), Delay 45 ms, IGT 1:33:13.166, RTA 3:55:52.751-3:55:52.796
Tick 112286(112186), Delay 55 ms, IGT 1:33:28.066, RTA 3:56:07.647-3:56:07.702
Tick 112445(112345), Delay 45 ms, IGT 1:33:36.016, RTA 3:56:15.602-3:56:15.647
Tick 112636(112536), Delay 55 ms, IGT 1:33:45.566, RTA 3:56:25.147-3:56:25.202
Tick 112637(112537), Delay 45 ms, IGT 1:33:45.616, RTA 3:56:25.202-3:56:25.247
Tick 113076(112976), Delay 55 ms, IGT 1:34:07.566, RTA 3:56:47.147-3:56:47.202
Tick 113207(113107), Delay 55 ms, IGT 1:34:14.116, RTA 3:56:53.697-3:56:53.752
Tick 113208(113108), Delay 45 ms, IGT 1:34:14.166, RTA 3:56:53.752-3:56:53.797
Tick 113277(113177), Delay 44 ms, IGT 1:34:17.616, RTA 3:56:57.202-3:56:57.246
Tick 113426(113326), Delay 56 ms, IGT 1:34:25.066, RTA 3:57:04.647-3:57:04.703
Tick 113427(113327), Delay 44 ms, IGT 1:34:25.116, RTA 3:57:04.703-3:57:04.747
Tick 114003(113903), Delay 55 ms, IGT 1:34:53.916, RTA 3:57:33.497-3:57:33.552
Tick 114056(113956), Delay 55 ms, IGT 1:34:56.566, RTA 3:57:36.147-3:57:36.202
Tick 114083(113983), Delay 55 ms, IGT 1:34:57.916, RTA 3:57:37.497-3:57:37.552
Tick 114084(113984), Delay 45 ms, IGT 1:34:57.966, RTA 3:57:37.552-3:57:37.597
Tick 114235(114135), Delay 55 ms, IGT 1:35:05.516, RTA 3:57:45.098-3:57:45.153
Tick 114260(114160), Delay 45 ms, IGT 1:35:06.766, RTA 3:57:46.351-3:57:46.396
Tick 114316(114216), Delay 56 ms, IGT 1:35:09.566, RTA 3:57:49.147-3:57:49.203
Tick 114491(114391), Delay 55 ms, IGT 1:35:18.316, RTA 3:57:57.896-3:57:57.951
Tick 114524(114424), Delay 45 ms, IGT 1:35:19.966, RTA 3:57:59.551-3:57:59.596
Tick 114643(114543), Delay 45 ms, IGT 1:35:25.916, RTA 3:58:05.503-3:58:05.548
Tick 114652(114552), Delay 56 ms, IGT 1:35:26.366, RTA 3:58:05.947-3:58:06.003
Tick 115115(115015), Delay 56 ms, IGT 1:35:49.516, RTA 3:58:29.096-3:58:29.152
Tick 115634(115534), Delay 64 ms, IGT 1:36:15.466, RTA 3:58:55.047-3:58:55.111
Tick 115635(115535), Delay 61 ms, IGT 1:36:15.516, RTA 3:58:55.111-3:58:55.172
Tick 115636(115536), Delay 30 ms, IGT 1:36:15.566, RTA 3:58:55.172-3:58:55.202
Tick 115637(115537), Delay 59 ms, IGT 1:36:15.616, RTA 3:58:55.202-3:58:55.261
Tick 115638(115538), Delay 62 ms, IGT 1:36:15.666, RTA 3:58:55.261-3:58:55.323
Tick 115639(115539), Delay 32 ms, IGT 1:36:15.716, RTA 3:58:55.323-3:58:55.355
Tick 115640(115540), Delay 56 ms, IGT 1:36:15.766, RTA 3:58:55.355-3:58:55.411
Tick 115641(115541), Delay 63 ms, IGT 1:36:15.816, RTA 3:58:55.411-3:58:55.474
Tick 115642(115542), Delay 31 ms, IGT 1:36:15.866, RTA 3:58:55.474-3:58:55.505
Tick 115643(115543), Delay 60 ms, IGT 1:36:15.916, RTA 3:58:55.505-3:58:55.565
Tick 115644(115544), Delay 45 ms, IGT 1:36:15.966, RTA 3:58:55.565-3:58:55.610
Tick 115645(115545), Delay 60 ms, IGT 1:36:16.016, RTA 3:58:55.610-3:58:55.670
Tick 115646(115546), Delay 30 ms, IGT 1:36:16.066, RTA 3:58:55.670-3:58:55.700
Tick 115647(115547), Delay 62 ms, IGT 1:36:16.116, RTA 3:58:55.700-3:58:55.762
Tick 115648(115548), Delay 60 ms, IGT 1:36:16.166, RTA 3:58:55.762-3:58:55.822
Tick 115649(115549), Delay 30 ms, IGT 1:36:16.216, RTA 3:58:55.822-3:58:55.852
Tick 115650(115550), Delay 62 ms, IGT 1:36:16.266, RTA 3:58:55.852-3:58:55.914
Tick 115651(115551), Delay 61 ms, IGT 1:36:16.316, RTA 3:58:55.914-3:58:55.975
Tick 115652(115552), Delay 30 ms, IGT 1:36:16.366, RTA 3:58:55.975-3:58:56.005
Tick 115653(115553), Delay 61 ms, IGT 1:36:16.416, RTA 3:58:56.005-3:58:56.066
Tick 115654(115554), Delay 63 ms, IGT 1:36:16.466, RTA 3:58:56.066-3:58:56.129
Tick 115655(115555), Delay 30 ms, IGT 1:36:16.516, RTA 3:58:56.129-3:58:56.159
Tick 115656(115556), Delay 60 ms, IGT 1:36:16.566, RTA 3:58:56.159-3:58:56.219
Tick 115657(115557), Delay 31 ms, IGT 1:36:16.616, RTA 3:58:56.219-3:58:56.250
Tick 115658(115558), Delay 62 ms, IGT 1:36:16.666, RTA 3:58:56.250-3:58:56.312
Tick 115659(115559), Delay 61 ms, IGT 1:36:16.716, RTA 3:58:56.312-3:58:56.373
Tick 115660(115560), Delay 31 ms, IGT 1:36:16.766, RTA 3:58:56.373-3:58:56.404
Tick 115661(115561), Delay 61 ms, IGT 1:36:16.816, RTA 3:58:56.404-3:58:56.465
Tick 115662(115562), Delay 60 ms, IGT 1:36:16.866, RTA 3:58:56.465-3:58:56.525
Tick 115663(115563), Delay 31 ms, IGT 1:36:16.916, RTA 3:58:56.525-3:58:56.556
Tick 115665(115565), Delay 62 ms, IGT 1:36:17.016, RTA 3:58:56.610-3:58:56.672
Tick 115666(115566), Delay 30 ms, IGT 1:36:17.066, RTA 3:58:56.672-3:58:56.702
Tick 115667(115567), Delay 60 ms, IGT 1:36:17.116, RTA 3:58:56.702-3:58:56.762
Tick 115668(115568), Delay 62 ms, IGT 1:36:17.166, RTA 3:58:56.762-3:58:56.824
Tick 115669(115569), Delay 32 ms, IGT 1:36:17.216, RTA 3:58:56.824-3:58:56.856
Tick 115670(115570), Delay 55 ms, IGT 1:36:17.266, RTA 3:58:56.856-3:58:56.911
Tick 115671(115571), Delay 60 ms, IGT 1:36:17.316, RTA 3:58:56.911-3:58:56.971
Tick 115672(115572), Delay 30 ms, IGT 1:36:17.366, RTA 3:58:56.971-3:58:57.001
Tick 115673(115573), Delay 60 ms, IGT 1:36:17.416, RTA 3:58:57.001-3:58:57.061
Tick 115674(115574), Delay 61 ms, IGT 1:36:17.466, RTA 3:58:57.061-3:58:57.122
Tick 115675(115575), Delay 35 ms, IGT 1:36:17.516, RTA 3:58:57.122-3:58:57.157
Tick 115677(115577), Delay 61 ms, IGT 1:36:17.616, RTA 3:58:57.211-3:58:57.272
Tick 115678(115578), Delay 31 ms, IGT 1:36:17.666, RTA 3:58:57.272-3:58:57.303
Tick 115679(115579), Delay 58 ms, IGT 1:36:17.716, RTA 3:58:57.303-3:58:57.361
Tick 115680(115580), Delay 61 ms, IGT 1:36:17.766, RTA 3:58:57.361-3:58:57.422
Tick 115681(115581), Delay 30 ms, IGT 1:36:17.816, RTA 3:58:57.422-3:58:57.452
Tick 115682(115582), Delay 59 ms, IGT 1:36:17.866, RTA 3:58:57.452-3:58:57.511
Tick 115683(115583), Delay 61 ms, IGT 1:36:17.916, RTA 3:58:57.511-3:58:57.572
Tick 115684(115584), Delay 31 ms, IGT 1:36:17.966, RTA 3:58:57.572-3:58:57.603
Tick 115685(115585), Delay 58 ms, IGT 1:36:18.016, RTA 3:58:57.603-3:58:57.661
Tick 115686(115586), Delay 62 ms, IGT 1:36:18.066, RTA 3:58:57.661-3:58:57.723
Tick 115687(115587), Delay 30 ms, IGT 1:36:18.116, RTA 3:58:57.723-3:58:57.753
Tick 115688(115588), Delay 58 ms, IGT 1:36:18.166, RTA 3:58:57.753-3:58:57.811
Tick 115689(115589), Delay 61 ms, IGT 1:36:18.216, RTA 3:58:57.811-3:58:57.872
Tick 115690(115590), Delay 31 ms, IGT 1:36:18.266, RTA 3:58:57.872-3:58:57.903
Tick 115691(115591), Delay 58 ms, IGT 1:36:18.316, RTA 3:58:57.903-3:58:57.961
Tick 115692(115592), Delay 61 ms, IGT 1:36:18.366, RTA 3:58:57.961-3:58:58.022
Tick 115693(115593), Delay 31 ms, IGT 1:36:18.416, RTA 3:58:58.022-3:58:58.053
Tick 115694(115594), Delay 58 ms, IGT 1:36:18.466, RTA 3:58:58.053-3:58:58.111
Tick 115695(115595), Delay 63 ms, IGT 1:36:18.516, RTA 3:58:58.111-3:58:58.174
Tick 115696(115596), Delay 31 ms, IGT 1:36:18.566, RTA 3:58:58.174-3:58:58.205
Tick 115697(115597), Delay 56 ms, IGT 1:36:18.616, RTA 3:58:58.205-3:58:58.261
Tick 115698(115598), Delay 62 ms, IGT 1:36:18.666, RTA 3:58:58.261-3:58:58.323
Tick 115699(115599), Delay 31 ms, IGT 1:36:18.716, RTA 3:58:58.323-3:58:58.354
Tick 115700(115600), Delay 61 ms, IGT 1:36:18.766, RTA 3:58:58.354-3:58:58.415
Tick 115701(115601), Delay 62 ms, IGT 1:36:18.816, RTA 3:58:58.415-3:58:58.477
Tick 115702(115602), Delay 30 ms, IGT 1:36:18.866, RTA 3:58:58.477-3:58:58.507
Tick 115703(115603), Delay 61 ms, IGT 1:36:18.916, RTA 3:58:58.507-3:58:58.568
Tick 115704(115604), Delay 31 ms, IGT 1:36:18.966, RTA 3:58:58.568-3:58:58.599
Tick 115705(115605), Delay 72 ms, IGT 1:36:19.016, RTA 3:58:58.599-3:58:58.671
Tick 115706(115606), Delay 31 ms, IGT 1:36:19.066, RTA 3:58:58.671-3:58:58.702
Tick 115707(115607), Delay 71 ms, IGT 1:36:19.116, RTA 3:58:58.702-3:58:58.773
Tick 115708(115608), Delay 31 ms, IGT 1:36:19.166, RTA 3:58:58.773-3:58:58.804
Tick 115709(115609), Delay 57 ms, IGT 1:36:19.216, RTA 3:58:58.804-3:58:58.861
Tick 115710(115610), Delay 62 ms, IGT 1:36:19.266, RTA 3:58:58.861-3:58:58.923
Tick 115711(115611), Delay 31 ms, IGT 1:36:19.316, RTA 3:58:58.923-3:58:58.954
Tick 115712(115612), Delay 57 ms, IGT 1:36:19.366, RTA 3:58:58.954-3:58:59.011
Tick 115713(115613), Delay 61 ms, IGT 1:36:19.416, RTA 3:58:59.011-3:58:59.072
Tick 115714(115614), Delay 31 ms, IGT 1:36:19.466, RTA 3:58:59.072-3:58:59.103
Tick 115715(115615), Delay 61 ms, IGT 1:36:19.516, RTA 3:58:59.103-3:58:59.164
Tick 115716(115616), Delay 33 ms, IGT 1:36:19.566, RTA 3:58:59.164-3:58:59.197
Tick 115717(115617), Delay 62 ms, IGT 1:36:19.616, RTA 3:58:59.197-3:58:59.259
Tick 115718(115618), Delay 62 ms, IGT 1:36:19.666, RTA 3:58:59.259-3:58:59.321
Tick 115719(115619), Delay 31 ms, IGT 1:36:19.716, RTA 3:58:59.321-3:58:59.352
Tick 115720(115620), Delay 63 ms, IGT 1:36:19.766, RTA 3:58:59.352-3:58:59.415
Tick 115721(115621), Delay 45 ms, IGT 1:36:19.816, RTA 3:58:59.415-3:58:59.460
Tick 115722(115622), Delay 62 ms, IGT 1:36:19.866, RTA 3:58:59.460-3:58:59.522
Tick 115723(115623), Delay 31 ms, IGT 1:36:19.916, RTA 3:58:59.522-3:58:59.553
Tick 115724(115624), Delay 57 ms, IGT 1:36:19.966, RTA 3:58:59.553-3:58:59.610
Tick 115725(115625), Delay 61 ms, IGT 1:36:20.016, RTA 3:58:59.610-3:58:59.671
Tick 115726(115626), Delay 31 ms, IGT 1:36:20.066, RTA 3:58:59.671-3:58:59.702
Tick 115727(115627), Delay 61 ms, IGT 1:36:20.116, RTA 3:58:59.702-3:58:59.763
Tick 115728(115628), Delay 60 ms, IGT 1:36:20.166, RTA 3:58:59.763-3:58:59.823
Tick 115729(115629), Delay 31 ms, IGT 1:36:20.216, RTA 3:58:59.823-3:58:59.854
Tick 115730(115630), Delay 62 ms, IGT 1:36:20.266, RTA 3:58:59.854-3:58:59.916
Tick 115731(115631), Delay 61 ms, IGT 1:36:20.316, RTA 3:58:59.916-3:58:59.977
Tick 115732(115632), Delay 30 ms, IGT 1:36:20.366, RTA 3:58:59.977-3:59:00.007
Tick 115733(115633), Delay 61 ms, IGT 1:36:20.416, RTA 3:59:00.007-3:59:00.068
Tick 115734(115634), Delay 31 ms, IGT 1:36:20.466, RTA 3:59:00.068-3:59:00.099
Tick 115735(115635), Delay 60 ms, IGT 1:36:20.516, RTA 3:59:00.099-3:59:00.159
Tick 115736(115636), Delay 63 ms, IGT 1:36:20.566, RTA 3:59:00.159-3:59:00.222
Tick 115737(115637), Delay 31 ms, IGT 1:36:20.616, RTA 3:59:00.222-3:59:00.253
Tick 115738(115638), Delay 61 ms, IGT 1:36:20.666, RTA 3:59:00.253-3:59:00.314
Tick 115739(115639), Delay 61 ms, IGT 1:36:20.716, RTA 3:59:00.314-3:59:00.375
Tick 115740(115640), Delay 31 ms, IGT 1:36:20.766, RTA 3:59:00.375-3:59:00.406
Tick 115741(115641), Delay 61 ms, IGT 1:36:20.816, RTA 3:59:00.406-3:59:00.467
Tick 115742(115642), Delay 31 ms, IGT 1:36:20.866, RTA 3:59:00.467-3:59:00.498
Tick 115743(115643), Delay 74 ms, IGT 1:36:20.916, RTA 3:59:00.498-3:59:00.572
Tick 115744(115644), Delay 31 ms, IGT 1:36:20.966, RTA 3:59:00.572-3:59:00.603
Tick 115745(115645), Delay 58 ms, IGT 1:36:21.016, RTA 3:59:00.603-3:59:00.661
Tick 115746(115646), Delay 61 ms, IGT 1:36:21.066, RTA 3:59:00.661-3:59:00.722
Tick 115747(115647), Delay 31 ms, IGT 1:36:21.116, RTA 3:59:00.722-3:59:00.753
Tick 115748(115648), Delay 58 ms, IGT 1:36:21.166, RTA 3:59:00.753-3:59:00.811
Tick 115749(115649), Delay 61 ms, IGT 1:36:21.216, RTA 3:59:00.811-3:59:00.872
Tick 115750(115650), Delay 31 ms, IGT 1:36:21.266, RTA 3:59:00.872-3:59:00.903
Tick 115751(115651), Delay 58 ms, IGT 1:36:21.316, RTA 3:59:00.903-3:59:00.961
Tick 115752(115652), Delay 61 ms, IGT 1:36:21.366, RTA 3:59:00.961-3:59:01.022
Tick 115753(115653), Delay 30 ms, IGT 1:36:21.416, RTA 3:59:01.022-3:59:01.052
Tick 115754(115654), Delay 59 ms, IGT 1:36:21.466, RTA 3:59:01.052-3:59:01.111
Tick 115755(115655), Delay 61 ms, IGT 1:36:21.516, RTA 3:59:01.111-3:59:01.172
Tick 115756(115656), Delay 32 ms, IGT 1:36:21.566, RTA 3:59:01.172-3:59:01.204
Tick 115757(115657), Delay 63 ms, IGT 1:36:21.616, RTA 3:59:01.204-3:59:01.267
Tick 115758(115658), Delay 31 ms, IGT 1:36:21.666, RTA 3:59:01.267-3:59:01.298
Tick 115759(115659), Delay 62 ms, IGT 1:36:21.716, RTA 3:59:01.298-3:59:01.360
Tick 115761(115661), Delay 61 ms, IGT 1:36:21.816, RTA 3:59:01.411-3:59:01.472
Tick 115762(115662), Delay 31 ms, IGT 1:36:21.866, RTA 3:59:01.472-3:59:01.503
Tick 115763(115663), Delay 58 ms, IGT 1:36:21.916, RTA 3:59:01.503-3:59:01.561
Tick 115765(115665), Delay 62 ms, IGT 1:36:22.016, RTA 3:59:01.610-3:59:01.672
Tick 115766(115666), Delay 30 ms, IGT 1:36:22.066, RTA 3:59:01.672-3:59:01.702
Tick 115767(115667), Delay 69 ms, IGT 1:36:22.116, RTA 3:59:01.702-3:59:01.771
Tick 115768(115668), Delay 31 ms, IGT 1:36:22.166, RTA 3:59:01.771-3:59:01.802
Tick 115769(115669), Delay 59 ms, IGT 1:36:22.216, RTA 3:59:01.802-3:59:01.861
Tick 115770(115670), Delay 62 ms, IGT 1:36:22.266, RTA 3:59:01.861-3:59:01.923
Tick 115771(115671), Delay 31 ms, IGT 1:36:22.316, RTA 3:59:01.923-3:59:01.954
Tick 115772(115672), Delay 57 ms, IGT 1:36:22.366, RTA 3:59:01.954-3:59:02.011
Tick 115773(115673), Delay 63 ms, IGT 1:36:22.416, RTA 3:59:02.011-3:59:02.074
Tick 115774(115674), Delay 30 ms, IGT 1:36:22.466, RTA 3:59:02.074-3:59:02.104
Tick 115775(115675), Delay 57 ms, IGT 1:36:22.516, RTA 3:59:02.104-3:59:02.161
Tick 115776(115676), Delay 61 ms, IGT 1:36:22.566, RTA 3:59:02.161-3:59:02.222
Tick 115777(115677), Delay 34 ms, IGT 1:36:22.616, RTA 3:59:02.222-3:59:02.256
Tick 115778(115678), Delay 61 ms, IGT 1:36:22.666, RTA 3:59:02.256-3:59:02.317
Tick 115779(115679), Delay 31 ms, IGT 1:36:22.716, RTA 3:59:02.317-3:59:02.348
Tick 115780(115680), Delay 61 ms, IGT 1:36:22.766, RTA 3:59:02.348-3:59:02.409
Tick 115781(115681), Delay 61 ms, IGT 1:36:22.816, RTA 3:59:02.409-3:59:02.470
Tick 115782(115682), Delay 31 ms, IGT 1:36:22.866, RTA 3:59:02.470-3:59:02.501
Tick 115783(115683), Delay 61 ms, IGT 1:36:22.916, RTA 3:59:02.501-3:59:02.562
Tick 115785(115685), Delay 60 ms, IGT 1:36:23.016, RTA 3:59:02.610-3:59:02.670
Tick 115786(115686), Delay 31 ms, IGT 1:36:23.066, RTA 3:59:02.670-3:59:02.701
Tick 115787(115687), Delay 60 ms, IGT 1:36:23.116, RTA 3:59:02.701-3:59:02.761
Tick 115788(115688), Delay 61 ms, IGT 1:36:23.166, RTA 3:59:02.761-3:59:02.822
Tick 115789(115689), Delay 32 ms, IGT 1:36:23.216, RTA 3:59:02.822-3:59:02.854
Tick 115790(115690), Delay 57 ms, IGT 1:36:23.266, RTA 3:59:02.854-3:59:02.911
Tick 115791(115691), Delay 61 ms, IGT 1:36:23.316, RTA 3:59:02.911-3:59:02.972
Tick 115792(115692), Delay 31 ms, IGT 1:36:23.366, RTA 3:59:02.972-3:59:03.003
Tick 115793(115693), Delay 58 ms, IGT 1:36:23.416, RTA 3:59:03.003-3:59:03.061
Tick 115794(115694), Delay 61 ms, IGT 1:36:23.466, RTA 3:59:03.061-3:59:03.122
Tick 115795(115695), Delay 30 ms, IGT 1:36:23.516, RTA 3:59:03.122-3:59:03.152
Tick 115796(115696), Delay 61 ms, IGT 1:36:23.566, RTA 3:59:03.152-3:59:03.213
Tick 115797(115697), Delay 64 ms, IGT 1:36:23.616, RTA 3:59:03.213-3:59:03.277
Tick 115798(115698), Delay 31 ms, IGT 1:36:23.666, RTA 3:59:03.277-3:59:03.308
Tick 115799(115699), Delay 61 ms, IGT 1:36:23.716, RTA 3:59:03.308-3:59:03.369
Tick 115800(115700), Delay 30 ms, IGT 1:36:23.766, RTA 3:59:03.369-3:59:03.399
Tick 115801(115701), Delay 60 ms, IGT 1:36:23.816, RTA 3:59:03.399-3:59:03.459
Tick 115802(115702), Delay 61 ms, IGT 1:36:23.866, RTA 3:59:03.459-3:59:03.520
Tick 115803(115703), Delay 30 ms, IGT 1:36:23.916, RTA 3:59:03.520-3:59:03.550
Tick 115804(115704), Delay 59 ms, IGT 1:36:23.966, RTA 3:59:03.550-3:59:03.609
Tick 115806(115706), Delay 62 ms, IGT 1:36:24.066, RTA 3:59:03.661-3:59:03.723
Tick 115807(115707), Delay 32 ms, IGT 1:36:24.116, RTA 3:59:03.723-3:59:03.755
Tick 115808(115708), Delay 56 ms, IGT 1:36:24.166, RTA 3:59:03.755-3:59:03.811
Tick 115809(115709), Delay 62 ms, IGT 1:36:24.216, RTA 3:59:03.811-3:59:03.873
Tick 115810(115710), Delay 31 ms, IGT 1:36:24.266, RTA 3:59:03.873-3:59:03.904
Tick 115811(115711), Delay 61 ms, IGT 1:36:24.316, RTA 3:59:03.904-3:59:03.965
Tick 115812(115712), Delay 61 ms, IGT 1:36:24.366, RTA 3:59:03.965-3:59:04.026
Tick 115813(115713), Delay 32 ms, IGT 1:36:24.416, RTA 3:59:04.026-3:59:04.058
Tick 115814(115714), Delay 62 ms, IGT 1:36:24.466, RTA 3:59:04.058-3:59:04.120
Tick 115815(115715), Delay 30 ms, IGT 1:36:24.516, RTA 3:59:04.120-3:59:04.150
Tick 115816(115716), Delay 61 ms, IGT 1:36:24.566, RTA 3:59:04.150-3:59:04.211
Tick 115818(115718), Delay 64 ms, IGT 1:36:24.666, RTA 3:59:04.261-3:59:04.325
Tick 115819(115719), Delay 32 ms, IGT 1:36:24.716, RTA 3:59:04.325-3:59:04.357
Tick 115821(115721), Delay 61 ms, IGT 1:36:24.816, RTA 3:59:04.411-3:59:04.472
Tick 115822(115722), Delay 31 ms, IGT 1:36:24.866, RTA 3:59:04.472-3:59:04.503
Tick 115823(115723), Delay 58 ms, IGT 1:36:24.916, RTA 3:59:04.503-3:59:04.561
Tick 115825(115725), Delay 60 ms, IGT 1:36:25.016, RTA 3:59:04.610-3:59:04.670
Tick 115826(115726), Delay 31 ms, IGT 1:36:25.066, RTA 3:59:04.670-3:59:04.701
Tick 115827(115727), Delay 61 ms, IGT 1:36:25.116, RTA 3:59:04.701-3:59:04.762
Tick 115828(115728), Delay 61 ms, IGT 1:36:25.166, RTA 3:59:04.762-3:59:04.823
Tick 115829(115729), Delay 32 ms, IGT 1:36:25.216, RTA 3:59:04.823-3:59:04.855
Tick 115830(115730), Delay 61 ms, IGT 1:36:25.266, RTA 3:59:04.855-3:59:04.916
Tick 115831(115731), Delay 31 ms, IGT 1:36:25.316, RTA 3:59:04.916-3:59:04.947
Tick 115832(115732), Delay 60 ms, IGT 1:36:25.366, RTA 3:59:04.947-3:59:05.007
Tick 115833(115733), Delay 62 ms, IGT 1:36:25.416, RTA 3:59:05.007-3:59:05.069
Tick 115834(115734), Delay 30 ms, IGT 1:36:25.466, RTA 3:59:05.069-3:59:05.099
Tick 115835(115735), Delay 60 ms, IGT 1:36:25.516, RTA 3:59:05.099-3:59:05.159
Tick 115836(115736), Delay 61 ms, IGT 1:36:25.566, RTA 3:59:05.159-3:59:05.220
Tick 115837(115737), Delay 34 ms, IGT 1:36:25.616, RTA 3:59:05.220-3:59:05.254
Tick 115838(115738), Delay 63 ms, IGT 1:36:25.666, RTA 3:59:05.254-3:59:05.317
Tick 115839(115739), Delay 30 ms, IGT 1:36:25.716, RTA 3:59:05.317-3:59:05.347
Tick 115840(115740), Delay 61 ms, IGT 1:36:25.766, RTA 3:59:05.347-3:59:05.408
Tick 115841(115741), Delay 61 ms, IGT 1:36:25.816, RTA 3:59:05.408-3:59:05.469
Tick 115842(115742), Delay 30 ms, IGT 1:36:25.866, RTA 3:59:05.469-3:59:05.499
Tick 115843(115743), Delay 61 ms, IGT 1:36:25.916, RTA 3:59:05.499-3:59:05.560
Tick 115845(115745), Delay 62 ms, IGT 1:36:26.016, RTA 3:59:05.610-3:59:05.672
Tick 115846(115746), Delay 30 ms, IGT 1:36:26.066, RTA 3:59:05.672-3:59:05.702
Tick 115847(115747), Delay 62 ms, IGT 1:36:26.116, RTA 3:59:05.702-3:59:05.764
Tick 115848(115748), Delay 61 ms, IGT 1:36:26.166, RTA 3:59:05.764-3:59:05.825
Tick 115849(115749), Delay 30 ms, IGT 1:36:26.216, RTA 3:59:05.825-3:59:05.855
Tick 115850(115750), Delay 62 ms, IGT 1:36:26.266, RTA 3:59:05.855-3:59:05.917
Tick 115851(115751), Delay 30 ms, IGT 1:36:26.316, RTA 3:59:05.917-3:59:05.947
Tick 115852(115752), Delay 61 ms, IGT 1:36:26.366, RTA 3:59:05.947-3:59:06.008
Tick 115853(115753), Delay 61 ms, IGT 1:36:26.416, RTA 3:59:06.008-3:59:06.069
Tick 115854(115754), Delay 31 ms, IGT 1:36:26.466, RTA 3:59:06.069-3:59:06.100
Tick 115855(115755), Delay 60 ms, IGT 1:36:26.516, RTA 3:59:06.100-3:59:06.160
Tick 115856(115756), Delay 61 ms, IGT 1:36:26.566, RTA 3:59:06.160-3:59:06.221
Tick 115857(115757), Delay 30 ms, IGT 1:36:26.616, RTA 3:59:06.221-3:59:06.251
Tick 115858(115758), Delay 61 ms, IGT 1:36:26.666, RTA 3:59:06.251-3:59:06.312
Tick 115860(115760), Delay 61 ms, IGT 1:36:26.766, RTA 3:59:06.361-3:59:06.422
Tick 115861(115761), Delay 31 ms, IGT 1:36:26.816, RTA 3:59:06.422-3:59:06.453
Tick 115862(115762), Delay 58 ms, IGT 1:36:26.866, RTA 3:59:06.453-3:59:06.511
Tick 115863(115763), Delay 62 ms, IGT 1:36:26.916, RTA 3:59:06.511-3:59:06.573
Tick 115864(115764), Delay 31 ms, IGT 1:36:26.966, RTA 3:59:06.573-3:59:06.604
Tick 115865(115765), Delay 57 ms, IGT 1:36:27.016, RTA 3:59:06.604-3:59:06.661
Tick 115866(115766), Delay 61 ms, IGT 1:36:27.066, RTA 3:59:06.661-3:59:06.722
Tick 115867(115767), Delay 31 ms, IGT 1:36:27.116, RTA 3:59:06.722-3:59:06.753
Tick 115868(115768), Delay 58 ms, IGT 1:36:27.166, RTA 3:59:06.753-3:59:06.811
Tick 115869(115769), Delay 62 ms, IGT 1:36:27.216, RTA 3:59:06.811-3:59:06.873
Tick 115870(115770), Delay 31 ms, IGT 1:36:27.266, RTA 3:59:06.873-3:59:06.904
Tick 115871(115771), Delay 57 ms, IGT 1:36:27.316, RTA 3:59:06.904-3:59:06.961
Tick 115872(115772), Delay 62 ms, IGT 1:36:27.366, RTA 3:59:06.961-3:59:07.023
Tick 115873(115773), Delay 30 ms, IGT 1:36:27.416, RTA 3:59:07.023-3:59:07.053
Tick 115874(115774), Delay 58 ms, IGT 1:36:27.466, RTA 3:59:07.053-3:59:07.111
Tick 115875(115775), Delay 61 ms, IGT 1:36:27.516, RTA 3:59:07.111-3:59:07.172
Tick 115876(115776), Delay 30 ms, IGT 1:36:27.566, RTA 3:59:07.172-3:59:07.202
Tick 115877(115777), Delay 59 ms, IGT 1:36:27.616, RTA 3:59:07.202-3:59:07.261
Tick 115878(115778), Delay 61 ms, IGT 1:36:27.666, RTA 3:59:07.261-3:59:07.322
Tick 115879(115779), Delay 34 ms, IGT 1:36:27.716, RTA 3:59:07.322-3:59:07.356
Tick 115880(115780), Delay 55 ms, IGT 1:36:27.766, RTA 3:59:07.356-3:59:07.411
Tick 115881(115781), Delay 60 ms, IGT 1:36:27.816, RTA 3:59:07.411-3:59:07.471
Tick 115882(115782), Delay 31 ms, IGT 1:36:27.866, RTA 3:59:07.471-3:59:07.502
Tick 115883(115783), Delay 60 ms, IGT 1:36:27.916, RTA 3:59:07.502-3:59:07.562
Tick 115885(115785), Delay 61 ms, IGT 1:36:28.016, RTA 3:59:07.610-3:59:07.671
Tick 115886(115786), Delay 30 ms, IGT 1:36:28.066, RTA 3:59:07.671-3:59:07.701
Tick 115887(115787), Delay 61 ms, IGT 1:36:28.116, RTA 3:59:07.701-3:59:07.762
Tick 115888(115788), Delay 62 ms, IGT 1:36:28.166, RTA 3:59:07.762-3:59:07.824
Tick 115889(115789), Delay 31 ms, IGT 1:36:28.216, RTA 3:59:07.824-3:59:07.855
Tick 115890(115790), Delay 61 ms, IGT 1:36:28.266, RTA 3:59:07.855-3:59:07.916
Tick 115891(115791), Delay 61 ms, IGT 1:36:28.316, RTA 3:59:07.916-3:59:07.977
Tick 115892(115792), Delay 30 ms, IGT 1:36:28.366, RTA 3:59:07.977-3:59:08.007
Tick 115893(115793), Delay 61 ms, IGT 1:36:28.416, RTA 3:59:08.007-3:59:08.068
Tick 115894(115794), Delay 30 ms, IGT 1:36:28.466, RTA 3:59:08.068-3:59:08.098
Tick 115895(115795), Delay 61 ms, IGT 1:36:28.516, RTA 3:59:08.098-3:59:08.159
Tick 115896(115796), Delay 62 ms, IGT 1:36:28.566, RTA 3:59:08.159-3:59:08.221
Tick 115897(115797), Delay 30 ms, IGT 1:36:28.616, RTA 3:59:08.221-3:59:08.251
Tick 115898(115798), Delay 61 ms, IGT 1:36:28.666, RTA 3:59:08.251-3:59:08.312
Tick 115899(115799), Delay 62 ms, IGT 1:36:28.716, RTA 3:59:08.312-3:59:08.374
Tick 115900(115800), Delay 30 ms, IGT 1:36:28.766, RTA 3:59:08.374-3:59:08.404
Tick 115901(115801), Delay 61 ms, IGT 1:36:28.816, RTA 3:59:08.404-3:59:08.465
Tick 115902(115802), Delay 61 ms, IGT 1:36:28.866, RTA 3:59:08.465-3:59:08.526
Tick 115903(115803), Delay 31 ms, IGT 1:36:28.916, RTA 3:59:08.526-3:59:08.557
Tick 115905(115805), Delay 60 ms, IGT 1:36:29.016, RTA 3:59:08.610-3:59:08.670
Tick 115906(115806), Delay 31 ms, IGT 1:36:29.066, RTA 3:59:08.670-3:59:08.701
Tick 115907(115807), Delay 60 ms, IGT 1:36:29.116, RTA 3:59:08.701-3:59:08.761
Tick 115908(115808), Delay 61 ms, IGT 1:36:29.166, RTA 3:59:08.761-3:59:08.822
Tick 115909(115809), Delay 31 ms, IGT 1:36:29.216, RTA 3:59:08.822-3:59:08.853
Tick 115910(115810), Delay 61 ms, IGT 1:36:29.266, RTA 3:59:08.853-3:59:08.914
Tick 115911(115811), Delay 60 ms, IGT 1:36:29.316, RTA 3:59:08.914-3:59:08.974
Tick 115912(115812), Delay 31 ms, IGT 1:36:29.366, RTA 3:59:08.974-3:59:09.005
Tick 115913(115813), Delay 61 ms, IGT 1:36:29.416, RTA 3:59:09.005-3:59:09.066
Tick 115914(115814), Delay 31 ms, IGT 1:36:29.466, RTA 3:59:09.066-3:59:09.097
Tick 115915(115815), Delay 62 ms, IGT 1:36:29.516, RTA 3:59:09.097-3:59:09.159
Tick 115917(115817), Delay 61 ms, IGT 1:36:29.616, RTA 3:59:09.211-3:59:09.272
Tick 115918(115818), Delay 30 ms, IGT 1:36:29.666, RTA 3:59:09.272-3:59:09.302
Tick 115919(115819), Delay 59 ms, IGT 1:36:29.716, RTA 3:59:09.302-3:59:09.361
Tick 115920(115820), Delay 66 ms, IGT 1:36:29.766, RTA 3:59:09.361-3:59:09.427
Tick 115921(115821), Delay 30 ms, IGT 1:36:29.816, RTA 3:59:09.427-3:59:09.457
Tick 115923(115823), Delay 61 ms, IGT 1:36:29.916, RTA 3:59:09.511-3:59:09.572
Tick 115924(115824), Delay 32 ms, IGT 1:36:29.966, RTA 3:59:09.572-3:59:09.604
Tick 115925(115825), Delay 57 ms, IGT 1:36:30.016, RTA 3:59:09.604-3:59:09.661
Tick 115926(115826), Delay 61 ms, IGT 1:36:30.066, RTA 3:59:09.661-3:59:09.722
Tick 115927(115827), Delay 31 ms, IGT 1:36:30.116, RTA 3:59:09.722-3:59:09.753
Tick 115928(115828), Delay 58 ms, IGT 1:36:30.166, RTA 3:59:09.753-3:59:09.811
Tick 115929(115829), Delay 63 ms, IGT 1:36:30.216, RTA 3:59:09.811-3:59:09.874
Tick 115930(115830), Delay 30 ms, IGT 1:36:30.266, RTA 3:59:09.874-3:59:09.904
Tick 115931(115831), Delay 57 ms, IGT 1:36:30.316, RTA 3:59:09.904-3:59:09.961
Tick 115932(115832), Delay 61 ms, IGT 1:36:30.366, RTA 3:59:09.961-3:59:10.022
Tick 115933(115833), Delay 30 ms, IGT 1:36:30.416, RTA 3:59:10.022-3:59:10.052
Tick 115934(115834), Delay 59 ms, IGT 1:36:30.466, RTA 3:59:10.052-3:59:10.111
Tick 115935(115835), Delay 64 ms, IGT 1:36:30.516, RTA 3:59:10.111-3:59:10.175
Tick 115936(115836), Delay 31 ms, IGT 1:36:30.566, RTA 3:59:10.175-3:59:10.206
Tick 115937(115837), Delay 57 ms, IGT 1:36:30.616, RTA 3:59:10.206-3:59:10.263
Tick 115938(115838), Delay 62 ms, IGT 1:36:30.666, RTA 3:59:10.263-3:59:10.325
Tick 115939(115839), Delay 31 ms, IGT 1:36:30.716, RTA 3:59:10.325-3:59:10.356
Tick 115940(115840), Delay 55 ms, IGT 1:36:30.766, RTA 3:59:10.356-3:59:10.411
Tick 115941(115841), Delay 60 ms, IGT 1:36:30.816, RTA 3:59:10.411-3:59:10.471
Tick 115942(115842), Delay 31 ms, IGT 1:36:30.866, RTA 3:59:10.471-3:59:10.502
Tick 115943(115843), Delay 59 ms, IGT 1:36:30.916, RTA 3:59:10.502-3:59:10.561
Tick 115945(115845), Delay 61 ms, IGT 1:36:31.016, RTA 3:59:10.610-3:59:10.671
Tick 115946(115846), Delay 30 ms, IGT 1:36:31.066, RTA 3:59:10.671-3:59:10.701
Tick 115947(115847), Delay 62 ms, IGT 1:36:31.116, RTA 3:59:10.701-3:59:10.763
Tick 115948(115848), Delay 61 ms, IGT 1:36:31.166, RTA 3:59:10.763-3:59:10.824
Tick 115949(115849), Delay 30 ms, IGT 1:36:31.216, RTA 3:59:10.824-3:59:10.854
Tick 115950(115850), Delay 62 ms, IGT 1:36:31.266, RTA 3:59:10.854-3:59:10.916
Tick 115951(115851), Delay 31 ms, IGT 1:36:31.316, RTA 3:59:10.916-3:59:10.947
Tick 115952(115852), Delay 61 ms, IGT 1:36:31.366, RTA 3:59:10.947-3:59:11.008
Tick 115953(115853), Delay 62 ms, IGT 1:36:31.416, RTA 3:59:11.008-3:59:11.070
Tick 115954(115854), Delay 30 ms, IGT 1:36:31.466, RTA 3:59:11.070-3:59:11.100
Tick 115955(115855), Delay 62 ms, IGT 1:36:31.516, RTA 3:59:11.100-3:59:11.162
Tick 115956(115856), Delay 63 ms, IGT 1:36:31.566, RTA 3:59:11.162-3:59:11.225
Tick 115957(115857), Delay 30 ms, IGT 1:36:31.616, RTA 3:59:11.225-3:59:11.255
Tick 115958(115858), Delay 56 ms, IGT 1:36:31.666, RTA 3:59:11.255-3:59:11.311
Tick 115959(115859), Delay 61 ms, IGT 1:36:31.716, RTA 3:59:11.311-3:59:11.372
Tick 115960(115860), Delay 30 ms, IGT 1:36:31.766, RTA 3:59:11.372-3:59:11.402
Tick 115961(115861), Delay 59 ms, IGT 1:36:31.816, RTA 3:59:11.402-3:59:11.461
Tick 115962(115862), Delay 62 ms, IGT 1:36:31.866, RTA 3:59:11.461-3:59:11.523
Tick 115963(115863), Delay 32 ms, IGT 1:36:31.916, RTA 3:59:11.523-3:59:11.555
Tick 115964(115864), Delay 55 ms, IGT 1:36:31.966, RTA 3:59:11.555-3:59:11.610
Tick 115965(115865), Delay 61 ms, IGT 1:36:32.016, RTA 3:59:11.610-3:59:11.671
Tick 115966(115866), Delay 31 ms, IGT 1:36:32.066, RTA 3:59:11.671-3:59:11.702
Tick 115967(115867), Delay 59 ms, IGT 1:36:32.116, RTA 3:59:11.702-3:59:11.761
Tick 115968(115868), Delay 61 ms, IGT 1:36:32.166, RTA 3:59:11.761-3:59:11.822
Tick 115969(115869), Delay 30 ms, IGT 1:36:32.216, RTA 3:59:11.822-3:59:11.852
Tick 115970(115870), Delay 59 ms, IGT 1:36:32.266, RTA 3:59:11.852-3:59:11.911
Tick 115971(115871), Delay 61 ms, IGT 1:36:32.316, RTA 3:59:11.911-3:59:11.972
Tick 115972(115872), Delay 31 ms, IGT 1:36:32.366, RTA 3:59:11.972-3:59:12.003
Tick 115973(115873), Delay 61 ms, IGT 1:36:32.416, RTA 3:59:12.003-3:59:12.064
Tick 115974(115874), Delay 62 ms, IGT 1:36:32.466, RTA 3:59:12.064-3:59:12.126
Tick 115975(115875), Delay 30 ms, IGT 1:36:32.516, RTA 3:59:12.126-3:59:12.156
Tick 115976(115876), Delay 61 ms, IGT 1:36:32.566, RTA 3:59:12.156-3:59:12.217
Tick 115977(115877), Delay 31 ms, IGT 1:36:32.616, RTA 3:59:12.217-3:59:12.248
Tick 115978(115878), Delay 61 ms, IGT 1:36:32.666, RTA 3:59:12.248-3:59:12.309
Tick 115979(115879), Delay 62 ms, IGT 1:36:32.716, RTA 3:59:12.309-3:59:12.371
Tick 115980(115880), Delay 31 ms, IGT 1:36:32.766, RTA 3:59:12.371-3:59:12.402
Tick 115981(115881), Delay 63 ms, IGT 1:36:32.816, RTA 3:59:12.402-3:59:12.465
Tick 115983(115883), Delay 63 ms, IGT 1:36:32.916, RTA 3:59:12.511-3:59:12.574
Tick 115984(115884), Delay 30 ms, IGT 1:36:32.966, RTA 3:59:12.574-3:59:12.604
Tick 115985(115885), Delay 57 ms, IGT 1:36:33.016, RTA 3:59:12.604-3:59:12.661
Tick 115986(115886), Delay 61 ms, IGT 1:36:33.066, RTA 3:59:12.661-3:59:12.722
Tick 115987(115887), Delay 30 ms, IGT 1:36:33.116, RTA 3:59:12.722-3:59:12.752
Tick 115988(115888), Delay 59 ms, IGT 1:36:33.166, RTA 3:59:12.752-3:59:12.811
Tick 115989(115889), Delay 60 ms, IGT 1:36:33.216, RTA 3:59:12.811-3:59:12.871
Tick 115990(115890), Delay 31 ms, IGT 1:36:33.266, RTA 3:59:12.871-3:59:12.902
Tick 115991(115891), Delay 59 ms, IGT 1:36:33.316, RTA 3:59:12.902-3:59:12.961
Tick 115992(115892), Delay 62 ms, IGT 1:36:33.366, RTA 3:59:12.961-3:59:13.023
Tick 115993(115893), Delay 30 ms, IGT 1:36:33.416, RTA 3:59:13.023-3:59:13.053
Tick 115994(115894), Delay 58 ms, IGT 1:36:33.466, RTA 3:59:13.053-3:59:13.111
Tick 115995(115895), Delay 61 ms, IGT 1:36:33.516, RTA 3:59:13.111-3:59:13.172
Tick 115996(115896), Delay 32 ms, IGT 1:36:33.566, RTA 3:59:13.172-3:59:13.204
Tick 115997(115897), Delay 58 ms, IGT 1:36:33.616, RTA 3:59:13.204-3:59:13.262
Tick 115998(115898), Delay 60 ms, IGT 1:36:33.666, RTA 3:59:13.262-3:59:13.322
Tick 115999(115899), Delay 31 ms, IGT 1:36:33.716, RTA 3:59:13.322-3:59:13.353
Tick 116000(115900), Delay 58 ms, IGT 1:36:33.766, RTA 3:59:13.353-3:59:13.411
Tick 116001(115901), Delay 63 ms, IGT 1:36:33.816, RTA 3:59:13.411-3:59:13.474
Tick 116002(115902), Delay 31 ms, IGT 1:36:33.866, RTA 3:59:13.474-3:59:13.505
Tick 116003(115903), Delay 56 ms, IGT 1:36:33.916, RTA 3:59:13.505-3:59:13.561
Tick 116005(115905), Delay 61 ms, IGT 1:36:34.016, RTA 3:59:13.610-3:59:13.671
Tick 116006(115906), Delay 30 ms, IGT 1:36:34.066, RTA 3:59:13.671-3:59:13.701
Tick 116007(115907), Delay 73 ms, IGT 1:36:34.116, RTA 3:59:13.701-3:59:13.774
Tick 116008(115908), Delay 30 ms, IGT 1:36:34.166, RTA 3:59:13.774-3:59:13.804
Tick 116009(115909), Delay 57 ms, IGT 1:36:34.216, RTA 3:59:13.804-3:59:13.861
Tick 116010(115910), Delay 61 ms, IGT 1:36:34.266, RTA 3:59:13.861-3:59:13.922
Tick 116011(115911), Delay 31 ms, IGT 1:36:34.316, RTA 3:59:13.922-3:59:13.953
Tick 116012(115912), Delay 62 ms, IGT 1:36:34.366, RTA 3:59:13.953-3:59:14.015
Tick 116013(115913), Delay 61 ms, IGT 1:36:34.416, RTA 3:59:14.015-3:59:14.076
Tick 116014(115914), Delay 31 ms, IGT 1:36:34.466, RTA 3:59:14.076-3:59:14.107
Tick 116015(115915), Delay 61 ms, IGT 1:36:34.516, RTA 3:59:14.107-3:59:14.168
Tick 116016(115916), Delay 31 ms, IGT 1:36:34.566, RTA 3:59:14.168-3:59:14.199
Tick 116017(115917), Delay 61 ms, IGT 1:36:34.616, RTA 3:59:14.199-3:59:14.260
Tick 116019(115919), Delay 61 ms, IGT 1:36:34.716, RTA 3:59:14.311-3:59:14.372
Tick 116020(115920), Delay 32 ms, IGT 1:36:34.766, RTA 3:59:14.372-3:59:14.404
Tick 116021(115921), Delay 57 ms, IGT 1:36:34.816, RTA 3:59:14.404-3:59:14.461
Tick 116022(115922), Delay 63 ms, IGT 1:36:34.866, RTA 3:59:14.461-3:59:14.524
Tick 116023(115923), Delay 31 ms, IGT 1:36:34.916, RTA 3:59:14.524-3:59:14.555
Tick 116024(115924), Delay 55 ms, IGT 1:36:34.966, RTA 3:59:14.555-3:59:14.610
Tick 116025(115925), Delay 62 ms, IGT 1:36:35.016, RTA 3:59:14.610-3:59:14.672
Tick 116026(115926), Delay 30 ms, IGT 1:36:35.066, RTA 3:59:14.672-3:59:14.702
Tick 116027(115927), Delay 59 ms, IGT 1:36:35.116, RTA 3:59:14.702-3:59:14.761
Tick 116028(115928), Delay 62 ms, IGT 1:36:35.166, RTA 3:59:14.761-3:59:14.823
Tick 116029(115929), Delay 31 ms, IGT 1:36:35.216, RTA 3:59:14.823-3:59:14.854
Tick 116030(115930), Delay 57 ms, IGT 1:36:35.266, RTA 3:59:14.854-3:59:14.911
Tick 116031(115931), Delay 61 ms, IGT 1:36:35.316, RTA 3:59:14.911-3:59:14.972
Tick 116032(115932), Delay 30 ms, IGT 1:36:35.366, RTA 3:59:14.972-3:59:15.002
Tick 116033(115933), Delay 59 ms, IGT 1:36:35.416, RTA 3:59:15.002-3:59:15.061
Tick 116034(115934), Delay 60 ms, IGT 1:36:35.466, RTA 3:59:15.061-3:59:15.121
Tick 116035(115935), Delay 30 ms, IGT 1:36:35.516, RTA 3:59:15.121-3:59:15.151
Tick 116036(115936), Delay 60 ms, IGT 1:36:35.566, RTA 3:59:15.151-3:59:15.211
Tick 116037(115937), Delay 61 ms, IGT 1:36:35.616, RTA 3:59:15.211-3:59:15.272
Tick 116038(115938), Delay 31 ms, IGT 1:36:35.666, RTA 3:59:15.272-3:59:15.303
Tick 116039(115939), Delay 62 ms, IGT 1:36:35.716, RTA 3:59:15.303-3:59:15.365
Tick 116040(115940), Delay 60 ms, IGT 1:36:35.766, RTA 3:59:15.365-3:59:15.425
Tick 116041(115941), Delay 31 ms, IGT 1:36:35.816, RTA 3:59:15.425-3:59:15.456
Tick 116042(115942), Delay 64 ms, IGT 1:36:35.866, RTA 3:59:15.456-3:59:15.520
Tick 116043(115943), Delay 31 ms, IGT 1:36:35.916, RTA 3:59:15.520-3:59:15.551
Tick 116044(115944), Delay 59 ms, IGT 1:36:35.966, RTA 3:59:15.551-3:59:15.610
Tick 116045(115945), Delay 61 ms, IGT 1:36:36.016, RTA 3:59:15.610-3:59:15.671
Tick 116046(115946), Delay 31 ms, IGT 1:36:36.066, RTA 3:59:15.671-3:59:15.702
Tick 116047(115947), Delay 61 ms, IGT 1:36:36.116, RTA 3:59:15.702-3:59:15.763
Tick 116049(115949), Delay 61 ms, IGT 1:36:36.216, RTA 3:59:15.811-3:59:15.872
Tick 116050(115950), Delay 31 ms, IGT 1:36:36.266, RTA 3:59:15.872-3:59:15.903
Tick 116051(115951), Delay 60 ms, IGT 1:36:36.316, RTA 3:59:15.903-3:59:15.963
Tick 116052(115952), Delay 62 ms, IGT 1:36:36.366, RTA 3:59:15.963-3:59:16.025
Tick 116053(115953), Delay 30 ms, IGT 1:36:36.416, RTA 3:59:16.025-3:59:16.055
Tick 116054(115954), Delay 56 ms, IGT 1:36:36.466, RTA 3:59:16.055-3:59:16.111
Tick 116055(115955), Delay 61 ms, IGT 1:36:36.516, RTA 3:59:16.111-3:59:16.172
Tick 116056(115956), Delay 30 ms, IGT 1:36:36.566, RTA 3:59:16.172-3:59:16.202
Tick 116057(115957), Delay 59 ms, IGT 1:36:36.616, RTA 3:59:16.202-3:59:16.261
Tick 116058(115958), Delay 61 ms, IGT 1:36:36.666, RTA 3:59:16.261-3:59:16.322
Tick 116059(115959), Delay 30 ms, IGT 1:36:36.716, RTA 3:59:16.322-3:59:16.352
Tick 116060(115960), Delay 62 ms, IGT 1:36:36.766, RTA 3:59:16.352-3:59:16.414
Tick 116061(115961), Delay 61 ms, IGT 1:36:36.816, RTA 3:59:16.414-3:59:16.475
Tick 116062(115962), Delay 31 ms, IGT 1:36:36.866, RTA 3:59:16.475-3:59:16.506
Tick 116063(115963), Delay 65 ms, IGT 1:36:36.916, RTA 3:59:16.506-3:59:16.571
Tick 116064(115964), Delay 30 ms, IGT 1:36:36.966, RTA 3:59:16.571-3:59:16.601
Tick 116065(115965), Delay 70 ms, IGT 1:36:37.016, RTA 3:59:16.601-3:59:16.671
Tick 116066(115966), Delay 30 ms, IGT 1:36:37.066, RTA 3:59:16.671-3:59:16.701
Tick 116067(115967), Delay 71 ms, IGT 1:36:37.116, RTA 3:59:16.701-3:59:16.772
Tick 116068(115968), Delay 32 ms, IGT 1:36:37.166, RTA 3:59:16.772-3:59:16.804
Tick 116069(115969), Delay 61 ms, IGT 1:36:37.216, RTA 3:59:16.804-3:59:16.865
Tick 116070(115970), Delay 61 ms, IGT 1:36:37.266, RTA 3:59:16.865-3:59:16.926
Tick 116071(115971), Delay 31 ms, IGT 1:36:37.316, RTA 3:59:16.926-3:59:16.957
Tick 116073(115973), Delay 60 ms, IGT 1:36:37.416, RTA 3:59:17.011-3:59:17.071
Tick 116074(115974), Delay 31 ms, IGT 1:36:37.466, RTA 3:59:17.071-3:59:17.102
Tick 116075(115975), Delay 59 ms, IGT 1:36:37.516, RTA 3:59:17.102-3:59:17.161
Tick 116076(115976), Delay 61 ms, IGT 1:36:37.566, RTA 3:59:17.161-3:59:17.222
Tick 116077(115977), Delay 30 ms, IGT 1:36:37.616, RTA 3:59:17.222-3:59:17.252
Tick 116078(115978), Delay 59 ms, IGT 1:36:37.666, RTA 3:59:17.252-3:59:17.311
Tick 116079(115979), Delay 66 ms, IGT 1:36:37.716, RTA 3:59:17.311-3:59:17.377
Tick 116080(115980), Delay 31 ms, IGT 1:36:37.766, RTA 3:59:17.377-3:59:17.408
Tick 116082(115982), Delay 63 ms, IGT 1:36:37.866, RTA 3:59:17.462-3:59:17.525
Tick 116083(115983), Delay 33 ms, IGT 1:36:37.916, RTA 3:59:17.525-3:59:17.558
Tick 116085(115985), Delay 62 ms, IGT 1:36:38.016, RTA 3:59:17.610-3:59:17.672
Tick 116086(115986), Delay 31 ms, IGT 1:36:38.066, RTA 3:59:17.672-3:59:17.703
Tick 116087(115987), Delay 58 ms, IGT 1:36:38.116, RTA 3:59:17.703-3:59:17.761
Tick 116088(115988), Delay 61 ms, IGT 1:36:38.166, RTA 3:59:17.761-3:59:17.822
Tick 116089(115989), Delay 31 ms, IGT 1:36:38.216, RTA 3:59:17.822-3:59:17.853
Tick 116090(115990), Delay 61 ms, IGT 1:36:38.266, RTA 3:59:17.853-3:59:17.914
Tick 116091(115991), Delay 61 ms, IGT 1:36:38.316, RTA 3:59:17.914-3:59:17.975
Tick 116092(115992), Delay 30 ms, IGT 1:36:38.366, RTA 3:59:17.975-3:59:18.005
Tick 116093(115993), Delay 57 ms, IGT 1:36:38.416, RTA 3:59:18.005-3:59:18.062
Tick 116094(115994), Delay 62 ms, IGT 1:36:38.466, RTA 3:59:18.062-3:59:18.124
Tick 116095(115995), Delay 30 ms, IGT 1:36:38.516, RTA 3:59:18.124-3:59:18.154
Tick 116096(115996), Delay 57 ms, IGT 1:36:38.566, RTA 3:59:18.154-3:59:18.211
Tick 116097(115997), Delay 61 ms, IGT 1:36:38.616, RTA 3:59:18.211-3:59:18.272
Tick 116098(115998), Delay 30 ms, IGT 1:36:38.666, RTA 3:59:18.272-3:59:18.302
Tick 116099(115999), Delay 62 ms, IGT 1:36:38.716, RTA 3:59:18.302-3:59:18.364
Tick 116100(116000), Delay 61 ms, IGT 1:36:38.766, RTA 3:59:18.364-3:59:18.425
Tick 116101(116001), Delay 31 ms, IGT 1:36:38.816, RTA 3:59:18.425-3:59:18.456
Tick 116102(116002), Delay 61 ms, IGT 1:36:38.866, RTA 3:59:18.456-3:59:18.517
Tick 116103(116003), Delay 31 ms, IGT 1:36:38.916, RTA 3:59:18.517-3:59:18.548
Tick 116104(116004), Delay 62 ms, IGT 1:36:38.966, RTA 3:59:18.548-3:59:18.610
Tick 116106(116006), Delay 61 ms, IGT 1:36:39.066, RTA 3:59:18.661-3:59:18.722
Tick 116107(116007), Delay 32 ms, IGT 1:36:39.116, RTA 3:59:18.722-3:59:18.754
Tick 116108(116008), Delay 57 ms, IGT 1:36:39.166, RTA 3:59:18.754-3:59:18.811
Tick 116109(116009), Delay 61 ms, IGT 1:36:39.216, RTA 3:59:18.811-3:59:18.872
Tick 116110(116010), Delay 30 ms, IGT 1:36:39.266, RTA 3:59:18.872-3:59:18.902
Tick 116111(116011), Delay 61 ms, IGT 1:36:39.316, RTA 3:59:18.902-3:59:18.963
Tick 116112(116012), Delay 61 ms, IGT 1:36:39.366, RTA 3:59:18.963-3:59:19.024
Tick 116113(116013), Delay 30 ms, IGT 1:36:39.416, RTA 3:59:19.024-3:59:19.054
Tick 116114(116014), Delay 61 ms, IGT 1:36:39.466, RTA 3:59:19.054-3:59:19.115
Tick 116115(116015), Delay 62 ms, IGT 1:36:39.516, RTA 3:59:19.115-3:59:19.177
Tick 116116(116016), Delay 31 ms, IGT 1:36:39.566, RTA 3:59:19.177-3:59:19.208
Tick 116118(116018), Delay 61 ms, IGT 1:36:39.666, RTA 3:59:19.261-3:59:19.322
Tick 116119(116019), Delay 32 ms, IGT 1:36:39.716, RTA 3:59:19.322-3:59:19.354
Tick 116120(116020), Delay 61 ms, IGT 1:36:39.766, RTA 3:59:19.354-3:59:19.415
Tick 116121(116021), Delay 61 ms, IGT 1:36:39.816, RTA 3:59:19.415-3:59:19.476
Tick 116122(116022), Delay 30 ms, IGT 1:36:39.866, RTA 3:59:19.476-3:59:19.506
Tick 116123(116023), Delay 62 ms, IGT 1:36:39.916, RTA 3:59:19.506-3:59:19.568
Tick 116124(116024), Delay 34 ms, IGT 1:36:39.966, RTA 3:59:19.568-3:59:19.602
Tick 116125(116025), Delay 69 ms, IGT 1:36:40.016, RTA 3:59:19.602-3:59:19.671
Tick 116126(116026), Delay 30 ms, IGT 1:36:40.066, RTA 3:59:19.671-3:59:19.701
Tick 116127(116027), Delay 60 ms, IGT 1:36:40.116, RTA 3:59:19.701-3:59:19.761
Tick 116128(116028), Delay 61 ms, IGT 1:36:40.166, RTA 3:59:19.761-3:59:19.822
Tick 116129(116029), Delay 30 ms, IGT 1:36:40.216, RTA 3:59:19.822-3:59:19.852
Tick 116130(116030), Delay 61 ms, IGT 1:36:40.266, RTA 3:59:19.852-3:59:19.913
Tick 116131(116031), Delay 62 ms, IGT 1:36:40.316, RTA 3:59:19.913-3:59:19.975
Tick 116132(116032), Delay 31 ms, IGT 1:36:40.366, RTA 3:59:19.975-3:59:20.006
Tick 116133(116033), Delay 61 ms, IGT 1:36:40.416, RTA 3:59:20.006-3:59:20.067
Tick 116134(116034), Delay 31 ms, IGT 1:36:40.466, RTA 3:59:20.067-3:59:20.098
Tick 116135(116035), Delay 61 ms, IGT 1:36:40.516, RTA 3:59:20.098-3:59:20.159
Tick 116136(116036), Delay 60 ms, IGT 1:36:40.566, RTA 3:59:20.159-3:59:20.219
Tick 116137(116037), Delay 31 ms, IGT 1:36:40.616, RTA 3:59:20.219-3:59:20.250
Tick 116138(116038), Delay 61 ms, IGT 1:36:40.666, RTA 3:59:20.250-3:59:20.311
Tick 116139(116039), Delay 62 ms, IGT 1:36:40.716, RTA 3:59:20.311-3:59:20.373
Tick 116140(116040), Delay 31 ms, IGT 1:36:40.766, RTA 3:59:20.373-3:59:20.404
Tick 116141(116041), Delay 60 ms, IGT 1:36:40.816, RTA 3:59:20.404-3:59:20.464
Tick 116142(116042), Delay 61 ms, IGT 1:36:40.866, RTA 3:59:20.464-3:59:20.525
Tick 116143(116043), Delay 31 ms, IGT 1:36:40.916, RTA 3:59:20.525-3:59:20.556
Tick 116145(116045), Delay 62 ms, IGT 1:36:41.016, RTA 3:59:20.610-3:59:20.672
Tick 116146(116046), Delay 32 ms, IGT 1:36:41.066, RTA 3:59:20.672-3:59:20.704
Tick 116147(116047), Delay 60 ms, IGT 1:36:41.116, RTA 3:59:20.704-3:59:20.764
Tick 116148(116048), Delay 61 ms, IGT 1:36:41.166, RTA 3:59:20.764-3:59:20.825
Tick 116149(116049), Delay 31 ms, IGT 1:36:41.216, RTA 3:59:20.825-3:59:20.856
Tick 116150(116050), Delay 62 ms, IGT 1:36:41.266, RTA 3:59:20.856-3:59:20.918
Tick 116151(116051), Delay 31 ms, IGT 1:36:41.316, RTA 3:59:20.918-3:59:20.949
Tick 116152(116052), Delay 61 ms, IGT 1:36:41.366, RTA 3:59:20.949-3:59:21.010
Tick 116153(116053), Delay 61 ms, IGT 1:36:41.416, RTA 3:59:21.010-3:59:21.071
Tick 116154(116054), Delay 31 ms, IGT 1:36:41.466, RTA 3:59:21.071-3:59:21.102
Tick 116155(116055), Delay 61 ms, IGT 1:36:41.516, RTA 3:59:21.102-3:59:21.163
Tick 116156(116056), Delay 61 ms, IGT 1:36:41.566, RTA 3:59:21.163-3:59:21.224
Tick 116157(116057), Delay 31 ms, IGT 1:36:41.616, RTA 3:59:21.224-3:59:21.255
Tick 116158(116058), Delay 61 ms, IGT 1:36:41.666, RTA 3:59:21.255-3:59:21.316
Tick 116159(116059), Delay 31 ms, IGT 1:36:41.716, RTA 3:59:21.316-3:59:21.347
Tick 116160(116060), Delay 61 ms, IGT 1:36:41.766, RTA 3:59:21.347-3:59:21.408
Tick 116161(116061), Delay 61 ms, IGT 1:36:41.816, RTA 3:59:21.408-3:59:21.469
Tick 116162(116062), Delay 30 ms, IGT 1:36:41.866, RTA 3:59:21.469-3:59:21.499
Tick 116163(116063), Delay 61 ms, IGT 1:36:41.916, RTA 3:59:21.499-3:59:21.560
Tick 116166(116066), Delay 63 ms, IGT 1:36:42.066, RTA 3:59:21.661-3:59:21.724
Tick 116167(116067), Delay 31 ms, IGT 1:36:42.116, RTA 3:59:21.724-3:59:21.755
Tick 116168(116068), Delay 56 ms, IGT 1:36:42.166, RTA 3:59:21.755-3:59:21.811
Tick 116169(116069), Delay 62 ms, IGT 1:36:42.216, RTA 3:59:21.811-3:59:21.873
Tick 116170(116070), Delay 31 ms, IGT 1:36:42.266, RTA 3:59:21.873-3:59:21.904
Tick 116171(116071), Delay 57 ms, IGT 1:36:42.316, RTA 3:59:21.904-3:59:21.961
Tick 116172(116072), Delay 61 ms, IGT 1:36:42.366, RTA 3:59:21.961-3:59:22.022
Tick 116173(116073), Delay 30 ms, IGT 1:36:42.416, RTA 3:59:22.022-3:59:22.052
Tick 116174(116074), Delay 59 ms, IGT 1:36:42.466, RTA 3:59:22.052-3:59:22.111
Tick 116175(116075), Delay 61 ms, IGT 1:36:42.516, RTA 3:59:22.111-3:59:22.172
Tick 116176(116076), Delay 32 ms, IGT 1:36:42.566, RTA 3:59:22.172-3:59:22.204
Tick 116177(116077), Delay 57 ms, IGT 1:36:42.616, RTA 3:59:22.204-3:59:22.261
Tick 116178(116078), Delay 61 ms, IGT 1:36:42.666, RTA 3:59:22.261-3:59:22.322
Tick 116179(116079), Delay 32 ms, IGT 1:36:42.716, RTA 3:59:22.322-3:59:22.354
Tick 116180(116080), Delay 57 ms, IGT 1:36:42.766, RTA 3:59:22.354-3:59:22.411
Tick 116181(116081), Delay 62 ms, IGT 1:36:42.816, RTA 3:59:22.411-3:59:22.473
Tick 116182(116082), Delay 32 ms, IGT 1:36:42.866, RTA 3:59:22.473-3:59:22.505
Tick 116183(116083), Delay 56 ms, IGT 1:36:42.916, RTA 3:59:22.505-3:59:22.561
Tick 116185(116085), Delay 61 ms, IGT 1:36:43.016, RTA 3:59:22.610-3:59:22.671
Tick 116186(116086), Delay 30 ms, IGT 1:36:43.066, RTA 3:59:22.671-3:59:22.701
Tick 116187(116087), Delay 72 ms, IGT 1:36:43.116, RTA 3:59:22.701-3:59:22.773
Tick 116188(116088), Delay 31 ms, IGT 1:36:43.166, RTA 3:59:22.773-3:59:22.804
Tick 116189(116089), Delay 57 ms, IGT 1:36:43.216, RTA 3:59:22.804-3:59:22.861
Tick 116190(116090), Delay 61 ms, IGT 1:36:43.266, RTA 3:59:22.861-3:59:22.922
Tick 116191(116091), Delay 31 ms, IGT 1:36:43.316, RTA 3:59:22.922-3:59:22.953
Tick 116192(116092), Delay 58 ms, IGT 1:36:43.366, RTA 3:59:22.953-3:59:23.011
Tick 116193(116093), Delay 61 ms, IGT 1:36:43.416, RTA 3:59:23.011-3:59:23.072
Tick 116194(116094), Delay 30 ms, IGT 1:36:43.466, RTA 3:59:23.072-3:59:23.102
Tick 116195(116095), Delay 59 ms, IGT 1:36:43.516, RTA 3:59:23.102-3:59:23.161
Tick 116196(116096), Delay 61 ms, IGT 1:36:43.566, RTA 3:59:23.161-3:59:23.222
Tick 116197(116097), Delay 31 ms, IGT 1:36:43.616, RTA 3:59:23.222-3:59:23.253
Tick 116198(116098), Delay 58 ms, IGT 1:36:43.666, RTA 3:59:23.253-3:59:23.311
Tick 116199(116099), Delay 62 ms, IGT 1:36:43.716, RTA 3:59:23.311-3:59:23.373
Tick 116200(116100), Delay 31 ms, IGT 1:36:43.766, RTA 3:59:23.373-3:59:23.404
Tick 116201(116101), Delay 57 ms, IGT 1:36:43.816, RTA 3:59:23.404-3:59:23.461
Tick 116202(116102), Delay 36 ms, IGT 1:36:43.866, RTA 3:59:23.461-3:59:23.497
Tick 116203(116103), Delay 58 ms, IGT 1:36:43.916, RTA 3:59:23.497-3:59:23.555
Tick 116204(116104), Delay 43 ms, IGT 1:36:43.966, RTA 3:59:23.555-3:59:23.598
Tick 116238(116138), Delay 55 ms, IGT 1:36:45.666, RTA 3:59:25.246-3:59:25.301
Tick 116455(116355), Delay 55 ms, IGT 1:36:56.516, RTA 3:59:36.097-3:59:36.152
Tick 116651(116551), Delay 55 ms, IGT 1:37:06.316, RTA 3:59:45.895-3:59:45.950
Tick 116876(116776), Delay 45 ms, IGT 1:37:17.566, RTA 3:59:57.151-3:59:57.196
Tick 117088(116988), Delay 1804 ms, IGT 1:37:28.166, RTA 4:00:07.747-4:00:09.551
Tick 117099(116999), Delay 12687 ms, IGT 1:37:28.716, RTA 4:00:10.051-4:00:22.738
Tick 117360(117260), Delay 57 ms, IGT 1:37:41.766, RTA 4:00:35.739-4:00:35.796
Tick 117361(117261), Delay 42 ms, IGT 1:37:41.816, RTA 4:00:35.796-4:00:35.838
Tick 117541(117441), Delay 55 ms, IGT 1:37:50.816, RTA 4:00:44.789-4:00:44.844
Tick 117542(117442), Delay 45 ms, IGT 1:37:50.866, RTA 4:00:44.844-4:00:44.889
Tick 117672(117572), Delay 58 ms, IGT 1:37:57.366, RTA 4:00:51.338-4:00:51.396
Tick 117673(117573), Delay 43 ms, IGT 1:37:57.416, RTA 4:00:51.396-4:00:51.439
Tick 117969(117869), Delay 56 ms, IGT 1:38:12.216, RTA 4:01:06.188-4:01:06.244
Tick 117971(117871), Delay 43 ms, IGT 1:38:12.316, RTA 4:01:06.295-4:01:06.338
Tick 118109(118009), Delay 55 ms, IGT 1:38:19.216, RTA 4:01:13.188-4:01:13.243
Tick 118424(118324), Delay 58 ms, IGT 1:38:34.966, RTA 4:01:28.939-4:01:28.997
Tick 118425(118325), Delay 42 ms, IGT 1:38:35.016, RTA 4:01:28.997-4:01:29.039
Tick 118453(118353), Delay 56 ms, IGT 1:38:36.416, RTA 4:01:30.389-4:01:30.445
Tick 118454(118354), Delay 44 ms, IGT 1:38:36.466, RTA 4:01:30.445-4:01:30.489
Tick 118470(118370), Delay 45 ms, IGT 1:38:37.266, RTA 4:01:31.243-4:01:31.288
Tick 118615(118515), Delay 55 ms, IGT 1:38:44.516, RTA 4:01:38.488-4:01:38.543
Tick 118690(118590), Delay 44 ms, IGT 1:38:48.266, RTA 4:01:42.245-4:01:42.289
Tick 118854(118754), Delay 45 ms, IGT 1:38:56.466, RTA 4:01:50.443-4:01:50.488
Tick 118855(118755), Delay 55 ms, IGT 1:38:56.516, RTA 4:01:50.488-4:01:50.543
Tick 118878(118778), Delay 56 ms, IGT 1:38:57.666, RTA 4:01:51.638-4:01:51.694
Tick 118879(118779), Delay 45 ms, IGT 1:38:57.716, RTA 4:01:51.694-4:01:51.739
Tick 118895(118795), Delay 55 ms, IGT 1:38:58.516, RTA 4:01:52.489-4:01:52.544
Tick 119159(119059), Delay 55 ms, IGT 1:39:11.716, RTA 4:02:05.688-4:02:05.743
Tick 119166(119066), Delay 55 ms, IGT 1:39:12.066, RTA 4:02:06.039-4:02:06.094
Tick 119168(119068), Delay 57 ms, IGT 1:39:12.166, RTA 4:02:06.140-4:02:06.197
Tick 119170(119070), Delay 45 ms, IGT 1:39:12.266, RTA 4:02:06.243-4:02:06.288
Tick 119176(119076), Delay 55 ms, IGT 1:39:12.566, RTA 4:02:06.539-4:02:06.594
Tick 119177(119077), Delay 45 ms, IGT 1:39:12.616, RTA 4:02:06.594-4:02:06.639
Tick 119217(119117), Delay 44 ms, IGT 1:39:14.616, RTA 4:02:08.594-4:02:08.638
Tick 119457(119357), Delay 45 ms, IGT 1:39:26.616, RTA 4:02:20.594-4:02:20.639
Tick 119751(119651), Delay 55 ms, IGT 1:39:41.316, RTA 4:02:35.288-4:02:35.343
Tick 119775(119675), Delay 55 ms, IGT 1:39:42.516, RTA 4:02:36.488-4:02:36.543
Tick 119909(119809), Delay 45 ms, IGT 1:39:49.216, RTA 4:02:43.194-4:02:43.239
Tick 119914(119814), Delay 44 ms, IGT 1:39:49.466, RTA 4:02:43.444-4:02:43.488
Tick 120224(120124), Delay 55 ms, IGT 1:40:04.966, RTA 4:02:58.938-4:02:58.993
Tick 120367(120267), Delay 56 ms, IGT 1:40:12.116, RTA 4:03:06.089-4:03:06.145
Tick 120373(120273), Delay 56 ms, IGT 1:40:12.416, RTA 4:03:06.389-4:03:06.445
Tick 120689(120589), Delay 45 ms, IGT 1:40:28.216, RTA 4:03:22.194-4:03:22.239
Tick 120908(120808), Delay 39622 ms, IGT 1:40:39.166, RTA 4:03:33.138-4:04:12.760
Tick 120977(120877), Delay 14850 ms, IGT 1:40:42.616, RTA 4:04:16.160-4:04:31.010
Tick 121049(120949), Delay 45 ms, IGT 1:40:46.216, RTA 4:04:34.566-4:04:34.611
Tick 121252(121152), Delay 55 ms, IGT 1:40:56.366, RTA 4:04:44.711-4:04:44.766
Tick 121253(121153), Delay 44 ms, IGT 1:40:56.416, RTA 4:04:44.766-4:04:44.810
Tick 121326(121226), Delay 55 ms, IGT 1:41:00.066, RTA 4:04:48.409-4:04:48.464
Tick 121495(121395), Delay 55 ms, IGT 1:41:08.516, RTA 4:04:56.859-4:04:56.914
Tick 121525(121425), Delay 57 ms, IGT 1:41:10.016, RTA 4:04:58.360-4:04:58.417
Tick 121526(121426), Delay 45 ms, IGT 1:41:10.066, RTA 4:04:58.417-4:04:58.462
Tick 121541(121441), Delay 45 ms, IGT 1:41:10.816, RTA 4:04:59.164-4:04:59.209
Tick 121654(121554), Delay 55 ms, IGT 1:41:16.466, RTA 4:05:04.809-4:05:04.864
Tick 121684(121584), Delay 3022 ms, IGT 1:41:17.966, RTA 4:05:06.309-4:05:09.331
Tick 122408(122308), Delay 55 ms, IGT 1:41:54.166, RTA 4:05:45.482-4:05:45.537
Tick 122409(122309), Delay 45 ms, IGT 1:41:54.216, RTA 4:05:45.537-4:05:45.582
Tick 122761(122661), Delay 55 ms, IGT 1:42:11.816, RTA 4:06:03.130-4:06:03.185
Tick 122809(122709), Delay 45 ms, IGT 1:42:14.216, RTA 4:06:05.535-4:06:05.580
Tick 122820(122720), Delay 56 ms, IGT 1:42:14.766, RTA 4:06:06.081-4:06:06.137
Tick 122956(122856), Delay 45 ms, IGT 1:42:21.566, RTA 4:06:12.886-4:06:12.931
Tick 122994(122894), Delay 55 ms, IGT 1:42:23.466, RTA 4:06:14.781-4:06:14.836
Tick 122995(122895), Delay 45 ms, IGT 1:42:23.516, RTA 4:06:14.836-4:06:14.881
Tick 123481(123381), Delay 58 ms, IGT 1:42:47.816, RTA 4:06:39.130-4:06:39.188
Tick 123482(123382), Delay 44 ms, IGT 1:42:47.866, RTA 4:06:39.188-4:06:39.232
Tick 123728(123628), Delay 45 ms, IGT 1:43:00.166, RTA 4:06:51.486-4:06:51.531
Tick 124564(124464), Delay 45 ms, IGT 1:43:41.966, RTA 4:07:33.285-4:07:33.330
Tick 124602(124502), Delay 5489 ms, IGT 1:43:43.866, RTA 4:07:35.180-4:07:40.669
Tick 124653(124553), Delay 56 ms, IGT 1:43:46.416, RTA 4:07:43.168-4:07:43.224
Tick 124673(124573), Delay 55 ms, IGT 1:43:47.416, RTA 4:07:44.168-4:07:44.223
Tick 125054(124954), Delay 17119 ms, IGT 1:44:06.466, RTA 4:08:03.219-4:08:20.338
Tick 125090(124990), Delay 60 ms, IGT 1:44:08.266, RTA 4:08:22.088-4:08:22.148
Tick 125091(124991), Delay 40 ms, IGT 1:44:08.316, RTA 4:08:22.148-4:08:22.188
Tick 125097(124997), Delay 47455 ms, IGT 1:44:08.616, RTA 4:08:22.437-4:09:09.892
Tick 125196(125096), Delay 14606 ms, IGT 1:44:13.566, RTA 4:09:14.793-4:09:29.399
Tick 125211(125111), Delay 8650 ms, IGT 1:44:14.316, RTA 4:09:30.100-4:09:38.750
Tick 125245(125145), Delay 3671 ms, IGT 1:44:16.016, RTA 4:09:40.400-4:09:44.071
Tick 125356(125256), Delay 9600 ms, IGT 1:44:21.566, RTA 4:09:49.571-4:09:59.171
Tick 125376(125276), Delay 55 ms, IGT 1:44:22.566, RTA 4:10:00.120-4:10:00.175
Tick 125483(125383), Delay 4402 ms, IGT 1:44:27.916, RTA 4:10:05.471-4:10:09.873
Tick 125578(125478), Delay 45 ms, IGT 1:44:32.666, RTA 4:10:14.576-4:10:14.621
Tick 125691(125591), Delay 45 ms, IGT 1:44:38.316, RTA 4:10:20.226-4:10:20.271
Tick 125718(125617), Delay 11104 ms, IGT 1:44:39.616, RTA 4:10:21.572-4:10:32.676
Tick 125719(125617), Delay 282926 ms, IGT 1:44:39.616, RTA 4:10:32.676-4:15:15.602
Tick 125720(125617), Delay 84 ms, IGT 1:44:39.616, RTA 4:15:15.602-4:15:15.686, due world load
Tick 125721(125617), Delay 0 ms, IGT 1:44:39.616, RTA 4:15:15.686-4:15:15.686, due world load
Tick 125723(125619), Delay 45 ms, IGT 1:44:39.714, RTA 4:15:15.738-4:15:15.783
Tick 125795(125691), Delay 88 ms, IGT 1:44:43.314, RTA 4:15:19.335-4:15:19.423
Tick 125796(125692), Delay 10 ms, IGT 1:44:43.364, RTA 4:15:19.423-4:15:19.433
Tick 126039(125935), Delay 63 ms, IGT 1:44:55.514, RTA 4:15:31.535-4:15:31.598
Tick 126040(125936), Delay 36 ms, IGT 1:44:55.564, RTA 4:15:31.598-4:15:31.634
Tick 126411(126307), Delay 55 ms, IGT 1:45:14.114, RTA 4:15:50.134-4:15:50.189
Tick 126412(126308), Delay 44 ms, IGT 1:45:14.164, RTA 4:15:50.189-4:15:50.233
Tick 126461(126357), Delay 55 ms, IGT 1:45:16.614, RTA 4:15:52.633-4:15:52.688
Tick 126521(126417), Delay 56 ms, IGT 1:45:19.614, RTA 4:15:55.633-4:15:55.689
Tick 126522(126418), Delay 44 ms, IGT 1:45:19.664, RTA 4:15:55.689-4:15:55.733
Tick 126725(126621), Delay 56 ms, IGT 1:45:29.814, RTA 4:16:05.834-4:16:05.890
Tick 126726(126622), Delay 45 ms, IGT 1:45:29.864, RTA 4:16:05.890-4:16:05.935
Tick 126754(126650), Delay 55 ms, IGT 1:45:31.264, RTA 4:16:07.283-4:16:07.338
Tick 126805(126701), Delay 55 ms, IGT 1:45:33.814, RTA 4:16:09.833-4:16:09.888
Tick 126861(126757), Delay 56 ms, IGT 1:45:36.614, RTA 4:16:12.636-4:16:12.692
Tick 126862(126758), Delay 42 ms, IGT 1:45:36.664, RTA 4:16:12.692-4:16:12.734
Tick 127186(127082), Delay 45 ms, IGT 1:45:52.864, RTA 4:16:28.888-4:16:28.933
Tick 127362(127258), Delay 56 ms, IGT 1:46:01.664, RTA 4:16:37.685-4:16:37.741
Tick 127363(127259), Delay 43 ms, IGT 1:46:01.714, RTA 4:16:37.741-4:16:37.784
Tick 127957(127853), Delay 55 ms, IGT 1:46:31.414, RTA 4:17:07.434-4:17:07.489
Tick 128090(127986), Delay 1970 ms, IGT 1:46:38.064, RTA 4:17:14.084-4:17:16.054
Tick 128133(128029), Delay 45 ms, IGT 1:46:40.214, RTA 4:17:18.159-4:17:18.204
Tick 129093(128989), Delay 55 ms, IGT 1:47:28.214, RTA 4:18:06.153-4:18:06.208
Tick 129349(129245), Delay 55 ms, IGT 1:47:41.014, RTA 4:18:18.953-4:18:19.008
Tick 129350(129246), Delay 45 ms, IGT 1:47:41.064, RTA 4:18:19.008-4:18:19.053
Tick 129535(129431), Delay 45 ms, IGT 1:47:50.314, RTA 4:18:28.258-4:18:28.303
Tick 129633(129529), Delay 55 ms, IGT 1:47:55.214, RTA 4:18:33.153-4:18:33.208
Tick 129769(129665), Delay 45 ms, IGT 1:48:02.014, RTA 4:18:39.958-4:18:40.003
Tick 129820(129716), Delay 56 ms, IGT 1:48:04.564, RTA 4:18:42.505-4:18:42.561
Tick 129821(129717), Delay 44 ms, IGT 1:48:04.614, RTA 4:18:42.561-4:18:42.605
Tick 129849(129745), Delay 55 ms, IGT 1:48:06.014, RTA 4:18:43.953-4:18:44.008
Tick 129974(129870), Delay 45 ms, IGT 1:48:12.264, RTA 4:18:50.208-4:18:50.253
Tick 130058(129954), Delay 45 ms, IGT 1:48:16.464, RTA 4:18:54.408-4:18:54.453
Tick 130203(130099), Delay 45 ms, IGT 1:48:23.714, RTA 4:19:01.658-4:19:01.703
Tick 130322(130218), Delay 55 ms, IGT 1:48:29.664, RTA 4:19:07.605-4:19:07.660
Tick 130325(130221), Delay 44 ms, IGT 1:48:29.814, RTA 4:19:07.760-4:19:07.804
Tick 130440(130336), Delay 45 ms, IGT 1:48:35.564, RTA 4:19:13.508-4:19:13.553
Tick 130550(130446), Delay 44 ms, IGT 1:48:41.064, RTA 4:19:19.009-4:19:19.053
Tick 130579(130475), Delay 45 ms, IGT 1:48:42.514, RTA 4:19:20.458-4:19:20.503
Tick 130921(130817), Delay 55 ms, IGT 1:48:59.614, RTA 4:19:37.553-4:19:37.608
Tick 130982(130878), Delay 55 ms, IGT 1:49:02.664, RTA 4:19:40.603-4:19:40.658
Tick 130983(130879), Delay 45 ms, IGT 1:49:02.714, RTA 4:19:40.658-4:19:40.703
Tick 131068(130964), Delay 44 ms, IGT 1:49:06.964, RTA 4:19:44.910-4:19:44.954
Tick 131247(131143), Delay 45 ms, IGT 1:49:15.914, RTA 4:19:53.858-4:19:53.903
Tick 131419(131315), Delay 45 ms, IGT 1:49:24.514, RTA 4:20:02.458-4:20:02.503
Tick 131434(131330), Delay 56 ms, IGT 1:49:25.264, RTA 4:20:03.203-4:20:03.259
Tick 131435(131331), Delay 45 ms, IGT 1:49:25.314, RTA 4:20:03.259-4:20:03.304
Tick 131439(131335), Delay 55 ms, IGT 1:49:25.514, RTA 4:20:03.453-4:20:03.508
Tick 131563(131459), Delay 55 ms, IGT 1:49:31.714, RTA 4:20:09.653-4:20:09.708
Tick 131648(131544), Delay 56 ms, IGT 1:49:35.964, RTA 4:20:13.903-4:20:13.959
Tick 131709(131605), Delay 45 ms, IGT 1:49:39.014, RTA 4:20:16.958-4:20:17.003
Tick 131717(131613), Delay 55 ms, IGT 1:49:39.414, RTA 4:20:17.355-4:20:17.410
Tick 131833(131729), Delay 56 ms, IGT 1:49:45.214, RTA 4:20:23.153-4:20:23.209
Tick 131993(131889), Delay 56 ms, IGT 1:49:53.214, RTA 4:20:31.154-4:20:31.210
Tick 132028(131924), Delay 55 ms, IGT 1:49:54.964, RTA 4:20:32.904-4:20:32.959
Tick 132073(131969), Delay 55 ms, IGT 1:49:57.214, RTA 4:20:35.153-4:20:35.208
Tick 132302(132198), Delay 45 ms, IGT 1:50:08.664, RTA 4:20:46.608-4:20:46.653
Tick 132814(132710), Delay 45 ms, IGT 1:50:34.264, RTA 4:21:12.208-4:21:12.253
Tick 132866(132762), Delay 55 ms, IGT 1:50:36.864, RTA 4:21:14.805-4:21:14.860
Tick 132867(132763), Delay 45 ms, IGT 1:50:36.914, RTA 4:21:14.860-4:21:14.905
Tick 132933(132829), Delay 45 ms, IGT 1:50:40.214, RTA 4:21:18.159-4:21:18.204
Tick 133101(132997), Delay 55 ms, IGT 1:50:48.614, RTA 4:21:26.555-4:21:26.610
Tick 133102(132998), Delay 45 ms, IGT 1:50:48.664, RTA 4:21:26.610-4:21:26.655
Tick 133273(133169), Delay 57 ms, IGT 1:50:57.214, RTA 4:21:35.153-4:21:35.210
Tick 133328(133224), Delay 55 ms, IGT 1:50:59.964, RTA 4:21:37.905-4:21:37.960
Tick 133357(133253), Delay 55 ms, IGT 1:51:01.414, RTA 4:21:39.354-4:21:39.409
Tick 133431(133327), Delay 55 ms, IGT 1:51:05.114, RTA 4:21:43.053-4:21:43.108
Tick 133452(133348), Delay 45 ms, IGT 1:51:06.164, RTA 4:21:44.108-4:21:44.153
Tick 133460(133356), Delay 43 ms, IGT 1:51:06.564, RTA 4:21:44.510-4:21:44.553
Tick 133464(133360), Delay 45 ms, IGT 1:51:06.764, RTA 4:21:44.708-4:21:44.753
Tick 133763(133659), Delay 55 ms, IGT 1:51:21.714, RTA 4:21:59.653-4:21:59.708
Tick 133875(133771), Delay 55 ms, IGT 1:51:27.314, RTA 4:22:05.253-4:22:05.308
Tick 133934(133830), Delay 56 ms, IGT 1:51:30.264, RTA 4:22:08.205-4:22:08.261
Tick 133936(133832), Delay 45 ms, IGT 1:51:30.364, RTA 4:22:08.311-4:22:08.356
Tick 133938(133834), Delay 57 ms, IGT 1:51:30.464, RTA 4:22:08.403-4:22:08.460
Tick 133939(133835), Delay 44 ms, IGT 1:51:30.514, RTA 4:22:08.460-4:22:08.504
Tick 133942(133838), Delay 55 ms, IGT 1:51:30.664, RTA 4:22:08.603-4:22:08.658
Tick 133972(133868), Delay 45 ms, IGT 1:51:32.164, RTA 4:22:10.109-4:22:10.154
Tick 134005(133901), Delay 45 ms, IGT 1:51:33.814, RTA 4:22:11.759-4:22:11.804
Tick 134029(133925), Delay 45 ms, IGT 1:51:35.014, RTA 4:22:12.959-4:22:13.004
Tick 134032(133928), Delay 56 ms, IGT 1:51:35.164, RTA 4:22:13.107-4:22:13.163
Tick 134034(133930), Delay 45 ms, IGT 1:51:35.264, RTA 4:22:13.209-4:22:13.254
Tick 134412(134308), Delay 45 ms, IGT 1:51:54.164, RTA 4:22:32.108-4:22:32.153
Tick 134573(134469), Delay 45 ms, IGT 1:52:02.214, RTA 4:22:40.158-4:22:40.203
Tick 134585(134481), Delay 45 ms, IGT 1:52:02.814, RTA 4:22:40.759-4:22:40.804
Tick 135512(135408), Delay 55 ms, IGT 1:52:49.164, RTA 4:23:27.105-4:23:27.160
Tick 135628(135524), Delay 78 ms, IGT 1:52:54.964, RTA 4:23:32.905-4:23:32.983
Tick 135629(135525), Delay 31 ms, IGT 1:52:55.014, RTA 4:23:32.983-4:23:33.014
Tick 135630(135526), Delay 61 ms, IGT 1:52:55.064, RTA 4:23:33.014-4:23:33.075
Tick 135631(135527), Delay 31 ms, IGT 1:52:55.114, RTA 4:23:33.075-4:23:33.106
Tick 135988(135884), Delay 56 ms, IGT 1:53:12.964, RTA 4:23:50.904-4:23:50.960
Tick 135989(135885), Delay 44 ms, IGT 1:53:13.014, RTA 4:23:50.960-4:23:51.004
Tick 136008(135904), Delay 6796 ms, IGT 1:53:13.964, RTA 4:23:51.906-4:23:58.702
Tick 137636(137532), Delay 5502 ms, IGT 1:54:35.364, RTA 4:25:20.053-4:25:25.555
Tick 137729(137625), Delay 5882 ms, IGT 1:54:40.014, RTA 4:25:30.157-4:25:36.039
Tick 137836(137732), Delay 2756 ms, IGT 1:54:45.364, RTA 4:25:41.341-4:25:44.097
Tick 138399(138295), Delay 45 ms, IGT 1:55:13.514, RTA 4:26:12.203-4:26:12.248
Tick 138505(138401), Delay 55 ms, IGT 1:55:18.814, RTA 4:26:17.498-4:26:17.553
Tick 138535(138431), Delay 55 ms, IGT 1:55:20.314, RTA 4:26:19.000-4:26:19.055
Tick 138536(138432), Delay 45 ms, IGT 1:55:20.364, RTA 4:26:19.055-4:26:19.100
Tick 138591(138487), Delay 45 ms, IGT 1:55:23.114, RTA 4:26:21.803-4:26:21.848
Tick 139203(139099), Delay 57 ms, IGT 1:55:53.714, RTA 4:26:52.397-4:26:52.454
Tick 139204(139100), Delay 45 ms, IGT 1:55:53.764, RTA 4:26:52.454-4:26:52.499
Tick 139249(139145), Delay 55 ms, IGT 1:55:56.014, RTA 4:26:54.699-4:26:54.754
Tick 139250(139146), Delay 45 ms, IGT 1:55:56.064, RTA 4:26:54.754-4:26:54.799
Tick 139429(139325), Delay 45 ms, IGT 1:56:05.014, RTA 4:27:03.702-4:27:03.747
Tick 139440(139336), Delay 45 ms, IGT 1:56:05.564, RTA 4:27:04.253-4:27:04.298
Tick 140567(140463), Delay 5521 ms, IGT 1:57:01.914, RTA 4:28:00.601-4:28:06.122
Tick 140769(140665), Delay 3826 ms, IGT 1:57:12.014, RTA 4:28:16.174-4:28:20.000
Tick 140792(140688), Delay 55 ms, IGT 1:57:13.164, RTA 4:28:21.097-4:28:21.152
Tick 140818(140714), Delay 5568 ms, IGT 1:57:14.464, RTA 4:28:22.399-4:28:27.967
Tick 140970(140866), Delay 45 ms, IGT 1:57:22.064, RTA 4:28:35.524-4:28:35.569
Tick 140984(140880), Delay 45 ms, IGT 1:57:22.764, RTA 4:28:36.223-4:28:36.268
Tick 141040(140936), Delay 55 ms, IGT 1:57:25.564, RTA 4:28:39.017-4:28:39.072
Tick 141068(140964), Delay 15122 ms, IGT 1:57:26.964, RTA 4:28:40.422-4:28:55.544
Tick 141244(141140), Delay 57 ms, IGT 1:57:35.764, RTA 4:29:04.293-4:29:04.350
Tick 141245(141141), Delay 44 ms, IGT 1:57:35.814, RTA 4:29:04.350-4:29:04.394
Tick 141749(141645), Delay 55 ms, IGT 1:58:01.014, RTA 4:29:29.543-4:29:29.598
Tick 142062(141958), Delay 45 ms, IGT 1:58:16.664, RTA 4:29:45.198-4:29:45.243
Tick 142526(142422), Delay 55 ms, IGT 1:58:39.864, RTA 4:30:08.394-4:30:08.449
Tick 142612(142508), Delay 3884 ms, IGT 1:58:44.164, RTA 4:30:12.694-4:30:16.578
Tick 142618(142514), Delay 43 ms, IGT 1:58:44.464, RTA 4:30:16.834-4:30:16.877
Tick 142678(142574), Delay 45 ms, IGT 1:58:47.464, RTA 4:30:19.833-4:30:19.878
Tick 142809(142705), Delay 65363 ms, IGT 1:58:54.014, RTA 4:30:26.379-4:31:31.742
Tick 142847(142743), Delay 44 ms, IGT 1:58:55.914, RTA 4:31:33.596-4:31:33.640
Tick 142850(142746), Delay 56 ms, IGT 1:58:56.064, RTA 4:31:33.741-4:31:33.797
Tick 142851(142747), Delay 43 ms, IGT 1:58:56.114, RTA 4:31:33.797-4:31:33.840
Tick 142912(142808), Delay 58 ms, IGT 1:58:59.164, RTA 4:31:36.841-4:31:36.899
Tick 142913(142809), Delay 42 ms, IGT 1:58:59.214, RTA 4:31:36.899-4:31:36.941
Tick 142924(142820), Delay 45 ms, IGT 1:58:59.764, RTA 4:31:37.445-4:31:37.490
Tick 142931(142827), Delay 7378 ms, IGT 1:59:00.114, RTA 4:31:37.791-4:31:45.169
Tick 143525(143421), Delay 10425 ms, IGT 1:59:29.814, RTA 4:32:14.821-4:32:25.246
Tick 144158(144054), Delay 22396 ms, IGT 2:00:01.464, RTA 4:32:56.847-4:33:19.243
Tick 144758(144654), Delay 56 ms, IGT 2:00:31.464, RTA 4:33:49.193-4:33:49.249
Tick 144759(144655), Delay 45 ms, IGT 2:00:31.514, RTA 4:33:49.249-4:33:49.294
Tick 144849(144745), Delay 56 ms, IGT 2:00:36.014, RTA 4:33:53.744-4:33:53.800
Tick 144850(144746), Delay 44 ms, IGT 2:00:36.064, RTA 4:33:53.800-4:33:53.844
Tick 145288(145184), Delay 55 ms, IGT 2:00:57.964, RTA 4:34:15.692-4:34:15.747
Tick 145648(145544), Delay 45 ms, IGT 2:01:15.964, RTA 4:34:33.697-4:34:33.742
Tick 145678(145574), Delay 9520 ms, IGT 2:01:17.464, RTA 4:34:35.194-4:34:44.714
Tick 145782(145678), Delay 57 ms, IGT 2:01:22.664, RTA 4:34:49.862-4:34:49.919
Tick 145783(145679), Delay 72 ms, IGT 2:01:22.714, RTA 4:34:49.919-4:34:49.991
Tick 145785(145681), Delay 30 ms, IGT 2:01:22.814, RTA 4:34:50.038-4:34:50.068
Tick 145786(145682), Delay 61 ms, IGT 2:01:22.864, RTA 4:34:50.068-4:34:50.129
Tick 145787(145683), Delay 62 ms, IGT 2:01:22.914, RTA 4:34:50.129-4:34:50.191
Tick 145788(145684), Delay 31 ms, IGT 2:01:22.964, RTA 4:34:50.191-4:34:50.222
Tick 145789(145685), Delay 63 ms, IGT 2:01:23.014, RTA 4:34:50.222-4:34:50.285
Tick 145790(145686), Delay 31 ms, IGT 2:01:23.064, RTA 4:34:50.285-4:34:50.316
Tick 145791(145687), Delay 61 ms, IGT 2:01:23.114, RTA 4:34:50.316-4:34:50.377
Tick 145792(145688), Delay 61 ms, IGT 2:01:23.164, RTA 4:34:50.377-4:34:50.438
Tick 145794(145690), Delay 30 ms, IGT 2:01:23.264, RTA 4:34:50.489-4:34:50.519
Tick 145795(145691), Delay 61 ms, IGT 2:01:23.314, RTA 4:34:50.519-4:34:50.580
Tick 145796(145692), Delay 56 ms, IGT 2:01:23.364, RTA 4:34:50.580-4:34:50.636
Tick 145797(145693), Delay 30 ms, IGT 2:01:23.414, RTA 4:34:50.636-4:34:50.666
Tick 145798(145694), Delay 61 ms, IGT 2:01:23.464, RTA 4:34:50.666-4:34:50.727
Tick 145799(145695), Delay 60 ms, IGT 2:01:23.514, RTA 4:34:50.727-4:34:50.787
Tick 145800(145696), Delay 30 ms, IGT 2:01:23.564, RTA 4:34:50.787-4:34:50.817
Tick 145801(145697), Delay 61 ms, IGT 2:01:23.614, RTA 4:34:50.817-4:34:50.878
Tick 145802(145698), Delay 58 ms, IGT 2:01:23.664, RTA 4:34:50.878-4:34:50.936
Tick 145803(145699), Delay 33 ms, IGT 2:01:23.714, RTA 4:34:50.936-4:34:50.969
Tick 145804(145700), Delay 61 ms, IGT 2:01:23.764, RTA 4:34:50.969-4:34:51.030
Tick 145805(145701), Delay 56 ms, IGT 2:01:23.814, RTA 4:34:51.030-4:34:51.086
Tick 145806(145702), Delay 31 ms, IGT 2:01:23.864, RTA 4:34:51.086-4:34:51.117
Tick 145807(145703), Delay 60 ms, IGT 2:01:23.914, RTA 4:34:51.117-4:34:51.177
Tick 145808(145704), Delay 63 ms, IGT 2:01:23.964, RTA 4:34:51.177-4:34:51.240
Tick 145809(145705), Delay 30 ms, IGT 2:01:24.014, RTA 4:34:51.240-4:34:51.270
Tick 145810(145706), Delay 61 ms, IGT 2:01:24.064, RTA 4:34:51.270-4:34:51.331
Tick 145811(145707), Delay 61 ms, IGT 2:01:24.114, RTA 4:34:51.331-4:34:51.392
Tick 145812(145708), Delay 30 ms, IGT 2:01:24.164, RTA 4:34:51.392-4:34:51.422
Tick 145813(145709), Delay 61 ms, IGT 2:01:24.214, RTA 4:34:51.422-4:34:51.483
Tick 145814(145710), Delay 31 ms, IGT 2:01:24.264, RTA 4:34:51.483-4:34:51.514
Tick 145815(145711), Delay 61 ms, IGT 2:01:24.314, RTA 4:34:51.514-4:34:51.575
Tick 145816(145712), Delay 61 ms, IGT 2:01:24.364, RTA 4:34:51.575-4:34:51.636
Tick 145818(145714), Delay 31 ms, IGT 2:01:24.464, RTA 4:34:51.686-4:34:51.717
Tick 145819(145715), Delay 68 ms, IGT 2:01:24.514, RTA 4:34:51.717-4:34:51.785
Tick 145821(145717), Delay 31 ms, IGT 2:01:24.614, RTA 4:34:51.838-4:34:51.869
Tick 145822(145718), Delay 62 ms, IGT 2:01:24.664, RTA 4:34:51.869-4:34:51.931
Tick 145823(145719), Delay 58 ms, IGT 2:01:24.714, RTA 4:34:51.931-4:34:51.989
Tick 145824(145720), Delay 31 ms, IGT 2:01:24.764, RTA 4:34:51.989-4:34:52.020
Tick 145825(145721), Delay 61 ms, IGT 2:01:24.814, RTA 4:34:52.020-4:34:52.081
Tick 145826(145722), Delay 56 ms, IGT 2:01:24.864, RTA 4:34:52.081-4:34:52.137
Tick 145827(145723), Delay 30 ms, IGT 2:01:24.914, RTA 4:34:52.137-4:34:52.167
Tick 145828(145724), Delay 63 ms, IGT 2:01:24.964, RTA 4:34:52.167-4:34:52.230
Tick 145829(145725), Delay 57 ms, IGT 2:01:25.014, RTA 4:34:52.230-4:34:52.287
Tick 145830(145726), Delay 31 ms, IGT 2:01:25.064, RTA 4:34:52.287-4:34:52.318
Tick 145831(145727), Delay 61 ms, IGT 2:01:25.114, RTA 4:34:52.318-4:34:52.379
Tick 145832(145728), Delay 34 ms, IGT 2:01:25.164, RTA 4:34:52.379-4:34:52.413
Tick 145865(145761), Delay 57 ms, IGT 2:01:26.814, RTA 4:34:54.013-4:34:54.070
Tick 145866(145762), Delay 43 ms, IGT 2:01:26.864, RTA 4:34:54.070-4:34:54.113
Tick 146307(146203), Delay 62 ms, IGT 2:01:48.914, RTA 4:35:16.115-4:35:16.177
Tick 146308(146204), Delay 37 ms, IGT 2:01:48.964, RTA 4:35:16.177-4:35:16.214
Tick 146340(146236), Delay 55 ms, IGT 2:01:50.564, RTA 4:35:17.767-4:35:17.822
Tick 146341(146237), Delay 41 ms, IGT 2:01:50.614, RTA 4:35:17.822-4:35:17.863
Tick 146746(146642), Delay 34242 ms, IGT 2:02:10.864, RTA 4:35:38.063-4:36:12.305
Tick 146810(146706), Delay 55 ms, IGT 2:02:14.064, RTA 4:36:15.455-4:36:15.510
Tick 146811(146707), Delay 44 ms, IGT 2:02:14.114, RTA 4:36:15.510-4:36:15.554
Tick 146821(146717), Delay 45 ms, IGT 2:02:14.614, RTA 4:36:16.008-4:36:16.053
Tick 146960(146856), Delay 61 ms, IGT 2:02:21.564, RTA 4:36:22.953-4:36:23.014
Tick 146961(146857), Delay 40 ms, IGT 2:02:21.614, RTA 4:36:23.014-4:36:23.054
Tick 147020(146916), Delay 63 ms, IGT 2:02:24.564, RTA 4:36:25.954-4:36:26.017
Tick 147021(146917), Delay 37 ms, IGT 2:02:24.614, RTA 4:36:26.017-4:36:26.054
Tick 147064(146960), Delay 45 ms, IGT 2:02:26.764, RTA 4:36:28.158-4:36:28.203
Tick 147205(147101), Delay 43 ms, IGT 2:02:33.814, RTA 4:36:35.210-4:36:35.253
Tick 147368(147264), Delay 55 ms, IGT 2:02:41.964, RTA 4:36:43.353-4:36:43.408
Tick 147370(147266), Delay 42 ms, IGT 2:02:42.064, RTA 4:36:43.462-4:36:43.504
Tick 147388(147284), Delay 56 ms, IGT 2:02:42.964, RTA 4:36:44.353-4:36:44.409
Tick 147389(147285), Delay 45 ms, IGT 2:02:43.014, RTA 4:36:44.409-4:36:44.454
Tick 147489(147385), Delay 6059 ms, IGT 2:02:48.014, RTA 4:36:49.403-4:36:55.462
Tick 147503(147399), Delay 45 ms, IGT 2:02:48.714, RTA 4:36:56.115-4:36:56.160
Tick 147694(147590), Delay 45 ms, IGT 2:02:58.264, RTA 4:37:05.666-4:37:05.711
Tick 148712(148608), Delay 44 ms, IGT 2:03:49.164, RTA 4:37:56.566-4:37:56.610
Tick 148723(148619), Delay 56 ms, IGT 2:03:49.714, RTA 4:37:57.110-4:37:57.166
Tick 148724(148620), Delay 44 ms, IGT 2:03:49.764, RTA 4:37:57.166-4:37:57.210
Tick 148779(148675), Delay 65 ms, IGT 2:03:52.514, RTA 4:37:59.911-4:37:59.976
Tick 148780(148676), Delay 36 ms, IGT 2:03:52.564, RTA 4:37:59.976-4:38:00.012
Tick 148781(148677), Delay 58 ms, IGT 2:03:52.614, RTA 4:38:00.012-4:38:00.070
Tick 148782(148678), Delay 43 ms, IGT 2:03:52.664, RTA 4:38:00.070-4:38:00.113
Tick 148804(148700), Delay 67 ms, IGT 2:03:53.764, RTA 4:38:01.161-4:38:01.228
Tick 148805(148701), Delay 34 ms, IGT 2:03:53.814, RTA 4:38:01.228-4:38:01.262
Tick 148825(148721), Delay 56 ms, IGT 2:03:54.814, RTA 4:38:02.210-4:38:02.266
Tick 148964(148860), Delay 44 ms, IGT 2:04:01.764, RTA 4:38:09.166-4:38:09.210
Tick 149229(149125), Delay 58 ms, IGT 2:04:15.014, RTA 4:38:22.410-4:38:22.468
Tick 149230(149126), Delay 43 ms, IGT 2:04:15.064, RTA 4:38:22.468-4:38:22.511
Tick 149398(149294), Delay 55 ms, IGT 2:04:23.464, RTA 4:38:30.862-4:38:30.917
Tick 149918(149813), Delay 425 ms, IGT 2:04:49.414, RTA 4:38:56.860-4:38:57.285
Tick 149919(149813), Delay 188972 ms, IGT 2:04:49.414, RTA 4:38:57.285-4:42:06.257
Tick 149920(149814), Delay 94 ms, IGT 2:04:49.416, RTA 4:42:06.257-4:42:06.351
Tick 149921(149815), Delay 0 ms, IGT 2:04:49.466, RTA 4:42:06.351-4:42:06.351
Tick 149922(149816), Delay 41 ms, IGT 2:04:49.516, RTA 4:42:06.351-4:42:06.392
Tick 149931(149825), Delay 43 ms, IGT 2:04:49.966, RTA 4:42:06.795-4:42:06.838
Tick 150045(149939), Delay 56 ms, IGT 2:04:55.666, RTA 4:42:12.488-4:42:12.544
Tick 150057(149951), Delay 45 ms, IGT 2:04:56.266, RTA 4:42:13.094-4:42:13.139
Tick 150092(149985), Delay 304 ms, IGT 2:04:57.966, RTA 4:42:14.838-4:42:15.142
Tick 150093(149985), Delay 1677 ms, IGT 2:04:57.966, RTA 4:42:15.142-4:42:16.819
Tick 150094(149985), Delay 90 ms, IGT 2:04:57.966, RTA 4:42:16.819-4:42:16.909, due world load
Tick 150095(149985), Delay 1 ms, IGT 2:04:57.966, RTA 4:42:16.909-4:42:16.910, due world load
Tick 150096(149986), Delay 15 ms, IGT 2:04:58.010, RTA 4:42:16.910-4:42:16.925
Tick 150127(150017), Delay 55 ms, IGT 2:04:59.560, RTA 4:42:18.423-4:42:18.478
Tick 150128(150018), Delay 45 ms, IGT 2:04:59.610, RTA 4:42:18.478-4:42:18.523
Tick 150179(150069), Delay 55 ms, IGT 2:05:02.160, RTA 4:42:21.023-4:42:21.078
Tick 150200(150090), Delay 45 ms, IGT 2:05:03.210, RTA 4:42:22.081-4:42:22.126
Tick 150793(150683), Delay 55 ms, IGT 2:05:32.860, RTA 4:42:51.724-4:42:51.779
Tick 150794(150684), Delay 45 ms, IGT 2:05:32.910, RTA 4:42:51.779-4:42:51.824
Tick 152553(152443), Delay 44 ms, IGT 2:07:00.860, RTA 4:44:19.729-4:44:19.773
Tick 152992(152882), Delay 55 ms, IGT 2:07:22.810, RTA 4:44:41.673-4:44:41.728
Tick 152993(152883), Delay 45 ms, IGT 2:07:22.860, RTA 4:44:41.728-4:44:41.773
Tick 153281(153171), Delay 56 ms, IGT 2:07:37.260, RTA 4:44:56.124-4:44:56.180
Tick 153305(153195), Delay 45 ms, IGT 2:07:38.460, RTA 4:44:57.328-4:44:57.373
Tick 153513(153403), Delay 45 ms, IGT 2:07:48.860, RTA 4:45:07.728-4:45:07.773
Tick 153529(153419), Delay 45 ms, IGT 2:07:49.660, RTA 4:45:08.528-4:45:08.573
Tick 153559(153449), Delay 55 ms, IGT 2:07:51.160, RTA 4:45:10.024-4:45:10.079
Tick 153586(153476), Delay 45 ms, IGT 2:07:52.510, RTA 4:45:11.378-4:45:11.423
Tick 153988(153878), Delay 55 ms, IGT 2:08:12.610, RTA 4:45:31.473-4:45:31.528
Tick 154479(154369), Delay 45 ms, IGT 2:08:37.160, RTA 4:45:56.028-4:45:56.073
Tick 154572(154462), Delay 11110 ms, IGT 2:08:41.810, RTA 4:46:00.675-4:46:11.785
Tick 154601(154491), Delay 5519 ms, IGT 2:08:43.260, RTA 4:46:13.184-4:46:18.703
Tick 154628(154518), Delay 14874 ms, IGT 2:08:44.610, RTA 4:46:20.003-4:46:34.877
Tick 155172(155061), Delay 337 ms, IGT 2:09:11.760, RTA 4:47:02.026-4:47:02.363
Tick 155173(155061), Delay 13943 ms, IGT 2:09:11.760, RTA 4:47:02.363-4:47:16.306
Tick 155174(155061), Delay 87 ms, IGT 2:09:11.760, RTA 4:47:16.306-4:47:16.393, due world load
Tick 155175(155062), Delay 9 ms, IGT 2:09:11.783, RTA 4:47:16.393-4:47:16.402
Tick 155198(155085), Delay 57 ms, IGT 2:09:12.933, RTA 4:47:17.501-4:47:17.558
Tick 155199(155086), Delay 44 ms, IGT 2:09:12.983, RTA 4:47:17.558-4:47:17.602
Tick 155290(155177), Delay 56 ms, IGT 2:09:17.533, RTA 4:47:22.101-4:47:22.157
Tick 155543(155430), Delay 55 ms, IGT 2:09:30.183, RTA 4:47:34.752-4:47:34.807
Tick 157097(156984), Delay 60 ms, IGT 2:10:47.883, RTA 4:48:52.454-4:48:52.514
Tick 157098(156985), Delay 71 ms, IGT 2:10:47.933, RTA 4:48:52.514-4:48:52.585
Tick 157099(156986), Delay 32 ms, IGT 2:10:47.983, RTA 4:48:52.585-4:48:52.617
Tick 157100(156987), Delay 61 ms, IGT 2:10:48.033, RTA 4:48:52.617-4:48:52.678
Tick 157101(156988), Delay 31 ms, IGT 2:10:48.083, RTA 4:48:52.678-4:48:52.709
Tick 157102(156989), Delay 62 ms, IGT 2:10:48.133, RTA 4:48:52.709-4:48:52.771
Tick 157103(156990), Delay 30 ms, IGT 2:10:48.183, RTA 4:48:52.771-4:48:52.801
Tick 157104(156991), Delay 62 ms, IGT 2:10:48.233, RTA 4:48:52.801-4:48:52.863
Tick 157105(156992), Delay 61 ms, IGT 2:10:48.283, RTA 4:48:52.863-4:48:52.924
Tick 157106(156993), Delay 31 ms, IGT 2:10:48.333, RTA 4:48:52.924-4:48:52.955
Tick 157107(156994), Delay 61 ms, IGT 2:10:48.383, RTA 4:48:52.955-4:48:53.016
Tick 157108(156995), Delay 60 ms, IGT 2:10:48.433, RTA 4:48:53.016-4:48:53.076
Tick 157109(156996), Delay 32 ms, IGT 2:10:48.483, RTA 4:48:53.076-4:48:53.108
Tick 157110(156997), Delay 69 ms, IGT 2:10:48.533, RTA 4:48:53.108-4:48:53.177
Tick 157111(156998), Delay 31 ms, IGT 2:10:48.583, RTA 4:48:53.177-4:48:53.208
Tick 157112(156999), Delay 61 ms, IGT 2:10:48.633, RTA 4:48:53.208-4:48:53.269
Tick 157113(157000), Delay 62 ms, IGT 2:10:48.683, RTA 4:48:53.269-4:48:53.331
Tick 157114(157001), Delay 31 ms, IGT 2:10:48.733, RTA 4:48:53.331-4:48:53.362
Tick 157115(157002), Delay 61 ms, IGT 2:10:48.783, RTA 4:48:53.362-4:48:53.423
Tick 157116(157003), Delay 34 ms, IGT 2:10:48.833, RTA 4:48:53.423-4:48:53.457
Tick 157117(157004), Delay 61 ms, IGT 2:10:48.883, RTA 4:48:53.457-4:48:53.518
Tick 157118(157005), Delay 61 ms, IGT 2:10:48.933, RTA 4:48:53.518-4:48:53.579
Tick 157119(157006), Delay 31 ms, IGT 2:10:48.983, RTA 4:48:53.579-4:48:53.610
Tick 157120(157007), Delay 62 ms, IGT 2:10:49.033, RTA 4:48:53.610-4:48:53.672
Tick 157121(157008), Delay 30 ms, IGT 2:10:49.083, RTA 4:48:53.672-4:48:53.702
Tick 157122(157009), Delay 61 ms, IGT 2:10:49.133, RTA 4:48:53.702-4:48:53.763
Tick 157123(157010), Delay 62 ms, IGT 2:10:49.183, RTA 4:48:53.763-4:48:53.825
Tick 157125(157012), Delay 31 ms, IGT 2:10:49.283, RTA 4:48:53.878-4:48:53.909
Tick 157126(157013), Delay 61 ms, IGT 2:10:49.333, RTA 4:48:53.909-4:48:53.970
Tick 157127(157014), Delay 59 ms, IGT 2:10:49.383, RTA 4:48:53.970-4:48:54.029
Tick 157128(157015), Delay 31 ms, IGT 2:10:49.433, RTA 4:48:54.029-4:48:54.060
Tick 157129(157016), Delay 62 ms, IGT 2:10:49.483, RTA 4:48:54.060-4:48:54.122
Tick 157130(157017), Delay 56 ms, IGT 2:10:49.533, RTA 4:48:54.122-4:48:54.178
Tick 157131(157018), Delay 30 ms, IGT 2:10:49.583, RTA 4:48:54.178-4:48:54.208
Tick 157132(157019), Delay 61 ms, IGT 2:10:49.633, RTA 4:48:54.208-4:48:54.269
Tick 157133(157020), Delay 60 ms, IGT 2:10:49.683, RTA 4:48:54.269-4:48:54.329
Tick 157134(157021), Delay 31 ms, IGT 2:10:49.733, RTA 4:48:54.329-4:48:54.360
Tick 157135(157022), Delay 62 ms, IGT 2:10:49.783, RTA 4:48:54.360-4:48:54.422
Tick 157136(157023), Delay 59 ms, IGT 2:10:49.833, RTA 4:48:54.422-4:48:54.481
Tick 157137(157024), Delay 31 ms, IGT 2:10:49.883, RTA 4:48:54.481-4:48:54.512
Tick 157138(157025), Delay 62 ms, IGT 2:10:49.933, RTA 4:48:54.512-4:48:54.574
Tick 157139(157026), Delay 55 ms, IGT 2:10:49.983, RTA 4:48:54.574-4:48:54.629
Tick 157140(157027), Delay 31 ms, IGT 2:10:50.033, RTA 4:48:54.629-4:48:54.660
Tick 157141(157028), Delay 62 ms, IGT 2:10:50.083, RTA 4:48:54.660-4:48:54.722
Tick 157142(157029), Delay 57 ms, IGT 2:10:50.133, RTA 4:48:54.722-4:48:54.779
Tick 157143(157030), Delay 31 ms, IGT 2:10:50.183, RTA 4:48:54.779-4:48:54.810
Tick 157144(157031), Delay 61 ms, IGT 2:10:50.233, RTA 4:48:54.810-4:48:54.871
Tick 157145(157032), Delay 57 ms, IGT 2:10:50.283, RTA 4:48:54.871-4:48:54.928
Tick 157146(157033), Delay 30 ms, IGT 2:10:50.333, RTA 4:48:54.928-4:48:54.958
Tick 157147(157034), Delay 62 ms, IGT 2:10:50.383, RTA 4:48:54.958-4:48:55.020
Tick 157148(157035), Delay 61 ms, IGT 2:10:50.433, RTA 4:48:55.020-4:48:55.081
Tick 157149(157036), Delay 30 ms, IGT 2:10:50.483, RTA 4:48:55.081-4:48:55.111
Tick 157150(157037), Delay 68 ms, IGT 2:10:50.533, RTA 4:48:55.111-4:48:55.179
Tick 157151(157038), Delay 23 ms, IGT 2:10:50.583, RTA 4:48:55.179-4:48:55.202
Tick 157159(157046), Delay 63 ms, IGT 2:10:50.983, RTA 4:48:55.551-4:48:55.614
Tick 157160(157047), Delay 37 ms, IGT 2:10:51.033, RTA 4:48:55.614-4:48:55.651
Tick 158250(158137), Delay 55 ms, IGT 2:11:45.533, RTA 4:49:50.101-4:49:50.156
Tick 158671(158558), Delay 35658 ms, IGT 2:12:06.583, RTA 4:50:11.150-4:50:46.808
Tick 158751(158638), Delay 8615 ms, IGT 2:12:10.583, RTA 4:50:50.758-4:50:59.373
Tick 158762(158649), Delay 63 ms, IGT 2:12:11.133, RTA 4:50:59.872-4:50:59.935
Tick 158763(158650), Delay 38 ms, IGT 2:12:11.183, RTA 4:50:59.935-4:50:59.973
Tick 158879(158766), Delay 16678 ms, IGT 2:12:16.983, RTA 4:51:05.722-4:51:22.400
Tick 159101(158988), Delay 28202 ms, IGT 2:12:28.083, RTA 4:51:33.449-4:52:01.651
Tick 159197(159084), Delay 59 ms, IGT 2:12:32.883, RTA 4:52:06.402-4:52:06.461
Tick 159198(159085), Delay 40 ms, IGT 2:12:32.933, RTA 4:52:06.461-4:52:06.501
Tick 159227(159114), Delay 29925 ms, IGT 2:12:34.383, RTA 4:52:07.901-4:52:37.826
Tick 159319(159206), Delay 19683 ms, IGT 2:12:38.983, RTA 4:52:42.373-4:53:02.056
Tick 159329(159216), Delay 44 ms, IGT 2:12:39.483, RTA 4:53:02.511-4:53:02.555
Tick 159354(159241), Delay 44 ms, IGT 2:12:40.733, RTA 4:53:03.761-4:53:03.805
Tick 159370(159257), Delay 1340 ms, IGT 2:12:41.533, RTA 4:53:04.555-4:53:05.895
Tick 159522(159409), Delay 78 ms, IGT 2:12:49.133, RTA 4:53:13.444-4:53:13.522
Tick 159523(159410), Delay 26 ms, IGT 2:12:49.183, RTA 4:53:13.522-4:53:13.548
Tick 159524(159411), Delay 61 ms, IGT 2:12:49.233, RTA 4:53:13.548-4:53:13.609
Tick 159525(159412), Delay 62 ms, IGT 2:12:49.283, RTA 4:53:13.609-4:53:13.671
Tick 159526(159413), Delay 28 ms, IGT 2:12:49.333, RTA 4:53:13.671-4:53:13.699
Tick 159530(159417), Delay 56 ms, IGT 2:12:49.533, RTA 4:53:13.845-4:53:13.901
Tick 159531(159418), Delay 43 ms, IGT 2:12:49.583, RTA 4:53:13.901-4:53:13.944
Tick 159832(159719), Delay 576 ms, IGT 2:13:04.633, RTA 4:53:28.946-4:53:29.522
Tick 162771(162658), Delay 55 ms, IGT 2:15:31.583, RTA 4:55:56.420-4:55:56.475
Tick 162772(162659), Delay 45 ms, IGT 2:15:31.633, RTA 4:55:56.475-4:55:56.520
Tick 163956(163843), Delay 45 ms, IGT 2:16:30.833, RTA 4:56:55.675-4:56:55.720
Tick 164175(164062), Delay 45 ms, IGT 2:16:41.783, RTA 4:57:06.626-4:57:06.671
Tick 165625(165512), Delay 45 ms, IGT 2:17:54.283, RTA 4:58:19.125-4:58:19.170
Tick 165768(165655), Delay 55 ms, IGT 2:18:01.433, RTA 4:58:26.271-4:58:26.326
Tick 165816(165703), Delay 56 ms, IGT 2:18:03.833, RTA 4:58:28.670-4:58:28.726
Tick 165901(165788), Delay 45 ms, IGT 2:18:08.083, RTA 4:58:32.925-4:58:32.970
Tick 166052(165939), Delay 2959 ms, IGT 2:18:15.633, RTA 4:58:40.471-4:58:43.430
Tick 166255(166142), Delay 67751 ms, IGT 2:18:25.783, RTA 4:58:53.531-5:00:01.282
Tick 166298(166185), Delay 55 ms, IGT 2:18:27.933, RTA 5:00:03.376-5:00:03.431
Tick 166335(166222), Delay 55 ms, IGT 2:18:29.783, RTA 5:00:05.227-5:00:05.282
Tick 166365(166252), Delay 29851 ms, IGT 2:18:31.283, RTA 5:00:06.728-5:00:36.579
Tick 166377(166264), Delay 56 ms, IGT 2:18:31.883, RTA 5:00:37.127-5:00:37.183
Tick 166381(166268), Delay 55 ms, IGT 2:18:32.083, RTA 5:00:37.326-5:00:37.381
Tick 166487(166374), Delay 57 ms, IGT 2:18:37.383, RTA 5:00:42.628-5:00:42.685
Tick 166488(166375), Delay 42 ms, IGT 2:18:37.433, RTA 5:00:42.685-5:00:42.727
Tick 166804(166691), Delay 45 ms, IGT 2:18:53.233, RTA 5:00:58.481-5:00:58.526
Tick 167043(166930), Delay 55 ms, IGT 2:19:05.183, RTA 5:01:10.426-5:01:10.481
Tick 167265(167152), Delay 55 ms, IGT 2:19:16.283, RTA 5:01:21.527-5:01:21.582
Tick 167440(167327), Delay 61 ms, IGT 2:19:25.033, RTA 5:01:30.277-5:01:30.338
Tick 167441(167328), Delay 40 ms, IGT 2:19:25.083, RTA 5:01:30.338-5:01:30.378
Tick 167673(167560), Delay 1106 ms, IGT 2:19:36.683, RTA 5:01:41.929-5:01:43.035
Tick 167680(167567), Delay 3590 ms, IGT 2:19:37.033, RTA 5:01:43.336-5:01:46.926
Tick 167987(167874), Delay 44 ms, IGT 2:19:52.383, RTA 5:02:02.231-5:02:02.275
Tick 168009(167896), Delay 9040 ms, IGT 2:19:53.483, RTA 5:02:03.329-5:02:12.369
Tick 168668(168555), Delay 55 ms, IGT 2:20:26.433, RTA 5:02:45.268-5:02:45.323
Tick 168673(168560), Delay 44 ms, IGT 2:20:26.683, RTA 5:02:45.524-5:02:45.568
Tick 168675(168562), Delay 55 ms, IGT 2:20:26.783, RTA 5:02:45.620-5:02:45.675
Tick 169045(168932), Delay 55 ms, IGT 2:20:45.283, RTA 5:03:04.122-5:03:04.177
Tick 169046(168933), Delay 43 ms, IGT 2:20:45.333, RTA 5:03:04.177-5:03:04.220
Tick 169115(169002), Delay 35311 ms, IGT 2:20:48.783, RTA 5:03:07.622-5:03:42.933
Tick 169195(169082), Delay 16274 ms, IGT 2:20:52.783, RTA 5:03:46.885-5:04:03.159
Tick 169253(169140), Delay 2334 ms, IGT 2:20:55.683, RTA 5:04:06.012-5:04:08.346
Tick 169254(169141), Delay 491 ms, IGT 2:20:55.733, RTA 5:04:08.346-5:04:08.837
Tick 169297(169184), Delay 34051 ms, IGT 2:20:57.883, RTA 5:04:10.936-5:04:44.987
Tick 169317(169204), Delay 13035 ms, IGT 2:20:58.883, RTA 5:04:45.938-5:04:58.973
Tick 169332(169219), Delay 39996 ms, IGT 2:20:59.633, RTA 5:04:59.675-5:05:39.671
Tick 169419(169306), Delay 56 ms, IGT 2:21:03.983, RTA 5:05:43.969-5:05:44.025
Tick 169430(169317), Delay 7106 ms, IGT 2:21:04.533, RTA 5:05:44.519-5:05:51.625
Tick 169460(169347), Delay 45 ms, IGT 2:21:06.033, RTA 5:05:53.078-5:05:53.123
Tick 169495(169382), Delay 22257 ms, IGT 2:21:07.783, RTA 5:05:54.825-5:06:17.082
Tick 169790(169677), Delay 57 ms, IGT 2:21:22.533, RTA 5:06:31.781-5:06:31.838
Tick 169791(169678), Delay 44 ms, IGT 2:21:22.583, RTA 5:06:31.838-5:06:31.882
Tick 170017(169904), Delay 55 ms, IGT 2:21:33.883, RTA 5:06:43.132-5:06:43.187
Tick 170019(169906), Delay 44 ms, IGT 2:21:33.983, RTA 5:06:43.238-5:06:43.282
Tick 170143(170030), Delay 56 ms, IGT 2:21:40.183, RTA 5:06:49.432-5:06:49.488
Tick 170144(170031), Delay 44 ms, IGT 2:21:40.233, RTA 5:06:49.488-5:06:49.532
Tick 170203(170090), Delay 59 ms, IGT 2:21:43.183, RTA 5:06:52.434-5:06:52.493
Tick 170204(170091), Delay 40 ms, IGT 2:21:43.233, RTA 5:06:52.493-5:06:52.533
Tick 170433(170320), Delay 56 ms, IGT 2:21:54.683, RTA 5:07:03.932-5:07:03.988
Tick 170495(170382), Delay 55 ms, IGT 2:21:57.783, RTA 5:07:07.031-5:07:07.086
Tick 170609(170496), Delay 45 ms, IGT 2:22:03.483, RTA 5:07:12.737-5:07:12.782
Tick 171022(170909), Delay 45 ms, IGT 2:22:24.133, RTA 5:07:33.386-5:07:33.431
Tick 171033(170920), Delay 44 ms, IGT 2:22:24.683, RTA 5:07:33.937-5:07:33.981
Tick 171041(170928), Delay 45 ms, IGT 2:22:25.083, RTA 5:07:34.337-5:07:34.382
Tick 171047(170934), Delay 55 ms, IGT 2:22:25.383, RTA 5:07:34.633-5:07:34.688
Tick 171169(171056), Delay 44 ms, IGT 2:22:31.483, RTA 5:07:40.738-5:07:40.782
Tick 171178(171065), Delay 55 ms, IGT 2:22:31.933, RTA 5:07:41.182-5:07:41.237
Tick 171179(171066), Delay 45 ms, IGT 2:22:31.983, RTA 5:07:41.237-5:07:41.282
Tick 172044(171931), Delay 55 ms, IGT 2:23:15.233, RTA 5:08:24.482-5:08:24.537
Tick 172298(172185), Delay 45 ms, IGT 2:23:27.933, RTA 5:08:37.186-5:08:37.231
Tick 172328(172215), Delay 45 ms, IGT 2:23:29.433, RTA 5:08:38.686-5:08:38.731
Tick 172364(172251), Delay 9736 ms, IGT 2:23:31.233, RTA 5:08:40.483-5:08:50.219
Tick 172380(172267), Delay 5973 ms, IGT 2:23:32.033, RTA 5:08:50.969-5:08:56.942
Tick 172396(172283), Delay 5223 ms, IGT 2:23:32.833, RTA 5:08:57.692-5:09:02.915
Tick 172418(172305), Delay 55 ms, IGT 2:23:33.933, RTA 5:09:03.962-5:09:04.017
Tick 172419(172306), Delay 45 ms, IGT 2:23:33.983, RTA 5:09:04.017-5:09:04.062
Tick 172530(172417), Delay 55 ms, IGT 2:23:39.533, RTA 5:09:09.563-5:09:09.618
Tick 172545(172432), Delay 55 ms, IGT 2:23:40.283, RTA 5:09:10.312-5:09:10.367
Tick 172561(172448), Delay 55 ms, IGT 2:23:41.083, RTA 5:09:11.114-5:09:11.169
Tick 172562(172449), Delay 43 ms, IGT 2:23:41.133, RTA 5:09:11.169-5:09:11.212
Tick 172621(172508), Delay 55 ms, IGT 2:23:44.083, RTA 5:09:14.112-5:09:14.167
Tick 172701(172588), Delay 56 ms, IGT 2:23:48.083, RTA 5:09:18.113-5:09:18.169
Tick 172702(172589), Delay 44 ms, IGT 2:23:48.133, RTA 5:09:18.169-5:09:18.213
Tick 172705(172592), Delay 55 ms, IGT 2:23:48.283, RTA 5:09:18.313-5:09:18.368
Tick 172749(172636), Delay 55 ms, IGT 2:23:50.483, RTA 5:09:20.512-5:09:20.567
Tick 172783(172670), Delay 44 ms, IGT 2:23:52.183, RTA 5:09:22.219-5:09:22.263
Tick 172888(172775), Delay 56 ms, IGT 2:23:57.433, RTA 5:09:27.464-5:09:27.520
Tick 172889(172776), Delay 43 ms, IGT 2:23:57.483, RTA 5:09:27.520-5:09:27.563
Tick 172890(172777), Delay 56 ms, IGT 2:23:57.533, RTA 5:09:27.563-5:09:27.619
Tick 172891(172778), Delay 44 ms, IGT 2:23:57.583, RTA 5:09:27.619-5:09:27.663
Tick 172894(172781), Delay 55 ms, IGT 2:23:57.733, RTA 5:09:27.762-5:09:27.817
Tick 172896(172783), Delay 45 ms, IGT 2:23:57.833, RTA 5:09:27.868-5:09:27.913
Tick 173042(172929), Delay 55 ms, IGT 2:24:05.133, RTA 5:09:35.163-5:09:35.218
Tick 173043(172930), Delay 44 ms, IGT 2:24:05.183, RTA 5:09:35.218-5:09:35.262
Tick 173185(173072), Delay 55 ms, IGT 2:24:12.283, RTA 5:09:42.312-5:09:42.367
Tick 173381(173268), Delay 45 ms, IGT 2:24:22.083, RTA 5:09:52.119-5:09:52.164
Tick 173402(173289), Delay 55 ms, IGT 2:24:23.133, RTA 5:09:53.163-5:09:53.218
Tick 173481(173368), Delay 55 ms, IGT 2:24:27.083, RTA 5:09:57.114-5:09:57.169
Tick 173550(173437), Delay 45 ms, IGT 2:24:30.533, RTA 5:10:00.567-5:10:00.612
Tick 173553(173440), Delay 45 ms, IGT 2:24:30.683, RTA 5:10:00.718-5:10:00.763
Tick 173632(173519), Delay 56 ms, IGT 2:24:34.633, RTA 5:10:04.663-5:10:04.719
Tick 173633(173520), Delay 44 ms, IGT 2:24:34.683, RTA 5:10:04.719-5:10:04.763
Tick 173675(173562), Delay 867 ms, IGT 2:24:36.783, RTA 5:10:06.813-5:10:07.680
Tick 173725(173612), Delay 3292 ms, IGT 2:24:39.283, RTA 5:10:10.128-5:10:13.420
Tick 173736(173623), Delay 12783 ms, IGT 2:24:39.833, RTA 5:10:13.923-5:10:26.706
Tick 173747(173634), Delay 2068 ms, IGT 2:24:40.383, RTA 5:10:27.207-5:10:29.275
Tick 173755(173642), Delay 1236 ms, IGT 2:24:40.783, RTA 5:10:29.627-5:10:30.863
Tick 173762(173649), Delay 9504 ms, IGT 2:24:41.133, RTA 5:10:31.161-5:10:40.665
Tick 173772(173659), Delay 5491 ms, IGT 2:24:41.633, RTA 5:10:41.117-5:10:46.608
Tick 173795(173682), Delay 3691 ms, IGT 2:24:42.783, RTA 5:10:47.708-5:10:51.399
Tick 173826(173713), Delay 1475 ms, IGT 2:24:44.333, RTA 5:10:52.903-5:10:54.378
Tick 173833(173720), Delay 922 ms, IGT 2:24:44.683, RTA 5:10:54.680-5:10:55.602
Tick 173839(173726), Delay 5879 ms, IGT 2:24:44.983, RTA 5:10:55.852-5:11:01.731
Tick 173859(173746), Delay 4006 ms, IGT 2:24:45.983, RTA 5:11:02.682-5:11:06.688
Tick 173886(173773), Delay 45 ms, IGT 2:24:47.333, RTA 5:11:07.994-5:11:08.039
Tick 174004(173891), Delay 55 ms, IGT 2:24:53.233, RTA 5:11:13.888-5:11:13.943
Tick 174171(174058), Delay 55 ms, IGT 2:25:01.583, RTA 5:11:22.240-5:11:22.295
Tick 174228(174115), Delay 12964 ms, IGT 2:25:04.433, RTA 5:11:25.090-5:11:38.054
Tick 174253(174140), Delay 2657 ms, IGT 2:25:05.683, RTA 5:11:39.254-5:11:41.911
Tick 174271(174158), Delay 55 ms, IGT 2:25:06.583, RTA 5:11:42.760-5:11:42.815
Tick 174274(174161), Delay 45 ms, IGT 2:25:06.733, RTA 5:11:42.916-5:11:42.961
Tick 174616(174503), Delay 56 ms, IGT 2:25:23.833, RTA 5:12:00.009-5:12:00.065
Tick 174648(174535), Delay 4537 ms, IGT 2:25:25.433, RTA 5:12:01.609-5:12:06.146
Tick 174656(174543), Delay 17117 ms, IGT 2:25:25.833, RTA 5:12:06.500-5:12:23.617
Tick 174663(174550), Delay 595 ms, IGT 2:25:26.183, RTA 5:12:23.920-5:12:24.515
Tick 174668(174555), Delay 45 ms, IGT 2:25:26.433, RTA 5:12:24.719-5:12:24.764
Tick 174670(174557), Delay 482 ms, IGT 2:25:26.533, RTA 5:12:24.817-5:12:25.299
Tick 174673(174560), Delay 55 ms, IGT 2:25:26.683, RTA 5:12:25.400-5:12:25.455
Tick 174674(174561), Delay 44 ms, IGT 2:25:26.733, RTA 5:12:25.455-5:12:25.499
Tick 174724(174611), Delay 45 ms, IGT 2:25:29.233, RTA 5:12:27.952-5:12:27.997
Tick 174839(174726), Delay 55 ms, IGT 2:25:34.983, RTA 5:12:33.700-5:12:33.755
Tick 174843(174730), Delay 55 ms, IGT 2:25:35.183, RTA 5:12:33.899-5:12:33.954
Tick 174935(174822), Delay 45 ms, IGT 2:25:39.783, RTA 5:12:38.502-5:12:38.547
Tick 175086(174973), Delay 2720 ms, IGT 2:25:47.333, RTA 5:12:46.050-5:12:48.770
Tick 175093(174980), Delay 618 ms, IGT 2:25:47.683, RTA 5:12:49.073-5:12:49.691
Tick 175114(175001), Delay 605 ms, IGT 2:25:48.733, RTA 5:12:50.690-5:12:51.295
Tick 175118(175005), Delay 538 ms, IGT 2:25:48.933, RTA 5:12:51.444-5:12:51.982
Tick 175123(175010), Delay 680 ms, IGT 2:25:49.183, RTA 5:12:52.184-5:12:52.864
Tick 175131(175018), Delay 614 ms, IGT 2:25:49.583, RTA 5:12:53.216-5:12:53.830
Tick 175139(175026), Delay 851 ms, IGT 2:25:49.983, RTA 5:12:54.178-5:12:55.029
Tick 175214(175101), Delay 45 ms, IGT 2:25:53.733, RTA 5:12:58.733-5:12:58.778
Tick 175230(175117), Delay 55 ms, IGT 2:25:54.533, RTA 5:12:59.528-5:12:59.583
Tick 175307(175194), Delay 56 ms, IGT 2:25:58.383, RTA 5:13:03.379-5:13:03.435
Tick 175356(175243), Delay 1381 ms, IGT 2:26:00.833, RTA 5:13:05.830-5:13:07.211
Tick 175363(175250), Delay 562 ms, IGT 2:26:01.183, RTA 5:13:07.509-5:13:08.071
Tick 175365(175252), Delay 55 ms, IGT 2:26:01.283, RTA 5:13:08.121-5:13:08.176
Tick 175366(175253), Delay 45 ms, IGT 2:26:01.333, RTA 5:13:08.176-5:13:08.221
Tick 175370(175257), Delay 19464 ms, IGT 2:26:01.533, RTA 5:13:08.371-5:13:27.835
Tick 175379(175266), Delay 5707 ms, IGT 2:26:01.983, RTA 5:13:28.235-5:13:33.942
Tick 175387(175274), Delay 4147 ms, IGT 2:26:02.383, RTA 5:13:34.294-5:13:38.441
Tick 175389(175276), Delay 58 ms, IGT 2:26:02.483, RTA 5:13:38.493-5:13:38.551
Tick 175390(175277), Delay 40 ms, IGT 2:26:02.533, RTA 5:13:38.551-5:13:38.591
Tick 175398(175285), Delay 5908 ms, IGT 2:26:02.933, RTA 5:13:38.943-5:13:44.851
Tick 175408(175295), Delay 3187 ms, IGT 2:26:03.433, RTA 5:13:45.303-5:13:48.490
Tick 175416(175303), Delay 2651 ms, IGT 2:26:03.833, RTA 5:13:48.842-5:13:51.493
Tick 175426(175313), Delay 1151 ms, IGT 2:26:04.333, RTA 5:13:51.940-5:13:53.091
Tick 175435(175322), Delay 1832 ms, IGT 2:26:04.783, RTA 5:13:53.491-5:13:55.323
Tick 175442(175329), Delay 1489 ms, IGT 2:26:05.133, RTA 5:13:55.626-5:13:57.115
Tick 175447(175334), Delay 297 ms, IGT 2:26:05.383, RTA 5:13:57.318-5:13:57.615
Tick 175452(175339), Delay 2123 ms, IGT 2:26:05.633, RTA 5:13:57.815-5:13:59.938
Tick 175461(175348), Delay 1581 ms, IGT 2:26:06.083, RTA 5:14:00.339-5:14:01.920
Tick 175466(175353), Delay 1371 ms, IGT 2:26:06.333, RTA 5:14:02.120-5:14:03.491
Tick 175474(175361), Delay 329 ms, IGT 2:26:06.733, RTA 5:14:03.841-5:14:04.170
Tick 175480(175367), Delay 262 ms, IGT 2:26:07.033, RTA 5:14:04.420-5:14:04.682
Tick 175486(175373), Delay 268 ms, IGT 2:26:07.333, RTA 5:14:04.933-5:14:05.201
Tick 175491(175378), Delay 233 ms, IGT 2:26:07.583, RTA 5:14:05.403-5:14:05.636
Tick 175506(175393), Delay 302 ms, IGT 2:26:08.333, RTA 5:14:06.335-5:14:06.637
Tick 175511(175398), Delay 1033 ms, IGT 2:26:08.583, RTA 5:14:06.838-5:14:07.871
Tick 175517(175404), Delay 2630 ms, IGT 2:26:08.883, RTA 5:14:08.121-5:14:10.751
Tick 175527(175414), Delay 1444 ms, IGT 2:26:09.383, RTA 5:14:11.202-5:14:12.646
Tick 175538(175425), Delay 56 ms, IGT 2:26:09.933, RTA 5:14:13.144-5:14:13.200
Tick 175539(175426), Delay 1203 ms, IGT 2:26:09.983, RTA 5:14:13.200-5:14:14.403
Tick 175549(175436), Delay 45 ms, IGT 2:26:10.483, RTA 5:14:14.857-5:14:14.902
Tick 175551(175438), Delay 1036 ms, IGT 2:26:10.583, RTA 5:14:14.955-5:14:15.991
Tick 175574(175461), Delay 5285 ms, IGT 2:26:11.733, RTA 5:14:17.091-5:14:22.376
Tick 175638(175525), Delay 908 ms, IGT 2:26:14.933, RTA 5:14:25.526-5:14:26.434
Tick 175679(175566), Delay 45 ms, IGT 2:26:16.983, RTA 5:14:28.438-5:14:28.483
Tick 175700(175587), Delay 2212 ms, IGT 2:26:18.033, RTA 5:14:29.485-5:14:31.697
Tick 175704(175591), Delay 54952 ms, IGT 2:26:18.233, RTA 5:14:31.848-5:15:26.800
Tick 175712(175599), Delay 2269 ms, IGT 2:26:18.633, RTA 5:15:27.150-5:15:29.419
Tick 175742(175629), Delay 1651 ms, IGT 2:26:20.133, RTA 5:15:30.868-5:15:32.519
Tick 175763(175650), Delay 2044 ms, IGT 2:26:21.183, RTA 5:15:33.520-5:15:35.564
Tick 175771(175658), Delay 706 ms, IGT 2:26:21.583, RTA 5:15:35.915-5:15:36.621
Tick 176007(175894), Delay 44 ms, IGT 2:26:33.383, RTA 5:15:48.374-5:15:48.418
Tick 176406(176293), Delay 8084 ms, IGT 2:26:53.333, RTA 5:16:08.320-5:16:16.404
Tick 176414(176301), Delay 498 ms, IGT 2:26:53.733, RTA 5:16:16.755-5:16:17.253
Tick 176422(176309), Delay 2133 ms, IGT 2:26:54.133, RTA 5:16:17.602-5:16:19.735
Tick 176428(176315), Delay 403 ms, IGT 2:26:54.433, RTA 5:16:19.987-5:16:20.390
Tick 176467(176354), Delay 55 ms, IGT 2:26:56.383, RTA 5:16:22.290-5:16:22.345
Tick 176504(176391), Delay 3512 ms, IGT 2:26:58.233, RTA 5:16:24.144-5:16:27.656
Tick 176583(176470), Delay 44 ms, IGT 2:27:02.183, RTA 5:16:31.563-5:16:31.607
Tick 176699(176586), Delay 55 ms, IGT 2:27:07.983, RTA 5:16:37.356-5:16:37.411
Tick 176751(176638), Delay 45 ms, IGT 2:27:10.583, RTA 5:16:39.962-5:16:40.007
Tick 176808(176695), Delay 1340 ms, IGT 2:27:13.433, RTA 5:16:42.808-5:16:44.148
Tick 176822(176709), Delay 902 ms, IGT 2:27:14.133, RTA 5:16:44.800-5:16:45.702
Tick 176833(176720), Delay 5657 ms, IGT 2:27:14.683, RTA 5:16:46.203-5:16:51.860
Tick 177116(177003), Delay 55 ms, IGT 2:27:28.833, RTA 5:17:05.959-5:17:06.014
Tick 177118(177005), Delay 45 ms, IGT 2:27:28.933, RTA 5:17:06.065-5:17:06.110
Tick 177173(177060), Delay 55 ms, IGT 2:27:31.683, RTA 5:17:08.810-5:17:08.865
Tick 177174(177061), Delay 44 ms, IGT 2:27:31.733, RTA 5:17:08.865-5:17:08.909
Tick 177721(177608), Delay 39328 ms, IGT 2:27:59.083, RTA 5:17:36.211-5:18:15.539
Tick 177755(177642), Delay 45 ms, IGT 2:28:00.783, RTA 5:18:17.191-5:18:17.236
Tick 177770(177657), Delay 45 ms, IGT 2:28:01.533, RTA 5:18:17.941-5:18:17.986
Tick 178064(177951), Delay 513 ms, IGT 2:28:16.233, RTA 5:18:32.637-5:18:33.150
Tick 178153(178040), Delay 1190 ms, IGT 2:28:20.683, RTA 5:18:37.552-5:18:38.742
Tick 178160(178047), Delay 33304 ms, IGT 2:28:21.033, RTA 5:18:39.040-5:19:12.344
Tick 178174(178061), Delay 56 ms, IGT 2:28:21.733, RTA 5:19:12.995-5:19:13.051
Tick 178175(178062), Delay 43 ms, IGT 2:28:21.783, RTA 5:19:13.051-5:19:13.094
Tick 178177(178064), Delay 57 ms, IGT 2:28:21.883, RTA 5:19:13.143-5:19:13.200
Tick 178178(178065), Delay 45 ms, IGT 2:28:21.933, RTA 5:19:13.200-5:19:13.245
Tick 178497(178384), Delay 55 ms, IGT 2:28:37.883, RTA 5:19:29.142-5:19:29.197
Tick 178772(178659), Delay 55 ms, IGT 2:28:51.633, RTA 5:19:42.892-5:19:42.947
Tick 178773(178660), Delay 45 ms, IGT 2:28:51.683, RTA 5:19:42.947-5:19:42.992
Tick 178778(178665), Delay 55 ms, IGT 2:28:51.933, RTA 5:19:43.192-5:19:43.247
Tick 178779(178666), Delay 45 ms, IGT 2:28:51.983, RTA 5:19:43.247-5:19:43.292
Tick 178831(178718), Delay 55 ms, IGT 2:28:54.583, RTA 5:19:45.841-5:19:45.896
Tick 178836(178723), Delay 44 ms, IGT 2:28:54.833, RTA 5:19:46.097-5:19:46.141
Tick 178850(178737), Delay 55 ms, IGT 2:28:55.533, RTA 5:19:46.792-5:19:46.847
Tick 178897(178784), Delay 6930 ms, IGT 2:28:57.883, RTA 5:19:49.142-5:19:56.072
Tick 178916(178803), Delay 44 ms, IGT 2:28:58.833, RTA 5:19:56.978-5:19:57.022
Tick 179004(178891), Delay 49952 ms, IGT 2:29:03.233, RTA 5:20:01.371-5:20:51.323
Tick 179170(179057), Delay 68 ms, IGT 2:29:11.533, RTA 5:20:59.572-5:20:59.640
Tick 179171(179058), Delay 32 ms, IGT 2:29:11.583, RTA 5:20:59.640-5:20:59.672
Tick 179172(179059), Delay 61 ms, IGT 2:29:11.633, RTA 5:20:59.672-5:20:59.733
Tick 179173(179060), Delay 62 ms, IGT 2:29:11.683, RTA 5:20:59.733-5:20:59.795
Tick 179174(179061), Delay 32 ms, IGT 2:29:11.733, RTA 5:20:59.795-5:20:59.827
Tick 179182(179069), Delay 62 ms, IGT 2:29:12.133, RTA 5:21:00.172-5:21:00.234
Tick 179183(179070), Delay 39 ms, IGT 2:29:12.183, RTA 5:21:00.234-5:21:00.273
Tick 179263(179150), Delay 44 ms, IGT 2:29:16.183, RTA 5:21:04.228-5:21:04.272
Tick 179394(179281), Delay 56 ms, IGT 2:29:22.733, RTA 5:21:10.772-5:21:10.828
Tick 179395(179282), Delay 45 ms, IGT 2:29:22.783, RTA 5:21:10.828-5:21:10.873
Tick 179442(179329), Delay 45 ms, IGT 2:29:25.133, RTA 5:21:13.177-5:21:13.222
Tick 179502(179389), Delay 55 ms, IGT 2:29:28.133, RTA 5:21:16.172-5:21:16.227
Tick 179534(179421), Delay 45 ms, IGT 2:29:29.733, RTA 5:21:17.777-5:21:17.822
Tick 179542(179429), Delay 45 ms, IGT 2:29:30.133, RTA 5:21:18.177-5:21:18.222
Tick 179549(179436), Delay 56 ms, IGT 2:29:30.483, RTA 5:21:18.522-5:21:18.578
Tick 179568(179455), Delay 44 ms, IGT 2:29:31.433, RTA 5:21:19.478-5:21:19.522
Tick 179588(179475), Delay 45 ms, IGT 2:29:32.433, RTA 5:21:20.475-5:21:20.520
Tick 179613(179500), Delay 55 ms, IGT 2:29:33.683, RTA 5:21:21.722-5:21:21.777
Tick 179717(179604), Delay 44 ms, IGT 2:29:38.883, RTA 5:21:26.928-5:21:26.972
Tick 179763(179650), Delay 45 ms, IGT 2:29:41.183, RTA 5:21:29.227-5:21:29.272
Tick 180076(179963), Delay 9809 ms, IGT 2:29:56.833, RTA 5:21:44.875-5:21:54.684
Tick 180119(180006), Delay 55 ms, IGT 2:29:58.983, RTA 5:21:56.784-5:21:56.839
Tick 180219(180106), Delay 55 ms, IGT 2:30:03.983, RTA 5:22:01.783-5:22:01.838
Tick 180260(180147), Delay 55 ms, IGT 2:30:06.033, RTA 5:22:03.834-5:22:03.889
Tick 180261(180148), Delay 45 ms, IGT 2:30:06.083, RTA 5:22:03.889-5:22:03.934
Tick 180365(180252), Delay 55 ms, IGT 2:30:11.283, RTA 5:22:09.085-5:22:09.140
Tick 180372(180259), Delay 55 ms, IGT 2:30:11.633, RTA 5:22:09.433-5:22:09.488
Tick 180385(180272), Delay 57 ms, IGT 2:30:12.283, RTA 5:22:10.083-5:22:10.140
Tick 180386(180273), Delay 45 ms, IGT 2:30:12.333, RTA 5:22:10.140-5:22:10.185
Tick 180405(180292), Delay 45 ms, IGT 2:30:13.283, RTA 5:22:11.088-5:22:11.133
Tick 180461(180348), Delay 44 ms, IGT 2:30:16.083, RTA 5:22:13.890-5:22:13.934
Tick 180470(180357), Delay 45 ms, IGT 2:30:16.533, RTA 5:22:14.338-5:22:14.383
Tick 180483(180370), Delay 55 ms, IGT 2:30:17.183, RTA 5:22:14.984-5:22:15.039
Tick 180484(180371), Delay 45 ms, IGT 2:30:17.233, RTA 5:22:15.039-5:22:15.084
Tick 180487(180374), Delay 57 ms, IGT 2:30:17.383, RTA 5:22:15.185-5:22:15.242
Tick 180488(180375), Delay 44 ms, IGT 2:30:17.433, RTA 5:22:15.242-5:22:15.286
Tick 180492(180379), Delay 43 ms, IGT 2:30:17.633, RTA 5:22:15.440-5:22:15.483
Tick 180502(180389), Delay 56 ms, IGT 2:30:18.133, RTA 5:22:15.933-5:22:15.989
Tick 180533(180420), Delay 55 ms, IGT 2:30:19.683, RTA 5:22:17.485-5:22:17.540
Tick 180534(180421), Delay 45 ms, IGT 2:30:19.733, RTA 5:22:17.540-5:22:17.585
Tick 180550(180437), Delay 4580 ms, IGT 2:30:20.533, RTA 5:22:18.336-5:22:22.916
Tick 180647(180534), Delay 55 ms, IGT 2:30:25.383, RTA 5:22:27.716-5:22:27.771
Tick 180844(180731), Delay 45 ms, IGT 2:30:35.233, RTA 5:22:37.570-5:22:37.615
Tick 181003(180890), Delay 44 ms, IGT 2:30:43.183, RTA 5:22:45.521-5:22:45.565
Tick 181049(180936), Delay 13571 ms, IGT 2:30:45.483, RTA 5:22:47.819-5:23:01.390
Tick 181064(180951), Delay 44 ms, IGT 2:30:46.233, RTA 5:23:02.096-5:23:02.140
Tick 181102(180989), Delay 45 ms, IGT 2:30:48.133, RTA 5:23:03.994-5:23:04.039
Tick 181112(180999), Delay 56 ms, IGT 2:30:48.633, RTA 5:23:04.490-5:23:04.546
Tick 181332(181219), Delay 55 ms, IGT 2:30:59.633, RTA 5:23:15.490-5:23:15.545
Tick 181456(181343), Delay 55 ms, IGT 2:31:05.833, RTA 5:23:21.691-5:23:21.746
Tick 181598(181485), Delay 59 ms, IGT 2:31:12.933, RTA 5:23:28.790-5:23:28.849
Tick 181599(181486), Delay 45 ms, IGT 2:31:12.983, RTA 5:23:28.849-5:23:28.894
Tick 181625(181512), Delay 56 ms, IGT 2:31:14.283, RTA 5:23:30.140-5:23:30.196
Tick 181626(181513), Delay 44 ms, IGT 2:31:14.333, RTA 5:23:30.196-5:23:30.240
Tick 181712(181599), Delay 55 ms, IGT 2:31:18.633, RTA 5:23:34.490-5:23:34.545
Tick 181937(181824), Delay 68 ms, IGT 2:31:29.883, RTA 5:23:45.740-5:23:45.808
Tick 181938(181825), Delay 40 ms, IGT 2:31:29.933, RTA 5:23:45.808-5:23:45.848
Tick 181939(181826), Delay 61 ms, IGT 2:31:29.983, RTA 5:23:45.848-5:23:45.909
Tick 181940(181827), Delay 61 ms, IGT 2:31:30.033, RTA 5:23:45.909-5:23:45.970
Tick 181941(181828), Delay 28 ms, IGT 2:31:30.083, RTA 5:23:45.970-5:23:45.998
Tick 181942(181829), Delay 62 ms, IGT 2:31:30.133, RTA 5:23:45.998-5:23:46.060
Tick 181943(181830), Delay 30 ms, IGT 2:31:30.183, RTA 5:23:46.060-5:23:46.090
Tick 181944(181831), Delay 58 ms, IGT 2:31:30.233, RTA 5:23:46.090-5:23:46.148
Tick 181945(181832), Delay 62 ms, IGT 2:31:30.283, RTA 5:23:46.148-5:23:46.210
Tick 181946(181833), Delay 31 ms, IGT 2:31:30.333, RTA 5:23:46.210-5:23:46.241
Tick 181947(181834), Delay 57 ms, IGT 2:31:30.383, RTA 5:23:46.241-5:23:46.298
Tick 181948(181835), Delay 61 ms, IGT 2:31:30.433, RTA 5:23:46.298-5:23:46.359
Tick 181949(181836), Delay 31 ms, IGT 2:31:30.483, RTA 5:23:46.359-5:23:46.390
Tick 181950(181837), Delay 57 ms, IGT 2:31:30.533, RTA 5:23:46.390-5:23:46.447
Tick 181951(181838), Delay 63 ms, IGT 2:31:30.583, RTA 5:23:46.447-5:23:46.510
Tick 181952(181839), Delay 31 ms, IGT 2:31:30.633, RTA 5:23:46.510-5:23:46.541
Tick 181953(181840), Delay 57 ms, IGT 2:31:30.683, RTA 5:23:46.541-5:23:46.598
Tick 181954(181841), Delay 61 ms, IGT 2:31:30.733, RTA 5:23:46.598-5:23:46.659
Tick 181955(181842), Delay 33 ms, IGT 2:31:30.783, RTA 5:23:46.659-5:23:46.692
Tick 181956(181843), Delay 55 ms, IGT 2:31:30.833, RTA 5:23:46.692-5:23:46.747
Tick 181957(181844), Delay 63 ms, IGT 2:31:30.883, RTA 5:23:46.747-5:23:46.810
Tick 181958(181845), Delay 30 ms, IGT 2:31:30.933, RTA 5:23:46.810-5:23:46.840
Tick 181959(181846), Delay 61 ms, IGT 2:31:30.983, RTA 5:23:46.840-5:23:46.901
Tick 181960(181847), Delay 61 ms, IGT 2:31:31.033, RTA 5:23:46.901-5:23:46.962
Tick 181961(181848), Delay 31 ms, IGT 2:31:31.083, RTA 5:23:46.962-5:23:46.993
Tick 181962(181849), Delay 61 ms, IGT 2:31:31.133, RTA 5:23:46.993-5:23:47.054
Tick 181963(181850), Delay 61 ms, IGT 2:31:31.183, RTA 5:23:47.054-5:23:47.115
Tick 181964(181851), Delay 30 ms, IGT 2:31:31.233, RTA 5:23:47.115-5:23:47.145
Tick 181965(181852), Delay 61 ms, IGT 2:31:31.283, RTA 5:23:47.145-5:23:47.206
Tick 181966(181853), Delay 62 ms, IGT 2:31:31.333, RTA 5:23:47.206-5:23:47.268
Tick 181967(181854), Delay 31 ms, IGT 2:31:31.383, RTA 5:23:47.268-5:23:47.299
Tick 181968(181855), Delay 63 ms, IGT 2:31:31.433, RTA 5:23:47.299-5:23:47.362
Tick 181969(181856), Delay 30 ms, IGT 2:31:31.483, RTA 5:23:47.362-5:23:47.392
Tick 181970(181857), Delay 61 ms, IGT 2:31:31.533, RTA 5:23:47.392-5:23:47.453
Tick 181971(181858), Delay 60 ms, IGT 2:31:31.583, RTA 5:23:47.453-5:23:47.513
Tick 181972(181859), Delay 31 ms, IGT 2:31:31.633, RTA 5:23:47.513-5:23:47.544
Tick 181973(181860), Delay 61 ms, IGT 2:31:31.683, RTA 5:23:47.544-5:23:47.605
Tick 181974(181861), Delay 62 ms, IGT 2:31:31.733, RTA 5:23:47.605-5:23:47.667
Tick 181975(181862), Delay 30 ms, IGT 2:31:31.783, RTA 5:23:47.667-5:23:47.697
Tick 181978(181865), Delay 62 ms, IGT 2:31:31.933, RTA 5:23:47.798-5:23:47.860
Tick 181979(181866), Delay 31 ms, IGT 2:31:31.983, RTA 5:23:47.860-5:23:47.891
Tick 181980(181867), Delay 57 ms, IGT 2:31:32.033, RTA 5:23:47.891-5:23:47.948
Tick 181981(181868), Delay 62 ms, IGT 2:31:32.083, RTA 5:23:47.948-5:23:48.010
Tick 181982(181869), Delay 30 ms, IGT 2:31:32.133, RTA 5:23:48.010-5:23:48.040
Tick 181983(181870), Delay 57 ms, IGT 2:31:32.183, RTA 5:23:48.040-5:23:48.097
Tick 181984(181871), Delay 62 ms, IGT 2:31:32.233, RTA 5:23:48.097-5:23:48.159
Tick 181985(181872), Delay 60 ms, IGT 2:31:32.283, RTA 5:23:48.159-5:23:48.219
Tick 181986(181873), Delay 28 ms, IGT 2:31:32.333, RTA 5:23:48.219-5:23:48.247
Tick 181987(181874), Delay 63 ms, IGT 2:31:32.383, RTA 5:23:48.247-5:23:48.310
Tick 181988(181875), Delay 30 ms, IGT 2:31:32.433, RTA 5:23:48.310-5:23:48.340
Tick 181989(181876), Delay 57 ms, IGT 2:31:32.483, RTA 5:23:48.340-5:23:48.397
Tick 181990(181877), Delay 63 ms, IGT 2:31:32.533, RTA 5:23:48.397-5:23:48.460
Tick 181991(181878), Delay 30 ms, IGT 2:31:32.583, RTA 5:23:48.460-5:23:48.490
Tick 181992(181879), Delay 62 ms, IGT 2:31:32.633, RTA 5:23:48.490-5:23:48.552
Tick 181993(181880), Delay 61 ms, IGT 2:31:32.683, RTA 5:23:48.552-5:23:48.613
Tick 181994(181881), Delay 31 ms, IGT 2:31:32.733, RTA 5:23:48.613-5:23:48.644
Tick 181995(181882), Delay 61 ms, IGT 2:31:32.783, RTA 5:23:48.644-5:23:48.705
Tick 181996(181883), Delay 42 ms, IGT 2:31:32.833, RTA 5:23:48.705-5:23:48.747
Tick 181997(181884), Delay 62 ms, IGT 2:31:32.883, RTA 5:23:48.747-5:23:48.809
Tick 181998(181885), Delay 31 ms, IGT 2:31:32.933, RTA 5:23:48.809-5:23:48.840
Tick 181999(181886), Delay 62 ms, IGT 2:31:32.983, RTA 5:23:48.840-5:23:48.902
Tick 182000(181887), Delay 60 ms, IGT 2:31:33.033, RTA 5:23:48.902-5:23:48.962
Tick 182001(181888), Delay 31 ms, IGT 2:31:33.083, RTA 5:23:48.962-5:23:48.993
Tick 182002(181889), Delay 62 ms, IGT 2:31:33.133, RTA 5:23:48.993-5:23:49.055
Tick 182003(181890), Delay 60 ms, IGT 2:31:33.183, RTA 5:23:49.055-5:23:49.115
Tick 182004(181891), Delay 31 ms, IGT 2:31:33.233, RTA 5:23:49.115-5:23:49.146
Tick 182005(181892), Delay 63 ms, IGT 2:31:33.283, RTA 5:23:49.146-5:23:49.209
Tick 182006(181893), Delay 31 ms, IGT 2:31:33.333, RTA 5:23:49.209-5:23:49.240
Tick 182007(181894), Delay 60 ms, IGT 2:31:33.383, RTA 5:23:49.240-5:23:49.300
Tick 182008(181895), Delay 62 ms, IGT 2:31:33.433, RTA 5:23:49.300-5:23:49.362
Tick 182009(181896), Delay 30 ms, IGT 2:31:33.483, RTA 5:23:49.362-5:23:49.392
Tick 182010(181897), Delay 62 ms, IGT 2:31:33.533, RTA 5:23:49.392-5:23:49.454
Tick 182011(181898), Delay 62 ms, IGT 2:31:33.583, RTA 5:23:49.454-5:23:49.516
Tick 182012(181899), Delay 30 ms, IGT 2:31:33.633, RTA 5:23:49.516-5:23:49.546
Tick 182013(181900), Delay 62 ms, IGT 2:31:33.683, RTA 5:23:49.546-5:23:49.608
Tick 182014(181901), Delay 61 ms, IGT 2:31:33.733, RTA 5:23:49.608-5:23:49.669
Tick 182015(181902), Delay 31 ms, IGT 2:31:33.783, RTA 5:23:49.669-5:23:49.700
Tick 182017(181904), Delay 65 ms, IGT 2:31:33.883, RTA 5:23:49.747-5:23:49.812
Tick 182018(181905), Delay 31 ms, IGT 2:31:33.933, RTA 5:23:49.812-5:23:49.843
Tick 182019(181906), Delay 55 ms, IGT 2:31:33.983, RTA 5:23:49.843-5:23:49.898
Tick 182020(181907), Delay 62 ms, IGT 2:31:34.033, RTA 5:23:49.898-5:23:49.960
Tick 182021(181908), Delay 31 ms, IGT 2:31:34.083, RTA 5:23:49.960-5:23:49.991
Tick 182022(181909), Delay 57 ms, IGT 2:31:34.133, RTA 5:23:49.991-5:23:50.048
Tick 182023(181910), Delay 60 ms, IGT 2:31:34.183, RTA 5:23:50.048-5:23:50.108
Tick 182024(181911), Delay 32 ms, IGT 2:31:34.233, RTA 5:23:50.108-5:23:50.140
Tick 182025(181912), Delay 58 ms, IGT 2:31:34.283, RTA 5:23:50.140-5:23:50.198
Tick 182026(181913), Delay 61 ms, IGT 2:31:34.333, RTA 5:23:50.198-5:23:50.259
Tick 182027(181914), Delay 31 ms, IGT 2:31:34.383, RTA 5:23:50.259-5:23:50.290
Tick 182028(181915), Delay 58 ms, IGT 2:31:34.433, RTA 5:23:50.290-5:23:50.348
Tick 182029(181916), Delay 61 ms, IGT 2:31:34.483, RTA 5:23:50.348-5:23:50.409
Tick 182030(181917), Delay 61 ms, IGT 2:31:34.533, RTA 5:23:50.409-5:23:50.470
Tick 182031(181918), Delay 27 ms, IGT 2:31:34.583, RTA 5:23:50.470-5:23:50.497
Tick 182032(181919), Delay 62 ms, IGT 2:31:34.633, RTA 5:23:50.497-5:23:50.559
Tick 182033(181920), Delay 31 ms, IGT 2:31:34.683, RTA 5:23:50.559-5:23:50.590
Tick 182034(181921), Delay 59 ms, IGT 2:31:34.733, RTA 5:23:50.590-5:23:50.649
Tick 182035(181922), Delay 61 ms, IGT 2:31:34.783, RTA 5:23:50.649-5:23:50.710
Tick 182036(181923), Delay 30 ms, IGT 2:31:34.833, RTA 5:23:50.710-5:23:50.740
Tick 182037(181924), Delay 58 ms, IGT 2:31:34.883, RTA 5:23:50.740-5:23:50.798
Tick 182038(181925), Delay 62 ms, IGT 2:31:34.933, RTA 5:23:50.798-5:23:50.860
Tick 182039(181926), Delay 31 ms, IGT 2:31:34.983, RTA 5:23:50.860-5:23:50.891
Tick 182040(181927), Delay 56 ms, IGT 2:31:35.033, RTA 5:23:50.891-5:23:50.947
Tick 182041(181928), Delay 63 ms, IGT 2:31:35.083, RTA 5:23:50.947-5:23:51.010
Tick 182042(181929), Delay 30 ms, IGT 2:31:35.133, RTA 5:23:51.010-5:23:51.040
Tick 182043(181930), Delay 59 ms, IGT 2:31:35.183, RTA 5:23:51.040-5:23:51.099
Tick 182044(181931), Delay 62 ms, IGT 2:31:35.233, RTA 5:23:51.099-5:23:51.161
Tick 182045(181932), Delay 32 ms, IGT 2:31:35.283, RTA 5:23:51.161-5:23:51.193
Tick 182046(181933), Delay 55 ms, IGT 2:31:35.333, RTA 5:23:51.193-5:23:51.248
Tick 182047(181934), Delay 62 ms, IGT 2:31:35.383, RTA 5:23:51.248-5:23:51.310
Tick 182048(181935), Delay 31 ms, IGT 2:31:35.433, RTA 5:23:51.310-5:23:51.341
Tick 182049(181936), Delay 57 ms, IGT 2:31:35.483, RTA 5:23:51.341-5:23:51.398
Tick 182050(181937), Delay 63 ms, IGT 2:31:35.533, RTA 5:23:51.398-5:23:51.461
Tick 182051(181938), Delay 30 ms, IGT 2:31:35.583, RTA 5:23:51.461-5:23:51.491
Tick 182052(181939), Delay 57 ms, IGT 2:31:35.633, RTA 5:23:51.491-5:23:51.548
Tick 182053(181940), Delay 63 ms, IGT 2:31:35.683, RTA 5:23:51.548-5:23:51.611
Tick 182054(181941), Delay 32 ms, IGT 2:31:35.733, RTA 5:23:51.611-5:23:51.643
Tick 182055(181942), Delay 55 ms, IGT 2:31:35.783, RTA 5:23:51.643-5:23:51.698
Tick 182060(181947), Delay 62 ms, IGT 2:31:36.033, RTA 5:23:51.897-5:23:51.959
Tick 182061(181948), Delay 31 ms, IGT 2:31:36.083, RTA 5:23:51.959-5:23:51.990
Tick 182062(181949), Delay 70 ms, IGT 2:31:36.133, RTA 5:23:51.990-5:23:52.060
Tick 182063(181950), Delay 30 ms, IGT 2:31:36.183, RTA 5:23:52.060-5:23:52.090
Tick 182064(181951), Delay 57 ms, IGT 2:31:36.233, RTA 5:23:52.090-5:23:52.147
Tick 182065(181952), Delay 63 ms, IGT 2:31:36.283, RTA 5:23:52.147-5:23:52.210
Tick 182066(181953), Delay 31 ms, IGT 2:31:36.333, RTA 5:23:52.210-5:23:52.241
Tick 182067(181954), Delay 57 ms, IGT 2:31:36.383, RTA 5:23:52.241-5:23:52.298
Tick 182068(181955), Delay 62 ms, IGT 2:31:36.433, RTA 5:23:52.298-5:23:52.360
Tick 182069(181956), Delay 30 ms, IGT 2:31:36.483, RTA 5:23:52.360-5:23:52.390
Tick 182070(181957), Delay 58 ms, IGT 2:31:36.533, RTA 5:23:52.390-5:23:52.448
Tick 182071(181958), Delay 61 ms, IGT 2:31:36.583, RTA 5:23:52.448-5:23:52.509
Tick 182072(181959), Delay 31 ms, IGT 2:31:36.633, RTA 5:23:52.509-5:23:52.540
Tick 182073(181960), Delay 58 ms, IGT 2:31:36.683, RTA 5:23:52.540-5:23:52.598
Tick 182074(181961), Delay 61 ms, IGT 2:31:36.733, RTA 5:23:52.598-5:23:52.659
Tick 182075(181962), Delay 32 ms, IGT 2:31:36.783, RTA 5:23:52.659-5:23:52.691
Tick 182076(181963), Delay 56 ms, IGT 2:31:36.833, RTA 5:23:52.691-5:23:52.747
Tick 182077(181964), Delay 69 ms, IGT 2:31:36.883, RTA 5:23:52.747-5:23:52.816
Tick 182078(181965), Delay 30 ms, IGT 2:31:36.933, RTA 5:23:52.816-5:23:52.846
Tick 182080(181967), Delay 61 ms, IGT 2:31:37.033, RTA 5:23:52.898-5:23:52.959
Tick 182081(181968), Delay 31 ms, IGT 2:31:37.083, RTA 5:23:52.959-5:23:52.990
Tick 182082(181969), Delay 59 ms, IGT 2:31:37.133, RTA 5:23:52.990-5:23:53.049
Tick 182083(181970), Delay 62 ms, IGT 2:31:37.183, RTA 5:23:53.049-5:23:53.111
Tick 182084(181971), Delay 31 ms, IGT 2:31:37.233, RTA 5:23:53.111-5:23:53.142
Tick 182085(181972), Delay 56 ms, IGT 2:31:37.283, RTA 5:23:53.142-5:23:53.198
Tick 182086(181973), Delay 62 ms, IGT 2:31:37.333, RTA 5:23:53.198-5:23:53.260
Tick 182087(181974), Delay 30 ms, IGT 2:31:37.383, RTA 5:23:53.260-5:23:53.290
Tick 182088(181975), Delay 58 ms, IGT 2:31:37.433, RTA 5:23:53.290-5:23:53.348
Tick 182089(181976), Delay 62 ms, IGT 2:31:37.483, RTA 5:23:53.348-5:23:53.410
Tick 182090(181977), Delay 30 ms, IGT 2:31:37.533, RTA 5:23:53.410-5:23:53.440
Tick 182091(181978), Delay 58 ms, IGT 2:31:37.583, RTA 5:23:53.440-5:23:53.498
Tick 182092(181979), Delay 61 ms, IGT 2:31:37.633, RTA 5:23:53.498-5:23:53.559
Tick 182093(181980), Delay 31 ms, IGT 2:31:37.683, RTA 5:23:53.559-5:23:53.590
Tick 182094(181981), Delay 58 ms, IGT 2:31:37.733, RTA 5:23:53.590-5:23:53.648
Tick 182095(181982), Delay 60 ms, IGT 2:31:37.783, RTA 5:23:53.648-5:23:53.708
Tick 182096(181983), Delay 39 ms, IGT 2:31:37.833, RTA 5:23:53.708-5:23:53.747
Tick 182098(181985), Delay 61 ms, IGT 2:31:37.933, RTA 5:23:53.798-5:23:53.859
Tick 182099(181986), Delay 31 ms, IGT 2:31:37.983, RTA 5:23:53.859-5:23:53.890
Tick 182100(181987), Delay 59 ms, IGT 2:31:38.033, RTA 5:23:53.890-5:23:53.949
Tick 182101(181988), Delay 60 ms, IGT 2:31:38.083, RTA 5:23:53.949-5:23:54.009
Tick 182102(181989), Delay 31 ms, IGT 2:31:38.133, RTA 5:23:54.009-5:23:54.040
Tick 182103(181990), Delay 62 ms, IGT 2:31:38.183, RTA 5:23:54.040-5:23:54.102
Tick 182104(181991), Delay 61 ms, IGT 2:31:38.233, RTA 5:23:54.102-5:23:54.163
Tick 182105(181992), Delay 31 ms, IGT 2:31:38.283, RTA 5:23:54.163-5:23:54.194
Tick 182106(181993), Delay 61 ms, IGT 2:31:38.333, RTA 5:23:54.194-5:23:54.255
Tick 182107(181994), Delay 62 ms, IGT 2:31:38.383, RTA 5:23:54.255-5:23:54.317
Tick 182108(181995), Delay 30 ms, IGT 2:31:38.433, RTA 5:23:54.317-5:23:54.347
Tick 182109(181996), Delay 62 ms, IGT 2:31:38.483, RTA 5:23:54.347-5:23:54.409
Tick 182110(181997), Delay 32 ms, IGT 2:31:38.533, RTA 5:23:54.409-5:23:54.441
Tick 182111(181998), Delay 61 ms, IGT 2:31:38.583, RTA 5:23:54.441-5:23:54.502
Tick 182113(182000), Delay 62 ms, IGT 2:31:38.683, RTA 5:23:54.548-5:23:54.610
Tick 182114(182001), Delay 30 ms, IGT 2:31:38.733, RTA 5:23:54.610-5:23:54.640
Tick 182115(182002), Delay 61 ms, IGT 2:31:38.783, RTA 5:23:54.640-5:23:54.701
Tick 182117(182004), Delay 65 ms, IGT 2:31:38.883, RTA 5:23:54.747-5:23:54.812
Tick 182118(182005), Delay 31 ms, IGT 2:31:38.933, RTA 5:23:54.812-5:23:54.843
Tick 182119(182006), Delay 62 ms, IGT 2:31:38.983, RTA 5:23:54.843-5:23:54.905
Tick 182120(182007), Delay 60 ms, IGT 2:31:39.033, RTA 5:23:54.905-5:23:54.965
Tick 182121(182008), Delay 30 ms, IGT 2:31:39.083, RTA 5:23:54.965-5:23:54.995
Tick 182122(182009), Delay 61 ms, IGT 2:31:39.133, RTA 5:23:54.995-5:23:55.056
Tick 182123(182010), Delay 61 ms, IGT 2:31:39.183, RTA 5:23:55.056-5:23:55.117
Tick 182124(182011), Delay 31 ms, IGT 2:31:39.233, RTA 5:23:55.117-5:23:55.148
Tick 182125(182012), Delay 61 ms, IGT 2:31:39.283, RTA 5:23:55.148-5:23:55.209
Tick 182126(182013), Delay 31 ms, IGT 2:31:39.333, RTA 5:23:55.209-5:23:55.240
Tick 182127(182014), Delay 61 ms, IGT 2:31:39.383, RTA 5:23:55.240-5:23:55.301
Tick 182128(182015), Delay 62 ms, IGT 2:31:39.433, RTA 5:23:55.301-5:23:55.363
Tick 182129(182016), Delay 31 ms, IGT 2:31:39.483, RTA 5:23:55.363-5:23:55.394
Tick 182131(182018), Delay 62 ms, IGT 2:31:39.583, RTA 5:23:55.448-5:23:55.510
Tick 182132(182019), Delay 30 ms, IGT 2:31:39.633, RTA 5:23:55.510-5:23:55.540
Tick 182133(182020), Delay 58 ms, IGT 2:31:39.683, RTA 5:23:55.540-5:23:55.598
Tick 182134(182021), Delay 62 ms, IGT 2:31:39.733, RTA 5:23:55.598-5:23:55.660
Tick 182135(182022), Delay 31 ms, IGT 2:31:39.783, RTA 5:23:55.660-5:23:55.691
Tick 182136(182023), Delay 56 ms, IGT 2:31:39.833, RTA 5:23:55.691-5:23:55.747
Tick 182137(182024), Delay 67 ms, IGT 2:31:39.883, RTA 5:23:55.747-5:23:55.814
Tick 182138(182025), Delay 30 ms, IGT 2:31:39.933, RTA 5:23:55.814-5:23:55.844
Tick 182139(182026), Delay 61 ms, IGT 2:31:39.983, RTA 5:23:55.844-5:23:55.905
Tick 182140(182027), Delay 61 ms, IGT 2:31:40.033, RTA 5:23:55.905-5:23:55.966
Tick 182141(182028), Delay 30 ms, IGT 2:31:40.083, RTA 5:23:55.966-5:23:55.996
Tick 182142(182029), Delay 61 ms, IGT 2:31:40.133, RTA 5:23:55.996-5:23:56.057
Tick 182143(182030), Delay 61 ms, IGT 2:31:40.183, RTA 5:23:56.057-5:23:56.118
Tick 182144(182031), Delay 30 ms, IGT 2:31:40.233, RTA 5:23:56.118-5:23:56.148
Tick 182145(182032), Delay 62 ms, IGT 2:31:40.283, RTA 5:23:56.148-5:23:56.210
Tick 182146(182033), Delay 30 ms, IGT 2:31:40.333, RTA 5:23:56.210-5:23:56.240
Tick 182147(182034), Delay 62 ms, IGT 2:31:40.383, RTA 5:23:56.240-5:23:56.302
Tick 182149(182036), Delay 62 ms, IGT 2:31:40.483, RTA 5:23:56.348-5:23:56.410
Tick 182150(182037), Delay 31 ms, IGT 2:31:40.533, RTA 5:23:56.410-5:23:56.441
Tick 182151(182038), Delay 56 ms, IGT 2:31:40.583, RTA 5:23:56.441-5:23:56.497
Tick 182152(182039), Delay 63 ms, IGT 2:31:40.633, RTA 5:23:56.497-5:23:56.560
Tick 182153(182040), Delay 30 ms, IGT 2:31:40.683, RTA 5:23:56.560-5:23:56.590
Tick 182154(182041), Delay 57 ms, IGT 2:31:40.733, RTA 5:23:56.590-5:23:56.647
Tick 182155(182042), Delay 63 ms, IGT 2:31:40.783, RTA 5:23:56.647-5:23:56.710
Tick 182156(182043), Delay 32 ms, IGT 2:31:40.833, RTA 5:23:56.710-5:23:56.742
Tick 182157(182044), Delay 56 ms, IGT 2:31:40.883, RTA 5:23:56.742-5:23:56.798
Tick 182158(182045), Delay 62 ms, IGT 2:31:40.933, RTA 5:23:56.798-5:23:56.860
Tick 182159(182046), Delay 31 ms, IGT 2:31:40.983, RTA 5:23:56.860-5:23:56.891
Tick 182160(182047), Delay 57 ms, IGT 2:31:41.033, RTA 5:23:56.891-5:23:56.948
Tick 182161(182048), Delay 60 ms, IGT 2:31:41.083, RTA 5:23:56.948-5:23:57.008
Tick 182162(182049), Delay 62 ms, IGT 2:31:41.133, RTA 5:23:57.008-5:23:57.070
Tick 182163(182050), Delay 28 ms, IGT 2:31:41.183, RTA 5:23:57.070-5:23:57.098
Tick 182164(182051), Delay 60 ms, IGT 2:31:41.233, RTA 5:23:57.098-5:23:57.158
Tick 182165(182052), Delay 62 ms, IGT 2:31:41.283, RTA 5:23:57.158-5:23:57.220
Tick 182166(182053), Delay 28 ms, IGT 2:31:41.333, RTA 5:23:57.220-5:23:57.248
Tick 182167(182054), Delay 62 ms, IGT 2:31:41.383, RTA 5:23:57.248-5:23:57.310
Tick 182168(182055), Delay 30 ms, IGT 2:31:41.433, RTA 5:23:57.310-5:23:57.340
Tick 182169(182056), Delay 61 ms, IGT 2:31:41.483, RTA 5:23:57.340-5:23:57.401
Tick 182170(182057), Delay 62 ms, IGT 2:31:41.533, RTA 5:23:57.401-5:23:57.463
Tick 182171(182058), Delay 30 ms, IGT 2:31:41.583, RTA 5:23:57.463-5:23:57.493
Tick 182172(182059), Delay 60 ms, IGT 2:31:41.633, RTA 5:23:57.493-5:23:57.553
Tick 182173(182060), Delay 61 ms, IGT 2:31:41.683, RTA 5:23:57.553-5:23:57.614
Tick 182174(182061), Delay 29 ms, IGT 2:31:41.733, RTA 5:23:57.614-5:23:57.643
Tick 182368(182255), Delay 355 ms, IGT 2:31:51.433, RTA 5:24:07.292-5:24:07.647
Tick 182951(182838), Delay 55 ms, IGT 2:32:20.583, RTA 5:24:36.745-5:24:36.800
Tick 183025(182912), Delay 8575 ms, IGT 2:32:24.283, RTA 5:24:40.446-5:24:49.021
Tick 183055(182942), Delay 55 ms, IGT 2:32:25.783, RTA 5:24:50.471-5:24:50.526
Tick 183102(182989), Delay 57 ms, IGT 2:32:28.133, RTA 5:24:52.820-5:24:52.877
Tick 183104(182991), Delay 44 ms, IGT 2:32:28.233, RTA 5:24:52.927-5:24:52.971
Tick 183137(183024), Delay 55 ms, IGT 2:32:29.883, RTA 5:24:54.570-5:24:54.625
Tick 183145(183032), Delay 45 ms, IGT 2:32:30.283, RTA 5:24:54.975-5:24:55.020
Tick 183168(183055), Delay 55 ms, IGT 2:32:31.433, RTA 5:24:56.120-5:24:56.175
Tick 183192(183079), Delay 55 ms, IGT 2:32:32.633, RTA 5:24:57.320-5:24:57.375
Tick 183225(183112), Delay 55 ms, IGT 2:32:34.283, RTA 5:24:58.970-5:24:59.025
Tick 183266(183153), Delay 15976 ms, IGT 2:32:36.333, RTA 5:25:01.021-5:25:16.997
Tick 183313(183200), Delay 57 ms, IGT 2:32:38.683, RTA 5:25:19.296-5:25:19.353
Tick 183314(183201), Delay 45 ms, IGT 2:32:38.733, RTA 5:25:19.353-5:25:19.398
Tick 183338(183225), Delay 2841 ms, IGT 2:32:39.933, RTA 5:25:20.551-5:25:23.392
Tick 183346(183233), Delay 8360 ms, IGT 2:32:40.333, RTA 5:25:23.743-5:25:32.103
Tick 183354(183241), Delay 14086 ms, IGT 2:32:40.733, RTA 5:25:32.455-5:25:46.541
Tick 183398(183285), Delay 58 ms, IGT 2:32:42.933, RTA 5:25:48.691-5:25:48.749
Tick 183399(183286), Delay 43 ms, IGT 2:32:42.983, RTA 5:25:48.749-5:25:48.792
Tick 183592(183479), Delay 45 ms, IGT 2:32:52.633, RTA 5:25:58.396-5:25:58.441
Tick 183667(183554), Delay 13422 ms, IGT 2:32:56.383, RTA 5:26:02.142-5:26:15.564
Tick 183749(183636), Delay 22000 ms, IGT 2:33:00.483, RTA 5:26:19.614-5:26:41.614
Tick 183761(183648), Delay 6921 ms, IGT 2:33:01.083, RTA 5:26:42.165-5:26:49.086
Tick 183776(183663), Delay 1189 ms, IGT 2:33:01.833, RTA 5:26:49.787-5:26:50.976
Tick 183784(183671), Delay 958 ms, IGT 2:33:02.233, RTA 5:26:51.325-5:26:52.283
Tick 183822(183709), Delay 55 ms, IGT 2:33:04.133, RTA 5:26:54.132-5:26:54.187
Tick 184339(184226), Delay 6725 ms, IGT 2:33:29.983, RTA 5:27:19.984-5:27:26.709
Tick 184391(184278), Delay 55 ms, IGT 2:33:32.583, RTA 5:27:29.258-5:27:29.313
Tick 184430(184317), Delay 44 ms, IGT 2:33:34.533, RTA 5:27:31.215-5:27:31.259
Tick 184506(184393), Delay 55 ms, IGT 2:33:38.333, RTA 5:27:35.007-5:27:35.062
Tick 184582(184469), Delay 56 ms, IGT 2:33:42.133, RTA 5:27:38.807-5:27:38.863
Tick 184764(184651), Delay 15388 ms, IGT 2:33:51.233, RTA 5:27:47.912-5:28:03.300
Tick 184766(184653), Delay 58 ms, IGT 2:33:51.333, RTA 5:28:03.349-5:28:03.407
Tick 184767(184654), Delay 45 ms, IGT 2:33:51.383, RTA 5:28:03.407-5:28:03.452
Tick 184982(184869), Delay 55 ms, IGT 2:34:02.133, RTA 5:28:14.149-5:28:14.204
Tick 185079(184966), Delay 9708 ms, IGT 2:34:06.983, RTA 5:28:19.000-5:28:28.708
Tick 185163(185050), Delay 44 ms, IGT 2:34:11.183, RTA 5:28:32.863-5:28:32.907
Tick 185182(185069), Delay 4595 ms, IGT 2:34:12.133, RTA 5:28:33.809-5:28:38.404
Tick 185188(185075), Delay 55 ms, IGT 2:34:12.433, RTA 5:28:38.654-5:28:38.709
Tick 185202(185089), Delay 5213 ms, IGT 2:34:13.133, RTA 5:28:39.357-5:28:44.570
Tick 185211(185098), Delay 3840 ms, IGT 2:34:13.583, RTA 5:28:44.971-5:28:48.811
Tick 185224(185111), Delay 45 ms, IGT 2:34:14.233, RTA 5:28:49.415-5:28:49.460
Tick 185378(185265), Delay 56 ms, IGT 2:34:21.933, RTA 5:28:57.111-5:28:57.167
Tick 185379(185266), Delay 45 ms, IGT 2:34:21.983, RTA 5:28:57.167-5:28:57.212
Tick 185818(185705), Delay 45 ms, IGT 2:34:43.933, RTA 5:29:19.116-5:29:19.161
Tick 185848(185735), Delay 55 ms, IGT 2:34:45.433, RTA 5:29:20.610-5:29:20.665
Tick 185860(185747), Delay 583 ms, IGT 2:34:46.033, RTA 5:29:21.212-5:29:21.795
Tick 185867(185754), Delay 55 ms, IGT 2:34:46.383, RTA 5:29:22.095-5:29:22.150
Tick 185870(185757), Delay 3429 ms, IGT 2:34:46.533, RTA 5:29:22.244-5:29:25.673
Tick 185888(185775), Delay 620 ms, IGT 2:34:47.433, RTA 5:29:26.524-5:29:27.144
Tick 185895(185782), Delay 4316 ms, IGT 2:34:47.783, RTA 5:29:27.446-5:29:31.762
Tick 186061(185948), Delay 55 ms, IGT 2:34:56.083, RTA 5:29:40.009-5:29:40.064
Tick 186062(185949), Delay 45 ms, IGT 2:34:56.133, RTA 5:29:40.064-5:29:40.109
Tick 186720(186607), Delay 55 ms, IGT 2:35:29.033, RTA 5:30:12.959-5:30:13.014
Tick 186758(186645), Delay 55 ms, IGT 2:35:30.933, RTA 5:30:14.859-5:30:14.914
Tick 186823(186710), Delay 55 ms, IGT 2:35:34.183, RTA 5:30:18.109-5:30:18.164
Tick 186836(186723), Delay 55 ms, IGT 2:35:34.833, RTA 5:30:18.759-5:30:18.814
Tick 186937(186824), Delay 45 ms, IGT 2:35:39.883, RTA 5:30:23.815-5:30:23.860
Tick 186960(186847), Delay 45 ms, IGT 2:35:41.033, RTA 5:30:24.964-5:30:25.009
Tick 186980(186867), Delay 44 ms, IGT 2:35:42.033, RTA 5:30:25.965-5:30:26.009
Tick 187003(186890), Delay 55 ms, IGT 2:35:43.183, RTA 5:30:27.110-5:30:27.165
Tick 187026(186913), Delay 45 ms, IGT 2:35:44.333, RTA 5:30:28.264-5:30:28.309
Tick 187027(186914), Delay 55 ms, IGT 2:35:44.383, RTA 5:30:28.309-5:30:28.364
Tick 187062(186949), Delay 45 ms, IGT 2:35:46.133, RTA 5:30:30.064-5:30:30.109
Tick 187266(187153), Delay 45 ms, IGT 2:35:56.333, RTA 5:30:40.264-5:30:40.309
Tick 187324(187211), Delay 44 ms, IGT 2:35:59.233, RTA 5:30:43.166-5:30:43.210
Tick 187350(187237), Delay 45 ms, IGT 2:36:00.533, RTA 5:30:44.465-5:30:44.510
Tick 187386(187273), Delay 45 ms, IGT 2:36:02.333, RTA 5:30:46.264-5:30:46.309
Tick 187526(187413), Delay 45 ms, IGT 2:36:09.333, RTA 5:30:53.264-5:30:53.309
Tick 187562(187449), Delay 58 ms, IGT 2:36:11.133, RTA 5:30:55.059-5:30:55.117
Tick 187563(187450), Delay 43 ms, IGT 2:36:11.183, RTA 5:30:55.117-5:30:55.160
Tick 187687(187574), Delay 55 ms, IGT 2:36:17.383, RTA 5:31:01.309-5:31:01.364
Tick 187723(187610), Delay 11974 ms, IGT 2:36:19.183, RTA 5:31:03.111-5:31:15.085
Tick 187737(187624), Delay 61 ms, IGT 2:36:19.883, RTA 5:31:15.735-5:31:15.796
Tick 187739(187626), Delay 41 ms, IGT 2:36:19.983, RTA 5:31:15.846-5:31:15.887
Tick 187762(187649), Delay 99 ms, IGT 2:36:21.133, RTA 5:31:16.985-5:31:17.084
Tick 187763(187650), Delay 0 ms, IGT 2:36:21.183, RTA 5:31:17.084-5:31:17.084
Tick 187957(187844), Delay 55 ms, IGT 2:36:30.883, RTA 5:31:26.734-5:31:26.789
Tick 187958(187845), Delay 60 ms, IGT 2:36:30.933, RTA 5:31:26.789-5:31:26.849
Tick 187959(187846), Delay 62 ms, IGT 2:36:30.983, RTA 5:31:26.849-5:31:26.911
Tick 187960(187847), Delay 30 ms, IGT 2:36:31.033, RTA 5:31:26.911-5:31:26.941
Tick 187961(187848), Delay 58 ms, IGT 2:36:31.083, RTA 5:31:26.941-5:31:26.999
Tick 187962(187849), Delay 61 ms, IGT 2:36:31.133, RTA 5:31:26.999-5:31:27.060
Tick 187963(187850), Delay 31 ms, IGT 2:36:31.183, RTA 5:31:27.060-5:31:27.091
Tick 187964(187851), Delay 57 ms, IGT 2:36:31.233, RTA 5:31:27.091-5:31:27.148
Tick 187965(187852), Delay 60 ms, IGT 2:36:31.283, RTA 5:31:27.148-5:31:27.208
Tick 187966(187853), Delay 31 ms, IGT 2:36:31.333, RTA 5:31:27.208-5:31:27.239
Tick 187967(187854), Delay 45 ms, IGT 2:36:31.383, RTA 5:31:27.239-5:31:27.284
Tick 187982(187869), Delay 43 ms, IGT 2:36:32.133, RTA 5:31:27.991-5:31:28.034
Tick 188398(188285), Delay 56 ms, IGT 2:36:52.933, RTA 5:31:48.784-5:31:48.840
Tick 188399(188286), Delay 45 ms, IGT 2:36:52.983, RTA 5:31:48.840-5:31:48.885
Tick 188414(188301), Delay 63 ms, IGT 2:36:53.733, RTA 5:31:49.586-5:31:49.649
Tick 188415(188302), Delay 61 ms, IGT 2:36:53.783, RTA 5:31:49.649-5:31:49.710
Tick 188416(188303), Delay 32 ms, IGT 2:36:53.833, RTA 5:31:49.710-5:31:49.742
Tick 188417(188304), Delay 61 ms, IGT 2:36:53.883, RTA 5:31:49.742-5:31:49.803
Tick 188418(188305), Delay 61 ms, IGT 2:36:53.933, RTA 5:31:49.803-5:31:49.864
Tick 188419(188306), Delay 30 ms, IGT 2:36:53.983, RTA 5:31:49.864-5:31:49.894
Tick 188421(188308), Delay 63 ms, IGT 2:36:54.083, RTA 5:31:49.947-5:31:50.010
Tick 188422(188309), Delay 31 ms, IGT 2:36:54.133, RTA 5:31:50.010-5:31:50.041
Tick 188423(188310), Delay 57 ms, IGT 2:36:54.183, RTA 5:31:50.041-5:31:50.098
Tick 188425(188312), Delay 61 ms, IGT 2:36:54.283, RTA 5:31:50.147-5:31:50.208
Tick 188426(188313), Delay 31 ms, IGT 2:36:54.333, RTA 5:31:50.208-5:31:50.239
Tick 188427(188314), Delay 70 ms, IGT 2:36:54.383, RTA 5:31:50.239-5:31:50.309
Tick 188428(188315), Delay 30 ms, IGT 2:36:54.433, RTA 5:31:50.309-5:31:50.339
Tick 188429(188316), Delay 62 ms, IGT 2:36:54.483, RTA 5:31:50.339-5:31:50.401
Tick 188430(188317), Delay 61 ms, IGT 2:36:54.533, RTA 5:31:50.401-5:31:50.462
Tick 188431(188318), Delay 32 ms, IGT 2:36:54.583, RTA 5:31:50.462-5:31:50.494
Tick 188432(188319), Delay 60 ms, IGT 2:36:54.633, RTA 5:31:50.494-5:31:50.554
Tick 188433(188320), Delay 31 ms, IGT 2:36:54.683, RTA 5:31:50.554-5:31:50.585
Tick 188434(188321), Delay 61 ms, IGT 2:36:54.733, RTA 5:31:50.585-5:31:50.646
Tick 188435(188322), Delay 63 ms, IGT 2:36:54.783, RTA 5:31:50.646-5:31:50.709
Tick 188436(188323), Delay 31 ms, IGT 2:36:54.833, RTA 5:31:50.709-5:31:50.740
Tick 188437(188324), Delay 62 ms, IGT 2:36:54.883, RTA 5:31:50.740-5:31:50.802
Tick 188439(188326), Delay 63 ms, IGT 2:36:54.983, RTA 5:31:50.848-5:31:50.911
Tick 188440(188327), Delay 30 ms, IGT 2:36:55.033, RTA 5:31:50.911-5:31:50.941
Tick 188441(188328), Delay 57 ms, IGT 2:36:55.083, RTA 5:31:50.941-5:31:50.998
Tick 188442(188329), Delay 61 ms, IGT 2:36:55.133, RTA 5:31:50.998-5:31:51.059
Tick 188443(188330), Delay 31 ms, IGT 2:36:55.183, RTA 5:31:51.059-5:31:51.090
Tick 188444(188331), Delay 57 ms, IGT 2:36:55.233, RTA 5:31:51.090-5:31:51.147
Tick 188445(188332), Delay 63 ms, IGT 2:36:55.283, RTA 5:31:51.147-5:31:51.210
Tick 188446(188333), Delay 32 ms, IGT 2:36:55.333, RTA 5:31:51.210-5:31:51.242
Tick 188447(188334), Delay 59 ms, IGT 2:36:55.383, RTA 5:31:51.242-5:31:51.301
Tick 188448(188335), Delay 62 ms, IGT 2:36:55.433, RTA 5:31:51.301-5:31:51.363
Tick 188449(188336), Delay 32 ms, IGT 2:36:55.483, RTA 5:31:51.363-5:31:51.395
Tick 188451(188338), Delay 61 ms, IGT 2:36:55.583, RTA 5:31:51.449-5:31:51.510
Tick 188452(188339), Delay 30 ms, IGT 2:36:55.633, RTA 5:31:51.510-5:31:51.540
Tick 188453(188340), Delay 57 ms, IGT 2:36:55.683, RTA 5:31:51.540-5:31:51.597
Tick 188454(188341), Delay 63 ms, IGT 2:36:55.733, RTA 5:31:51.597-5:31:51.660
Tick 188455(188342), Delay 34 ms, IGT 2:36:55.783, RTA 5:31:51.660-5:31:51.694
Tick 188457(188344), Delay 61 ms, IGT 2:36:55.883, RTA 5:31:51.747-5:31:51.808
Tick 188458(188345), Delay 31 ms, IGT 2:36:55.933, RTA 5:31:51.808-5:31:51.839
Tick 188459(188346), Delay 59 ms, IGT 2:36:55.983, RTA 5:31:51.839-5:31:51.898
Tick 188460(188347), Delay 62 ms, IGT 2:36:56.033, RTA 5:31:51.898-5:31:51.960
Tick 188461(188348), Delay 30 ms, IGT 2:36:56.083, RTA 5:31:51.960-5:31:51.990
Tick 188462(188349), Delay 58 ms, IGT 2:36:56.133, RTA 5:31:51.990-5:31:52.048
Tick 188463(188350), Delay 63 ms, IGT 2:36:56.183, RTA 5:31:52.048-5:31:52.111
Tick 188464(188351), Delay 31 ms, IGT 2:36:56.233, RTA 5:31:52.111-5:31:52.142
Tick 188465(188352), Delay 57 ms, IGT 2:36:56.283, RTA 5:31:52.142-5:31:52.199
Tick 188466(188353), Delay 68 ms, IGT 2:36:56.333, RTA 5:31:52.199-5:31:52.267
Tick 188467(188354), Delay 31 ms, IGT 2:36:56.383, RTA 5:31:52.267-5:31:52.298
Tick 188469(188356), Delay 63 ms, IGT 2:36:56.483, RTA 5:31:52.348-5:31:52.411
Tick 188470(188357), Delay 32 ms, IGT 2:36:56.533, RTA 5:31:52.411-5:31:52.443
Tick 188471(188358), Delay 55 ms, IGT 2:36:56.583, RTA 5:31:52.443-5:31:52.498
Tick 188472(188359), Delay 61 ms, IGT 2:36:56.633, RTA 5:31:52.498-5:31:52.559
Tick 188473(188360), Delay 31 ms, IGT 2:36:56.683, RTA 5:31:52.559-5:31:52.590
Tick 188474(188361), Delay 62 ms, IGT 2:36:56.733, RTA 5:31:52.590-5:31:52.652
Tick 188475(188362), Delay 64 ms, IGT 2:36:56.783, RTA 5:31:52.652-5:31:52.716
Tick 188476(188363), Delay 31 ms, IGT 2:36:56.833, RTA 5:31:52.716-5:31:52.747
Tick 188477(188364), Delay 62 ms, IGT 2:36:56.883, RTA 5:31:52.747-5:31:52.809
Tick 188478(188365), Delay 30 ms, IGT 2:36:56.933, RTA 5:31:52.809-5:31:52.839
Tick 188479(188366), Delay 63 ms, IGT 2:36:56.983, RTA 5:31:52.839-5:31:52.902
Tick 188480(188367), Delay 45 ms, IGT 2:36:57.033, RTA 5:31:52.902-5:31:52.947
Tick 188481(188368), Delay 62 ms, IGT 2:36:57.083, RTA 5:31:52.947-5:31:53.009
Tick 188482(188369), Delay 31 ms, IGT 2:36:57.133, RTA 5:31:53.009-5:31:53.040
Tick 188483(188370), Delay 58 ms, IGT 2:36:57.183, RTA 5:31:53.040-5:31:53.098
Tick 188485(188372), Delay 61 ms, IGT 2:36:57.283, RTA 5:31:53.147-5:31:53.208
Tick 188486(188373), Delay 31 ms, IGT 2:36:57.333, RTA 5:31:53.208-5:31:53.239
Tick 188487(188374), Delay 69 ms, IGT 2:36:57.383, RTA 5:31:53.239-5:31:53.308
Tick 188488(188375), Delay 31 ms, IGT 2:36:57.433, RTA 5:31:53.308-5:31:53.339
Tick 188489(188376), Delay 59 ms, IGT 2:36:57.483, RTA 5:31:53.339-5:31:53.398
Tick 188490(188377), Delay 62 ms, IGT 2:36:57.533, RTA 5:31:53.398-5:31:53.460
Tick 188491(188378), Delay 32 ms, IGT 2:36:57.583, RTA 5:31:53.460-5:31:53.492
Tick 188492(188379), Delay 56 ms, IGT 2:36:57.633, RTA 5:31:53.492-5:31:53.548
Tick 188493(188380), Delay 67 ms, IGT 2:36:57.683, RTA 5:31:53.548-5:31:53.615
Tick 188494(188381), Delay 32 ms, IGT 2:36:57.733, RTA 5:31:53.615-5:31:53.647
Tick 188495(188382), Delay 62 ms, IGT 2:36:57.783, RTA 5:31:53.647-5:31:53.709
Tick 188496(188383), Delay 33 ms, IGT 2:36:57.833, RTA 5:31:53.709-5:31:53.742
Tick 188497(188384), Delay 62 ms, IGT 2:36:57.883, RTA 5:31:53.742-5:31:53.804
Tick 188498(188385), Delay 31 ms, IGT 2:36:57.933, RTA 5:31:53.804-5:31:53.835
Tick 188499(188386), Delay 61 ms, IGT 2:36:57.983, RTA 5:31:53.835-5:31:53.896
Tick 188500(188387), Delay 60 ms, IGT 2:36:58.033, RTA 5:31:53.896-5:31:53.956
Tick 188501(188388), Delay 32 ms, IGT 2:36:58.083, RTA 5:31:53.956-5:31:53.988
Tick 188502(188389), Delay 62 ms, IGT 2:36:58.133, RTA 5:31:53.988-5:31:54.050
Tick 188503(188390), Delay 62 ms, IGT 2:36:58.183, RTA 5:31:54.050-5:31:54.112
Tick 188504(188391), Delay 31 ms, IGT 2:36:58.233, RTA 5:31:54.112-5:31:54.143
Tick 188505(188392), Delay 65 ms, IGT 2:36:58.283, RTA 5:31:54.143-5:31:54.208
Tick 188506(188393), Delay 31 ms, IGT 2:36:58.333, RTA 5:31:54.208-5:31:54.239
Tick 188507(188394), Delay 59 ms, IGT 2:36:58.383, RTA 5:31:54.239-5:31:54.298
Tick 188508(188395), Delay 61 ms, IGT 2:36:58.433, RTA 5:31:54.298-5:31:54.359
Tick 188509(188396), Delay 31 ms, IGT 2:36:58.483, RTA 5:31:54.359-5:31:54.390
Tick 188510(188397), Delay 58 ms, IGT 2:36:58.533, RTA 5:31:54.390-5:31:54.448
Tick 188511(188398), Delay 62 ms, IGT 2:36:58.583, RTA 5:31:54.448-5:31:54.510
Tick 188512(188399), Delay 32 ms, IGT 2:36:58.633, RTA 5:31:54.510-5:31:54.542
Tick 188513(188400), Delay 61 ms, IGT 2:36:58.683, RTA 5:31:54.542-5:31:54.603
Tick 188514(188401), Delay 62 ms, IGT 2:36:58.733, RTA 5:31:54.603-5:31:54.665
Tick 188515(188402), Delay 30 ms, IGT 2:36:58.783, RTA 5:31:54.665-5:31:54.695
Tick 188517(188404), Delay 62 ms, IGT 2:36:58.883, RTA 5:31:54.748-5:31:54.810
Tick 188518(188405), Delay 31 ms, IGT 2:36:58.933, RTA 5:31:54.810-5:31:54.841
Tick 188519(188406), Delay 58 ms, IGT 2:36:58.983, RTA 5:31:54.841-5:31:54.899
Tick 188520(188407), Delay 62 ms, IGT 2:36:59.033, RTA 5:31:54.899-5:31:54.961
Tick 188521(188408), Delay 31 ms, IGT 2:36:59.083, RTA 5:31:54.961-5:31:54.992
Tick 188522(188409), Delay 55 ms, IGT 2:36:59.133, RTA 5:31:54.992-5:31:55.047
Tick 188523(188410), Delay 63 ms, IGT 2:36:59.183, RTA 5:31:55.047-5:31:55.110
Tick 188524(188411), Delay 31 ms, IGT 2:36:59.233, RTA 5:31:55.110-5:31:55.141
Tick 188525(188412), Delay 57 ms, IGT 2:36:59.283, RTA 5:31:55.141-5:31:55.198
Tick 188526(188413), Delay 61 ms, IGT 2:36:59.333, RTA 5:31:55.198-5:31:55.259
Tick 188527(188414), Delay 31 ms, IGT 2:36:59.383, RTA 5:31:55.259-5:31:55.290
Tick 188528(188415), Delay 60 ms, IGT 2:36:59.433, RTA 5:31:55.290-5:31:55.350
Tick 188529(188416), Delay 61 ms, IGT 2:36:59.483, RTA 5:31:55.350-5:31:55.411
Tick 188530(188417), Delay 32 ms, IGT 2:36:59.533, RTA 5:31:55.411-5:31:55.443
Tick 188531(188418), Delay 55 ms, IGT 2:36:59.583, RTA 5:31:55.443-5:31:55.498
Tick 188532(188419), Delay 62 ms, IGT 2:36:59.633, RTA 5:31:55.498-5:31:55.560
Tick 188533(188420), Delay 30 ms, IGT 2:36:59.683, RTA 5:31:55.560-5:31:55.590
Tick 188534(188421), Delay 62 ms, IGT 2:36:59.733, RTA 5:31:55.590-5:31:55.652
Tick 188535(188422), Delay 61 ms, IGT 2:36:59.783, RTA 5:31:55.652-5:31:55.713
Tick 188536(188423), Delay 30 ms, IGT 2:36:59.833, RTA 5:31:55.713-5:31:55.743
Tick 188537(188424), Delay 65 ms, IGT 2:36:59.883, RTA 5:31:55.743-5:31:55.808
Tick 188538(188425), Delay 31 ms, IGT 2:36:59.933, RTA 5:31:55.808-5:31:55.839
Tick 188539(188426), Delay 62 ms, IGT 2:36:59.983, RTA 5:31:55.839-5:31:55.901
Tick 188540(188427), Delay 62 ms, IGT 2:37:00.033, RTA 5:31:55.901-5:31:55.963
Tick 188541(188428), Delay 30 ms, IGT 2:37:00.083, RTA 5:31:55.963-5:31:55.993
Tick 188542(188429), Delay 61 ms, IGT 2:37:00.133, RTA 5:31:55.993-5:31:56.054
Tick 188543(188430), Delay 61 ms, IGT 2:37:00.183, RTA 5:31:56.054-5:31:56.115
Tick 188544(188431), Delay 31 ms, IGT 2:37:00.233, RTA 5:31:56.115-5:31:56.146
Tick 188545(188432), Delay 61 ms, IGT 2:37:00.283, RTA 5:31:56.146-5:31:56.207
Tick 188546(188433), Delay 31 ms, IGT 2:37:00.333, RTA 5:31:56.207-5:31:56.238
Tick 188547(188434), Delay 61 ms, IGT 2:37:00.383, RTA 5:31:56.238-5:31:56.299
Tick 188548(188435), Delay 63 ms, IGT 2:37:00.433, RTA 5:31:56.299-5:31:56.362
Tick 188549(188436), Delay 23 ms, IGT 2:37:00.483, RTA 5:31:56.362-5:31:56.385
Tick 188550(188437), Delay 56 ms, IGT 2:37:00.533, RTA 5:31:56.385-5:31:56.441
Tick 188886(188773), Delay 45 ms, IGT 2:37:17.333, RTA 5:32:13.189-5:32:13.234
Tick 188963(188850), Delay 56 ms, IGT 2:37:21.183, RTA 5:32:17.035-5:32:17.091
Tick 188964(188851), Delay 43 ms, IGT 2:37:21.233, RTA 5:32:17.091-5:32:17.134
Tick 189130(189017), Delay 18810 ms, IGT 2:37:29.533, RTA 5:32:25.384-5:32:44.194
Tick 189247(189134), Delay 58 ms, IGT 2:37:35.383, RTA 5:32:49.991-5:32:50.049
Tick 189248(189135), Delay 43 ms, IGT 2:37:35.433, RTA 5:32:50.049-5:32:50.092
Tick 190633(190520), Delay 45 ms, IGT 2:38:44.683, RTA 5:33:59.296-5:33:59.341
Tick 191281(191168), Delay 45 ms, IGT 2:39:17.083, RTA 5:34:31.696-5:34:31.741
Tick 191338(191225), Delay 55 ms, IGT 2:39:19.933, RTA 5:34:34.541-5:34:34.596
Tick 191824(191711), Delay 3783 ms, IGT 2:39:44.233, RTA 5:34:58.842-5:35:02.625
Tick 192560(192447), Delay 45 ms, IGT 2:40:21.033, RTA 5:35:39.379-5:35:39.424
Tick 192568(192455), Delay 45 ms, IGT 2:40:21.433, RTA 5:35:39.779-5:35:39.824
Tick 192755(192642), Delay 55 ms, IGT 2:40:30.783, RTA 5:35:49.125-5:35:49.180
Tick 192756(192643), Delay 44 ms, IGT 2:40:30.833, RTA 5:35:49.180-5:35:49.224
Tick 193374(193261), Delay 55 ms, IGT 2:41:01.733, RTA 5:36:20.074-5:36:20.129
Tick 193767(193654), Delay 55 ms, IGT 2:41:21.383, RTA 5:36:39.725-5:36:39.780
Tick 193772(193659), Delay 45 ms, IGT 2:41:21.633, RTA 5:36:39.979-5:36:40.024
Tick 194227(194114), Delay 11059 ms, IGT 2:41:44.383, RTA 5:37:02.726-5:37:13.785
Tick 194783(194670), Delay 55 ms, IGT 2:42:12.183, RTA 5:37:41.536-5:37:41.591
Tick 194784(194671), Delay 45 ms, IGT 2:42:12.233, RTA 5:37:41.591-5:37:41.636
Tick 195127(195014), Delay 56 ms, IGT 2:42:29.383, RTA 5:37:58.735-5:37:58.791
Tick 195128(195015), Delay 44 ms, IGT 2:42:29.433, RTA 5:37:58.791-5:37:58.835
Tick 195435(195322), Delay 55 ms, IGT 2:42:44.783, RTA 5:38:14.137-5:38:14.192
Tick 195436(195323), Delay 44 ms, IGT 2:42:44.833, RTA 5:38:14.192-5:38:14.236
Tick 195595(195482), Delay 55 ms, IGT 2:42:52.783, RTA 5:38:22.136-5:38:22.191
Tick 195621(195508), Delay 1540 ms, IGT 2:42:54.083, RTA 5:38:23.437-5:38:24.977
Tick 195628(195515), Delay 1378 ms, IGT 2:42:54.433, RTA 5:38:25.276-5:38:26.654
Tick 195640(195527), Delay 204 ms, IGT 2:42:55.033, RTA 5:38:27.207-5:38:27.411
Tick 195644(195531), Delay 45 ms, IGT 2:42:55.233, RTA 5:38:27.567-5:38:27.612
Tick 195654(195541), Delay 210 ms, IGT 2:42:55.733, RTA 5:38:28.063-5:38:28.273
Tick 195666(195553), Delay 440 ms, IGT 2:42:56.333, RTA 5:38:28.824-5:38:29.264
Tick 195674(195561), Delay 55 ms, IGT 2:42:56.733, RTA 5:38:29.610-5:38:29.665
Tick 195679(195566), Delay 2167 ms, IGT 2:42:56.983, RTA 5:38:29.862-5:38:32.029
Tick 195690(195577), Delay 2218 ms, IGT 2:42:57.533, RTA 5:38:32.530-5:38:34.748
Tick 195704(195591), Delay 993 ms, IGT 2:42:58.233, RTA 5:38:35.401-5:38:36.394
Tick 195719(195606), Delay 1912 ms, IGT 2:42:58.983, RTA 5:38:37.093-5:38:39.005
Tick 195802(195689), Delay 57 ms, IGT 2:43:03.133, RTA 5:38:43.106-5:38:43.163
Tick 195803(195690), Delay 45 ms, IGT 2:43:03.183, RTA 5:38:43.163-5:38:43.208
Tick 195944(195831), Delay 44 ms, IGT 2:43:10.233, RTA 5:38:50.211-5:38:50.255
Tick 196013(195900), Delay 18440 ms, IGT 2:43:13.683, RTA 5:38:53.655-5:39:12.095
Tick 196077(195964), Delay 56 ms, IGT 2:43:16.883, RTA 5:39:15.244-5:39:15.300
Tick 196078(195965), Delay 45 ms, IGT 2:43:16.933, RTA 5:39:15.300-5:39:15.345
Tick 196355(196242), Delay 56 ms, IGT 2:43:30.783, RTA 5:39:29.144-5:39:29.200
Tick 196356(196243), Delay 43 ms, IGT 2:43:30.833, RTA 5:39:29.200-5:39:29.243
Tick 196431(196318), Delay 5241 ms, IGT 2:43:34.583, RTA 5:39:32.943-5:39:38.184
Tick 196638(196525), Delay 55 ms, IGT 2:43:44.933, RTA 5:39:48.481-5:39:48.536
Tick 196765(196652), Delay 55 ms, IGT 2:43:51.283, RTA 5:39:54.833-5:39:54.888
Tick 196937(196824), Delay 55 ms, IGT 2:43:59.883, RTA 5:40:03.434-5:40:03.489
Tick 197120(197007), Delay 586 ms, IGT 2:44:09.033, RTA 5:40:12.585-5:40:13.171
Tick 197129(197016), Delay 1805 ms, IGT 2:44:09.483, RTA 5:40:13.572-5:40:15.377
Tick 197140(197027), Delay 7163 ms, IGT 2:44:10.033, RTA 5:40:15.876-5:40:23.039
Tick 197155(197042), Delay 1054 ms, IGT 2:44:10.783, RTA 5:40:23.740-5:40:24.794
Tick 197164(197051), Delay 1979 ms, IGT 2:44:11.233, RTA 5:40:25.195-5:40:27.174
Tick 197174(197061), Delay 5499 ms, IGT 2:44:11.733, RTA 5:40:27.627-5:40:33.126
Tick 197187(197074), Delay 45 ms, IGT 2:44:12.383, RTA 5:40:33.730-5:40:33.775
Tick 197205(197092), Delay 1163 ms, IGT 2:44:13.283, RTA 5:40:34.629-5:40:35.792
Tick 197212(197099), Delay 56 ms, IGT 2:44:13.633, RTA 5:40:36.089-5:40:36.145
Tick 197214(197101), Delay 2148 ms, IGT 2:44:13.733, RTA 5:40:36.193-5:40:38.341
Tick 197225(197112), Delay 1740 ms, IGT 2:44:14.283, RTA 5:40:38.843-5:40:40.583
Tick 197254(197141), Delay 1798 ms, IGT 2:44:15.733, RTA 5:40:41.985-5:40:43.783
Tick 197273(197160), Delay 55 ms, IGT 2:44:16.683, RTA 5:40:44.680-5:40:44.735
Tick 197274(197161), Delay 543 ms, IGT 2:44:16.733, RTA 5:40:44.735-5:40:45.278
Tick 197280(197167), Delay 55 ms, IGT 2:44:17.033, RTA 5:40:45.528-5:40:45.583
Tick 197281(197168), Delay 45 ms, IGT 2:44:17.083, RTA 5:40:45.583-5:40:45.628
Tick 197284(197171), Delay 425 ms, IGT 2:44:17.233, RTA 5:40:45.729-5:40:46.154
Tick 197285(197172), Delay 55 ms, IGT 2:44:17.283, RTA 5:40:46.154-5:40:46.209
Tick 197310(197197), Delay 1390 ms, IGT 2:44:18.533, RTA 5:40:47.406-5:40:48.796
Tick 197335(197222), Delay 3493 ms, IGT 2:44:19.783, RTA 5:40:49.997-5:40:53.490
Tick 197345(197232), Delay 5566 ms, IGT 2:44:20.283, RTA 5:40:53.943-5:40:59.509
Tick 197523(197410), Delay 45 ms, IGT 2:44:29.183, RTA 5:41:08.364-5:41:08.409
Tick 197637(197524), Delay 45 ms, IGT 2:44:34.883, RTA 5:41:14.065-5:41:14.110
Tick 198154(198041), Delay 55 ms, IGT 2:45:00.733, RTA 5:41:39.910-5:41:39.965
Tick 198192(198079), Delay 16215 ms, IGT 2:45:02.633, RTA 5:41:41.811-5:41:58.026
Tick 198407(198294), Delay 613 ms, IGT 2:45:13.383, RTA 5:42:08.727-5:42:09.340
Tick 198414(198301), Delay 777 ms, IGT 2:45:13.733, RTA 5:42:09.641-5:42:10.418
Tick 198443(198330), Delay 168 ms, IGT 2:45:15.183, RTA 5:42:11.817-5:42:11.985
Tick 198444(198331), Delay 1 ms, IGT 2:45:15.233, RTA 5:42:11.985-5:42:11.986
Tick 198445(198332), Delay 0 ms, IGT 2:45:15.283, RTA 5:42:11.986-5:42:11.986
Tick 198446(198333), Delay 34 ms, IGT 2:45:15.333, RTA 5:42:11.986-5:42:12.020
Tick 198460(198347), Delay 44 ms, IGT 2:45:16.033, RTA 5:42:12.673-5:42:12.717
Tick 198470(198357), Delay 44 ms, IGT 2:45:16.533, RTA 5:42:13.173-5:42:13.217
Tick 198498(198385), Delay 55 ms, IGT 2:45:17.933, RTA 5:42:14.569-5:42:14.624
Tick 198499(198386), Delay 44 ms, IGT 2:45:17.983, RTA 5:42:14.624-5:42:14.668
Tick 198521(198408), Delay 56 ms, IGT 2:45:19.083, RTA 5:42:15.717-5:42:15.773
Tick 198570(198457), Delay 55 ms, IGT 2:45:21.533, RTA 5:42:18.168-5:42:18.223
Tick 198585(198472), Delay 44 ms, IGT 2:45:22.283, RTA 5:42:18.925-5:42:18.969
Tick 198609(198496), Delay 56 ms, IGT 2:45:23.483, RTA 5:42:20.119-5:42:20.175
Tick 198613(198500), Delay 45 ms, IGT 2:45:23.683, RTA 5:42:20.322-5:42:20.367
Tick 198692(198579), Delay 71 ms, IGT 2:45:27.633, RTA 5:42:24.268-5:42:24.339
Tick 198693(198580), Delay 29 ms, IGT 2:45:27.683, RTA 5:42:24.339-5:42:24.368
Tick 198696(198583), Delay 45 ms, IGT 2:45:27.833, RTA 5:42:24.473-5:42:24.518
Tick 198833(198720), Delay 45 ms, IGT 2:45:34.683, RTA 5:42:31.322-5:42:31.367
Tick 198884(198771), Delay 6765 ms, IGT 2:45:37.233, RTA 5:42:33.870-5:42:40.635
Tick 198971(198858), Delay 329 ms, IGT 2:45:41.583, RTA 5:42:44.934-5:42:45.263
Tick 199212(199099), Delay 133 ms, IGT 2:45:53.633, RTA 5:42:57.262-5:42:57.395
Tick 199213(199100), Delay 1 ms, IGT 2:45:53.683, RTA 5:42:57.395-5:42:57.396
Tick 199214(199101), Delay 16 ms, IGT 2:45:53.733, RTA 5:42:57.396-5:42:57.412
Tick 199281(199168), Delay 56 ms, IGT 2:45:57.083, RTA 5:43:00.713-5:43:00.769
Tick 199282(199169), Delay 42 ms, IGT 2:45:57.133, RTA 5:43:00.769-5:43:00.811
Tick 199375(199262), Delay 145 ms, IGT 2:46:01.783, RTA 5:43:05.412-5:43:05.557
Tick 199376(199263), Delay 1 ms, IGT 2:46:01.833, RTA 5:43:05.557-5:43:05.558
Tick 199377(199264), Delay 4 ms, IGT 2:46:01.883, RTA 5:43:05.558-5:43:05.562
Tick 199385(199272), Delay 55 ms, IGT 2:46:02.283, RTA 5:43:05.915-5:43:05.970
Tick 199386(199273), Delay 45 ms, IGT 2:46:02.333, RTA 5:43:05.970-5:43:06.015
Tick 199421(199308), Delay 44 ms, IGT 2:46:04.083, RTA 5:43:07.717-5:43:07.761
Tick 199470(199357), Delay 45 ms, IGT 2:46:06.533, RTA 5:43:10.167-5:43:10.212
Tick 199538(199425), Delay 3819 ms, IGT 2:46:09.933, RTA 5:43:13.562-5:43:17.381
Tick 199608(199495), Delay 45 ms, IGT 2:46:13.433, RTA 5:43:20.834-5:43:20.879
Tick 199812(199699), Delay 135 ms, IGT 2:46:23.633, RTA 5:43:31.028-5:43:31.163
Tick 199813(199700), Delay 1 ms, IGT 2:46:23.683, RTA 5:43:31.163-5:43:31.164
Tick 199814(199701), Delay 16 ms, IGT 2:46:23.733, RTA 5:43:31.164-5:43:31.180
Tick 199994(199881), Delay 55 ms, IGT 2:46:32.733, RTA 5:43:40.129-5:43:40.184
Tick 199995(199882), Delay 45 ms, IGT 2:46:32.783, RTA 5:43:40.184-5:43:40.229
Tick 200103(199990), Delay 55 ms, IGT 2:46:38.183, RTA 5:43:45.580-5:43:45.635
Tick 200136(200023), Delay 20987 ms, IGT 2:46:39.833, RTA 5:43:47.231-5:44:08.218
Tick 200194(200081), Delay 55 ms, IGT 2:46:42.733, RTA 5:44:11.066-5:44:11.121
Tick 200248(200135), Delay 1521 ms, IGT 2:46:45.433, RTA 5:44:13.769-5:44:15.290
Tick 200287(200174), Delay 45 ms, IGT 2:46:47.383, RTA 5:44:17.196-5:44:17.241
Tick 200336(200223), Delay 55 ms, IGT 2:46:49.833, RTA 5:44:19.641-5:44:19.696
Tick 200367(200254), Delay 3872 ms, IGT 2:46:51.383, RTA 5:44:21.192-5:44:25.064
Tick 200375(200262), Delay 5367 ms, IGT 2:46:51.783, RTA 5:44:25.416-5:44:30.783
Tick 200384(200271), Delay 547 ms, IGT 2:46:52.233, RTA 5:44:31.184-5:44:31.731
Tick 200399(200286), Delay 214 ms, IGT 2:46:52.983, RTA 5:44:32.431-5:44:32.645
Tick 200410(200297), Delay 266 ms, IGT 2:46:53.533, RTA 5:44:33.144-5:44:33.410
Tick 200420(200307), Delay 252 ms, IGT 2:46:54.033, RTA 5:44:33.857-5:44:34.109
Tick 200430(200317), Delay 1236 ms, IGT 2:46:54.533, RTA 5:44:34.558-5:44:35.794
Tick 200442(200329), Delay 306 ms, IGT 2:46:55.133, RTA 5:44:36.345-5:44:36.651
Tick 200455(200342), Delay 2140 ms, IGT 2:46:55.783, RTA 5:44:37.253-5:44:39.393
Tick 200463(200350), Delay 2083 ms, IGT 2:46:56.183, RTA 5:44:39.747-5:44:41.830
Tick 200561(200448), Delay 60 ms, IGT 2:47:01.083, RTA 5:44:46.678-5:44:46.738
Tick 200562(200449), Delay 41 ms, IGT 2:47:01.133, RTA 5:44:46.738-5:44:46.779
Tick 200659(200546), Delay 3176 ms, IGT 2:47:05.983, RTA 5:44:51.582-5:44:54.758
Tick 200937(200824), Delay 145 ms, IGT 2:47:19.883, RTA 5:45:08.609-5:45:08.754
Tick 200938(200825), Delay 0 ms, IGT 2:47:19.933, RTA 5:45:08.754-5:45:08.754
Tick 200939(200826), Delay 7 ms, IGT 2:47:19.983, RTA 5:45:08.754-5:45:08.761
Tick 200969(200856), Delay 45 ms, IGT 2:47:21.483, RTA 5:45:10.213-5:45:10.258
Tick 200989(200876), Delay 45 ms, IGT 2:47:22.483, RTA 5:45:11.213-5:45:11.258
Tick 200990(200877), Delay 55 ms, IGT 2:47:22.533, RTA 5:45:11.258-5:45:11.313
Tick 201092(200979), Delay 57 ms, IGT 2:47:27.633, RTA 5:45:16.358-5:45:16.415
Tick 201093(200980), Delay 44 ms, IGT 2:47:27.683, RTA 5:45:16.415-5:45:16.459
Tick 201192(201079), Delay 68 ms, IGT 2:47:32.633, RTA 5:45:21.360-5:45:21.428
Tick 201193(201080), Delay 32 ms, IGT 2:47:32.683, RTA 5:45:21.428-5:45:21.460
Tick 201194(201081), Delay 61 ms, IGT 2:47:32.733, RTA 5:45:21.460-5:45:21.521
Tick 201195(201082), Delay 61 ms, IGT 2:47:32.783, RTA 5:45:21.521-5:45:21.582
Tick 201196(201083), Delay 30 ms, IGT 2:47:32.833, RTA 5:45:21.582-5:45:21.612
Tick 201197(201084), Delay 61 ms, IGT 2:47:32.883, RTA 5:45:21.612-5:45:21.673
Tick 201198(201085), Delay 61 ms, IGT 2:47:32.933, RTA 5:45:21.673-5:45:21.734
Tick 201199(201086), Delay 31 ms, IGT 2:47:32.983, RTA 5:45:21.734-5:45:21.765
Tick 201200(201087), Delay 61 ms, IGT 2:47:33.033, RTA 5:45:21.765-5:45:21.826
Tick 201201(201088), Delay 62 ms, IGT 2:47:33.083, RTA 5:45:21.826-5:45:21.888
Tick 201202(201089), Delay 40 ms, IGT 2:47:33.133, RTA 5:45:21.888-5:45:21.928
Tick 201203(201090), Delay 30 ms, IGT 2:47:33.183, RTA 5:45:21.928-5:45:21.958
Tick 201204(201091), Delay 62 ms, IGT 2:47:33.233, RTA 5:45:21.958-5:45:22.020
Tick 201205(201092), Delay 61 ms, IGT 2:47:33.283, RTA 5:45:22.020-5:45:22.081
Tick 201206(201093), Delay 998 ms, IGT 2:47:33.333, RTA 5:45:22.081-5:45:23.079
Tick 201336(201223), Delay 11622 ms, IGT 2:47:39.833, RTA 5:45:29.531-5:45:41.153
Tick 201352(201239), Delay 45 ms, IGT 2:47:40.633, RTA 5:45:41.905-5:45:41.950
Tick 201361(201248), Delay 904 ms, IGT 2:47:41.083, RTA 5:45:42.353-5:45:43.257
Tick 201760(201647), Delay 55 ms, IGT 2:48:01.033, RTA 5:46:03.154-5:46:03.209
Tick 202060(201947), Delay 45 ms, IGT 2:48:16.033, RTA 5:46:18.158-5:46:18.203
Tick 202260(202147), Delay 56 ms, IGT 2:48:26.033, RTA 5:46:28.155-5:46:28.211
Tick 202376(202263), Delay 104 ms, IGT 2:48:31.833, RTA 5:46:33.955-5:46:34.059
Tick 202377(202264), Delay 1 ms, IGT 2:48:31.883, RTA 5:46:34.059-5:46:34.060
Tick 202378(202265), Delay 44 ms, IGT 2:48:31.933, RTA 5:46:34.060-5:46:34.104
Tick 202383(202270), Delay 45 ms, IGT 2:48:32.183, RTA 5:46:34.309-5:46:34.354
Tick 202385(202272), Delay 57 ms, IGT 2:48:32.283, RTA 5:46:34.403-5:46:34.460
Tick 202386(202273), Delay 45 ms, IGT 2:48:32.333, RTA 5:46:34.460-5:46:34.505
Tick 202610(202497), Delay 144 ms, IGT 2:48:43.533, RTA 5:46:45.654-5:46:45.798
Tick 202611(202498), Delay 1 ms, IGT 2:48:43.583, RTA 5:46:45.798-5:46:45.799
Tick 202612(202499), Delay 4 ms, IGT 2:48:43.633, RTA 5:46:45.799-5:46:45.803
Tick 202620(202507), Delay 56 ms, IGT 2:48:44.033, RTA 5:46:46.155-5:46:46.211
Tick 202734(202621), Delay 44 ms, IGT 2:48:49.733, RTA 5:46:51.860-5:46:51.904
Tick 202747(202634), Delay 55 ms, IGT 2:48:50.383, RTA 5:46:52.504-5:46:52.559
Tick 202752(202639), Delay 55 ms, IGT 2:48:50.633, RTA 5:46:52.754-5:46:52.809
Tick 202753(202640), Delay 44 ms, IGT 2:48:50.683, RTA 5:46:52.809-5:46:52.853
Tick 202847(202734), Delay 111 ms, IGT 2:48:55.383, RTA 5:46:57.504-5:46:57.615
Tick 202848(202735), Delay 42 ms, IGT 2:48:55.433, RTA 5:46:57.615-5:46:57.657
Tick 202849(202736), Delay 7 ms, IGT 2:48:55.483, RTA 5:46:57.657-5:46:57.664
Tick 202850(202737), Delay 42 ms, IGT 2:48:55.533, RTA 5:46:57.664-5:46:57.706
Tick 203120(203007), Delay 149 ms, IGT 2:49:09.033, RTA 5:47:11.156-5:47:11.305
Tick 203121(203008), Delay 1 ms, IGT 2:49:09.083, RTA 5:47:11.305-5:47:11.306
Tick 203122(203009), Delay 0 ms, IGT 2:49:09.133, RTA 5:47:11.306-5:47:11.306
Tick 203127(203014), Delay 45 ms, IGT 2:49:09.383, RTA 5:47:11.509-5:47:11.554
Tick 203132(203019), Delay 56 ms, IGT 2:49:09.633, RTA 5:47:11.753-5:47:11.809
Tick 203144(203031), Delay 45 ms, IGT 2:49:10.233, RTA 5:47:12.358-5:47:12.403
Tick 203384(203271), Delay 55 ms, IGT 2:49:22.233, RTA 5:47:24.354-5:47:24.409
Tick 203470(203357), Delay 55 ms, IGT 2:49:26.533, RTA 5:47:28.653-5:47:28.708
Tick 203495(203382), Delay 45 ms, IGT 2:49:27.783, RTA 5:47:29.908-5:47:29.953
Tick 203540(203427), Delay 55 ms, IGT 2:49:30.033, RTA 5:47:32.153-5:47:32.208
Tick 203581(203468), Delay 45 ms, IGT 2:49:32.083, RTA 5:47:34.209-5:47:34.254
Tick 203675(203562), Delay 55 ms, IGT 2:49:36.783, RTA 5:47:38.904-5:47:38.959
Tick 203696(203583), Delay 56 ms, IGT 2:49:37.833, RTA 5:47:39.953-5:47:40.009
Tick 203705(203592), Delay 55 ms, IGT 2:49:38.283, RTA 5:47:40.403-5:47:40.458
Tick 203706(203593), Delay 45 ms, IGT 2:49:38.333, RTA 5:47:40.458-5:47:40.503
Tick 203727(203614), Delay 58 ms, IGT 2:49:39.383, RTA 5:47:41.504-5:47:41.562
Tick 203728(203615), Delay 44 ms, IGT 2:49:39.433, RTA 5:47:41.562-5:47:41.606
Tick 203860(203747), Delay 55 ms, IGT 2:49:46.033, RTA 5:47:48.154-5:47:48.209
Tick 203925(203812), Delay 70862 ms, IGT 2:49:49.283, RTA 5:47:51.405-5:49:02.267
Tick 204429(204316), Delay 8462 ms, IGT 2:50:14.483, RTA 5:49:27.416-5:49:35.878
Tick 204452(204339), Delay 8611 ms, IGT 2:50:15.633, RTA 5:49:36.980-5:49:45.591
Tick 204473(204360), Delay 1907 ms, IGT 2:50:16.683, RTA 5:49:46.595-5:49:48.502
Tick 204548(204435), Delay 45 ms, IGT 2:50:20.433, RTA 5:49:52.205-5:49:52.250
Tick 204597(204484), Delay 55 ms, IGT 2:50:22.883, RTA 5:49:54.648-5:49:54.703
Tick 204658(204545), Delay 55 ms, IGT 2:50:25.933, RTA 5:49:57.699-5:49:57.754
Tick 204714(204601), Delay 55 ms, IGT 2:50:28.733, RTA 5:50:00.498-5:50:00.553
Tick 204925(204812), Delay 45 ms, IGT 2:50:39.283, RTA 5:50:11.054-5:50:11.099
Tick 204937(204824), Delay 55 ms, IGT 2:50:39.883, RTA 5:50:11.650-5:50:11.705
Tick 205036(204923), Delay 55 ms, IGT 2:50:44.833, RTA 5:50:16.599-5:50:16.654
Tick 205148(205035), Delay 45 ms, IGT 2:50:50.433, RTA 5:50:22.205-5:50:22.250
Tick 205301(205188), Delay 64 ms, IGT 2:50:58.083, RTA 5:50:29.850-5:50:29.914
Tick 205302(205189), Delay 36 ms, IGT 2:50:58.133, RTA 5:50:29.914-5:50:29.950
Tick 205303(205190), Delay 55 ms, IGT 2:50:58.183, RTA 5:50:29.950-5:50:30.005
Tick 205304(205191), Delay 45 ms, IGT 2:50:58.233, RTA 5:50:30.005-5:50:30.050
Tick 205393(205280), Delay 66 ms, IGT 2:51:02.683, RTA 5:50:34.449-5:50:34.515
Tick 205394(205281), Delay 37 ms, IGT 2:51:02.733, RTA 5:50:34.515-5:50:34.552
Tick 205396(205283), Delay 45 ms, IGT 2:51:02.833, RTA 5:50:34.605-5:50:34.650
Tick 205402(205289), Delay 45 ms, IGT 2:51:03.133, RTA 5:50:34.903-5:50:34.948
Tick 205405(205292), Delay 70 ms, IGT 2:51:03.283, RTA 5:50:35.049-5:50:35.119
Tick 205406(205293), Delay 31 ms, IGT 2:51:03.333, RTA 5:50:35.119-5:50:35.150
Tick 205572(205459), Delay 59 ms, IGT 2:51:11.633, RTA 5:50:43.400-5:50:43.459
Tick 205573(205460), Delay 45 ms, IGT 2:51:11.683, RTA 5:50:43.459-5:50:43.504
Tick 205575(205462), Delay 41 ms, IGT 2:51:11.783, RTA 5:50:43.558-5:50:43.599
Tick 205631(205518), Delay 56 ms, IGT 2:51:14.583, RTA 5:50:46.350-5:50:46.406
Tick 205632(205519), Delay 44 ms, IGT 2:51:14.633, RTA 5:50:46.406-5:50:46.450
Tick 205649(205536), Delay 79 ms, IGT 2:51:15.483, RTA 5:50:47.249-5:50:47.328
Tick 205650(205537), Delay 22 ms, IGT 2:51:15.533, RTA 5:50:47.328-5:50:47.350
Tick 205651(205538), Delay 62 ms, IGT 2:51:15.583, RTA 5:50:47.350-5:50:47.412
Tick 205652(205539), Delay 38 ms, IGT 2:51:15.633, RTA 5:50:47.412-5:50:47.450
Tick 205680(205567), Delay 45 ms, IGT 2:51:17.033, RTA 5:50:48.804-5:50:48.849
Tick 205766(205653), Delay 55 ms, IGT 2:51:21.333, RTA 5:50:53.098-5:50:53.153
Tick 205800(205687), Delay 9819 ms, IGT 2:51:23.033, RTA 5:50:54.802-5:51:04.621
Tick 205836(205723), Delay 44 ms, IGT 2:51:24.833, RTA 5:51:06.375-5:51:06.419
Tick 205861(205748), Delay 45 ms, IGT 2:51:26.083, RTA 5:51:07.625-5:51:07.670
Tick 205930(205817), Delay 44 ms, IGT 2:51:29.533, RTA 5:51:11.075-5:51:11.119
Tick 205954(205841), Delay 55 ms, IGT 2:51:30.733, RTA 5:51:12.269-5:51:12.324
Tick 205994(205881), Delay 55 ms, IGT 2:51:32.733, RTA 5:51:14.270-5:51:14.325
Tick 205995(205882), Delay 45 ms, IGT 2:51:32.783, RTA 5:51:14.325-5:51:14.370
Tick 206280(206167), Delay 55 ms, IGT 2:51:47.033, RTA 5:51:28.569-5:51:28.624
Tick 206281(206168), Delay 45 ms, IGT 2:51:47.083, RTA 5:51:28.624-5:51:28.669
Tick 206581(206468), Delay 62 ms, IGT 2:52:02.083, RTA 5:51:43.619-5:51:43.681
Tick 206582(206469), Delay 39 ms, IGT 2:52:02.133, RTA 5:51:43.681-5:51:43.720
Tick 206585(206472), Delay 45 ms, IGT 2:52:02.283, RTA 5:51:43.825-5:51:43.870
Tick 206637(206524), Delay 45 ms, IGT 2:52:04.883, RTA 5:51:46.425-5:51:46.470
Tick 206641(206528), Delay 9756 ms, IGT 2:52:05.083, RTA 5:51:46.622-5:51:56.378
Tick 206730(206617), Delay 45 ms, IGT 2:52:09.533, RTA 5:52:00.782-5:52:00.827
Tick 206751(206638), Delay 55 ms, IGT 2:52:10.583, RTA 5:52:01.828-5:52:01.883
Tick 206752(206639), Delay 45 ms, IGT 2:52:10.633, RTA 5:52:01.883-5:52:01.928
Tick 206801(206688), Delay 55 ms, IGT 2:52:13.083, RTA 5:52:04.329-5:52:04.384
Tick 206977(206864), Delay 55 ms, IGT 2:52:21.883, RTA 5:52:13.128-5:52:13.183
Tick 207223(207110), Delay 8705 ms, IGT 2:52:34.183, RTA 5:52:25.429-5:52:34.134
Tick 207561(207448), Delay 55 ms, IGT 2:52:51.083, RTA 5:52:50.983-5:52:51.038
Tick 207644(207531), Delay 2122 ms, IGT 2:52:55.233, RTA 5:52:55.133-5:52:57.255
Tick 207747(207634), Delay 14298 ms, IGT 2:53:00.383, RTA 5:53:02.355-5:53:16.653
Tick 207750(207637), Delay 45 ms, IGT 2:53:00.533, RTA 5:53:16.753-5:53:16.798
Tick 207768(207655), Delay 44 ms, IGT 2:53:01.433, RTA 5:53:17.654-5:53:17.698
Tick 207774(207661), Delay 55 ms, IGT 2:53:01.733, RTA 5:53:17.950-5:53:18.005
Tick 207775(207662), Delay 44 ms, IGT 2:53:01.783, RTA 5:53:18.005-5:53:18.049
Tick 207777(207664), Delay 56 ms, IGT 2:53:01.883, RTA 5:53:18.099-5:53:18.155
Tick 207778(207665), Delay 43 ms, IGT 2:53:01.933, RTA 5:53:18.155-5:53:18.198
Tick 207779(207666), Delay 55 ms, IGT 2:53:01.983, RTA 5:53:18.198-5:53:18.253
Tick 207959(207846), Delay 4407 ms, IGT 2:53:10.983, RTA 5:53:27.203-5:53:31.610
Tick 207963(207850), Delay 45 ms, IGT 2:53:11.183, RTA 5:53:31.762-5:53:31.807
Tick 208089(207976), Delay 5688 ms, IGT 2:53:17.483, RTA 5:53:38.059-5:53:43.747
Tick 208091(207978), Delay 58 ms, IGT 2:53:17.583, RTA 5:53:43.795-5:53:43.853
Tick 208092(207979), Delay 45 ms, IGT 2:53:17.633, RTA 5:53:43.853-5:53:43.898
Tick 208127(208014), Delay 45 ms, IGT 2:53:19.383, RTA 5:53:45.599-5:53:45.644
Tick 208212(208099), Delay 55 ms, IGT 2:53:23.633, RTA 5:53:49.846-5:53:49.901
Tick 208224(208111), Delay 43 ms, IGT 2:53:24.233, RTA 5:53:50.452-5:53:50.495
Tick 208271(208158), Delay 45 ms, IGT 2:53:26.583, RTA 5:53:52.799-5:53:52.844
Tick 208286(208173), Delay 3112 ms, IGT 2:53:27.333, RTA 5:53:53.547-5:53:56.659
Tick 208288(208175), Delay 45 ms, IGT 2:53:27.433, RTA 5:53:56.713-5:53:56.758
Tick 208376(208263), Delay 45 ms, IGT 2:53:31.833, RTA 5:54:01.114-5:54:01.159
Tick 208387(208274), Delay 55 ms, IGT 2:53:32.383, RTA 5:54:01.658-5:54:01.713
Tick 208411(208298), Delay 45 ms, IGT 2:53:33.583, RTA 5:54:02.864-5:54:02.909
Tick 208729(208616), Delay 45 ms, IGT 2:53:49.483, RTA 5:54:18.763-5:54:18.808
Tick 208795(208682), Delay 44 ms, IGT 2:53:52.783, RTA 5:54:22.064-5:54:22.108
Tick 208797(208684), Delay 57 ms, IGT 2:53:52.883, RTA 5:54:22.160-5:54:22.217
Tick 208798(208685), Delay 45 ms, IGT 2:53:52.933, RTA 5:54:22.217-5:54:22.262
Tick 208951(208838), Delay 55 ms, IGT 2:54:00.583, RTA 5:54:29.858-5:54:29.913
Tick 208952(208839), Delay 45 ms, IGT 2:54:00.633, RTA 5:54:29.913-5:54:29.958
Tick 208993(208880), Delay 55 ms, IGT 2:54:02.683, RTA 5:54:31.958-5:54:32.013
Tick 209005(208892), Delay 55 ms, IGT 2:54:03.283, RTA 5:54:32.560-5:54:32.615
Tick 209006(208893), Delay 44 ms, IGT 2:54:03.333, RTA 5:54:32.615-5:54:32.659
Tick 209128(209015), Delay 55 ms, IGT 2:54:09.433, RTA 5:54:38.710-5:54:38.765
Tick 209242(209129), Delay 55 ms, IGT 2:54:15.133, RTA 5:54:44.409-5:54:44.464
Tick 209243(209130), Delay 45 ms, IGT 2:54:15.183, RTA 5:54:44.464-5:54:44.509
Tick 209644(209531), Delay 44 ms, IGT 2:54:35.233, RTA 5:55:04.514-5:55:04.558
Tick 209776(209663), Delay 55 ms, IGT 2:54:41.833, RTA 5:55:11.110-5:55:11.165
Tick 210348(210235), Delay 57 ms, IGT 2:55:10.433, RTA 5:55:39.709-5:55:39.766
Tick 210349(210236), Delay 43 ms, IGT 2:55:10.483, RTA 5:55:39.766-5:55:39.809
Tick 210442(210329), Delay 55 ms, IGT 2:55:15.133, RTA 5:55:44.407-5:55:44.462
Tick 210491(210378), Delay 57 ms, IGT 2:55:17.583, RTA 5:55:46.859-5:55:46.916
Tick 210609(210496), Delay 44 ms, IGT 2:55:23.483, RTA 5:55:52.764-5:55:52.808
Tick 210662(210549), Delay 45 ms, IGT 2:55:26.133, RTA 5:55:55.414-5:55:55.459
Tick 210773(210660), Delay 45 ms, IGT 2:55:31.683, RTA 5:56:00.964-5:56:01.009
Tick 210782(210669), Delay 55 ms, IGT 2:55:32.133, RTA 5:56:01.408-5:56:01.463
Tick 210842(210729), Delay 55 ms, IGT 2:55:35.133, RTA 5:56:04.409-5:56:04.464
Tick 210843(210730), Delay 45 ms, IGT 2:55:35.183, RTA 5:56:04.464-5:56:04.509
Tick 210851(210738), Delay 55 ms, IGT 2:55:35.583, RTA 5:56:04.860-5:56:04.915
Tick 210877(210764), Delay 55 ms, IGT 2:55:36.883, RTA 5:56:06.159-5:56:06.214
Tick 210905(210792), Delay 45 ms, IGT 2:55:38.283, RTA 5:56:07.563-5:56:07.608
Tick 210906(210793), Delay 55 ms, IGT 2:55:38.333, RTA 5:56:07.608-5:56:07.663
Tick 210966(210853), Delay 55 ms, IGT 2:55:41.333, RTA 5:56:10.608-5:56:10.663
Tick 211196(211083), Delay 55 ms, IGT 2:55:52.833, RTA 5:56:22.109-5:56:22.164
Tick 211483(211370), Delay 45 ms, IGT 2:56:07.183, RTA 5:56:36.464-5:56:36.509
Tick 211706(211593), Delay 55 ms, IGT 2:56:18.333, RTA 5:56:47.610-5:56:47.665
Tick 211715(211602), Delay 45 ms, IGT 2:56:18.783, RTA 5:56:48.064-5:56:48.109
Tick 211757(211644), Delay 55 ms, IGT 2:56:20.883, RTA 5:56:50.159-5:56:50.214
Tick 211758(211645), Delay 45 ms, IGT 2:56:20.933, RTA 5:56:50.214-5:56:50.259
Tick 211773(211660), Delay 55 ms, IGT 2:56:21.683, RTA 5:56:50.960-5:56:51.015
Tick 211774(211661), Delay 45 ms, IGT 2:56:21.733, RTA 5:56:51.015-5:56:51.060
Tick 211809(211695), Delay 287 ms, IGT 2:56:23.433, RTA 5:56:52.759-5:56:53.046
Tick 211810(211695), Delay 2439 ms, IGT 2:56:23.433, RTA 5:56:53.046-5:56:55.485
Tick 211811(211695), Delay 89 ms, IGT 2:56:23.433, RTA 5:56:55.485-5:56:55.574, due world load
Tick 211812(211695), Delay 1 ms, IGT 2:56:23.433, RTA 5:56:55.574-5:56:55.575, due world load
Tick 211813(211696), Delay 33 ms, IGT 2:56:23.480, RTA 5:56:55.575-5:56:55.608
Tick 211872(211755), Delay 56 ms, IGT 2:56:26.430, RTA 5:56:58.505-5:56:58.561
Tick 211912(211795), Delay 45 ms, IGT 2:56:28.430, RTA 5:57:00.511-5:57:00.556
Tick 211937(211820), Delay 55 ms, IGT 2:56:29.680, RTA 5:57:01.757-5:57:01.812
Tick 211954(211837), Delay 56 ms, IGT 2:56:30.530, RTA 5:57:02.605-5:57:02.661
Tick 211956(211839), Delay 97 ms, IGT 2:56:30.630, RTA 5:57:02.709-5:57:02.806
Tick 211957(211840), Delay 1 ms, IGT 2:56:30.680, RTA 5:57:02.806-5:57:02.807
Tick 211995(211878), Delay 63 ms, IGT 2:56:32.580, RTA 5:57:04.656-5:57:04.719
Tick 211996(211879), Delay 37 ms, IGT 2:56:32.630, RTA 5:57:04.719-5:57:04.756
Tick 212124(212007), Delay 55 ms, IGT 2:56:39.030, RTA 5:57:11.106-5:57:11.161
Tick 212125(212008), Delay 45 ms, IGT 2:56:39.080, RTA 5:57:11.161-5:57:11.206
Tick 212159(212042), Delay 72 ms, IGT 2:56:40.780, RTA 5:57:12.855-5:57:12.927
Tick 212160(212043), Delay 29 ms, IGT 2:56:40.830, RTA 5:57:12.927-5:57:12.956
Tick 212320(212203), Delay 55 ms, IGT 2:56:48.830, RTA 5:57:20.905-5:57:20.960
Tick 212400(212283), Delay 58 ms, IGT 2:56:52.830, RTA 5:57:24.906-5:57:24.964
Tick 212401(212284), Delay 44 ms, IGT 2:56:52.880, RTA 5:57:24.964-5:57:25.008
Tick 212426(212309), Delay 166 ms, IGT 2:56:54.130, RTA 5:57:26.207-5:57:26.373
Tick 212427(212310), Delay 0 ms, IGT 2:56:54.180, RTA 5:57:26.373-5:57:26.373
Tick 212428(212311), Delay 0 ms, IGT 2:56:54.230, RTA 5:57:26.373-5:57:26.373
Tick 212429(212312), Delay 34 ms, IGT 2:56:54.280, RTA 5:57:26.373-5:57:26.407
Tick 212522(212405), Delay 45 ms, IGT 2:56:58.930, RTA 5:57:31.011-5:57:31.056
Tick 212844(212727), Delay 56 ms, IGT 2:57:15.030, RTA 5:57:47.105-5:57:47.161
Tick 212881(212764), Delay 3425 ms, IGT 2:57:16.880, RTA 5:57:48.958-5:57:52.383
Tick 212914(212797), Delay 55 ms, IGT 2:57:18.530, RTA 5:57:53.980-5:57:54.035
Tick 213042(212925), Delay 5175 ms, IGT 2:57:24.930, RTA 5:58:00.381-5:58:05.556
Tick 213277(213160), Delay 56 ms, IGT 2:57:36.680, RTA 5:58:17.255-5:58:17.311
Tick 213278(213161), Delay 44 ms, IGT 2:57:36.730, RTA 5:58:17.311-5:58:17.355
Tick 213284(213167), Delay 6396 ms, IGT 2:57:37.030, RTA 5:58:17.608-5:58:24.004
Tick 213287(213170), Delay 55 ms, IGT 2:57:37.180, RTA 5:58:24.104-5:58:24.159
Tick 213348(213231), Delay 56 ms, IGT 2:57:40.230, RTA 5:58:27.156-5:58:27.212
Tick 213349(213232), Delay 44 ms, IGT 2:57:40.280, RTA 5:58:27.212-5:58:27.256
Tick 213369(213252), Delay 124 ms, IGT 2:57:41.280, RTA 5:58:28.205-5:58:28.329
Tick 213370(213253), Delay 1 ms, IGT 2:57:41.330, RTA 5:58:28.329-5:58:28.330
Tick 213371(213254), Delay 28 ms, IGT 2:57:41.380, RTA 5:58:28.330-5:58:28.358
Tick 213410(213293), Delay 55 ms, IGT 2:57:43.330, RTA 5:58:30.255-5:58:30.310
Tick 213427(213310), Delay 133 ms, IGT 2:57:44.180, RTA 5:58:31.105-5:58:31.238
Tick 213428(213311), Delay 1 ms, IGT 2:57:44.230, RTA 5:58:31.238-5:58:31.239
Tick 213429(213312), Delay 19 ms, IGT 2:57:44.280, RTA 5:58:31.239-5:58:31.258
Tick 213449(213332), Delay 45 ms, IGT 2:57:45.280, RTA 5:58:32.210-5:58:32.255
Tick 213464(213347), Delay 55 ms, IGT 2:57:46.030, RTA 5:58:32.954-5:58:33.009
Tick 213565(213448), Delay 212 ms, IGT 2:57:51.080, RTA 5:58:38.006-5:58:38.218
Tick 213566(213449), Delay 1 ms, IGT 2:57:51.130, RTA 5:58:38.218-5:58:38.219
Tick 213567(213450), Delay 16 ms, IGT 2:57:51.180, RTA 5:58:38.219-5:58:38.235
Tick 213568(213451), Delay 1 ms, IGT 2:57:51.230, RTA 5:58:38.235-5:58:38.236
Tick 213569(213452), Delay 19 ms, IGT 2:57:51.280, RTA 5:58:38.236-5:58:38.255
Tick 213580(213463), Delay 55 ms, IGT 2:57:51.830, RTA 5:58:38.754-5:58:38.809
Tick 213587(213470), Delay 45 ms, IGT 2:57:52.180, RTA 5:58:39.109-5:58:39.154
Tick 213592(213475), Delay 55 ms, IGT 2:57:52.430, RTA 5:58:39.354-5:58:39.409
Tick 213619(213502), Delay 56 ms, IGT 2:57:53.780, RTA 5:58:40.704-5:58:40.760
Tick 213620(213503), Delay 44 ms, IGT 2:57:53.830, RTA 5:58:40.760-5:58:40.804
Tick 213646(213529), Delay 57 ms, IGT 2:57:55.130, RTA 5:58:42.054-5:58:42.111
Tick 213647(213530), Delay 44 ms, IGT 2:57:55.180, RTA 5:58:42.111-5:58:42.155
Tick 213815(213698), Delay 55 ms, IGT 2:58:03.580, RTA 5:58:50.504-5:58:50.559
Tick 213816(213699), Delay 45 ms, IGT 2:58:03.630, RTA 5:58:50.559-5:58:50.604
Tick 213850(213733), Delay 56 ms, IGT 2:58:05.330, RTA 5:58:52.255-5:58:52.311
Tick 213920(213803), Delay 45 ms, IGT 2:58:08.830, RTA 5:58:55.759-5:58:55.804
Tick 213973(213856), Delay 2473 ms, IGT 2:58:11.480, RTA 5:58:58.407-5:59:00.880
Tick 213988(213871), Delay 1594 ms, IGT 2:58:12.230, RTA 5:59:01.578-5:59:03.172
Tick 213998(213881), Delay 1349 ms, IGT 2:58:12.730, RTA 5:59:03.623-5:59:04.972
Tick 214010(213893), Delay 1245 ms, IGT 2:58:13.330, RTA 5:59:05.523-5:59:06.768
Tick 214198(214081), Delay 55 ms, IGT 2:58:22.730, RTA 5:59:16.117-5:59:16.172
Tick 214199(214082), Delay 45 ms, IGT 2:58:22.780, RTA 5:59:16.172-5:59:16.217
Tick 214257(214140), Delay 55 ms, IGT 2:58:25.680, RTA 5:59:19.067-5:59:19.122
Tick 214457(214340), Delay 65 ms, IGT 2:58:35.680, RTA 5:59:29.067-5:59:29.132
Tick 214458(214341), Delay 36 ms, IGT 2:58:35.730, RTA 5:59:29.132-5:59:29.168
Tick 214542(214425), Delay 45 ms, IGT 2:58:39.930, RTA 5:59:33.322-5:59:33.367
Tick 214620(214503), Delay 363 ms, IGT 2:58:43.830, RTA 5:59:37.220-5:59:37.583
Tick 214629(214512), Delay 19225 ms, IGT 2:58:44.280, RTA 5:59:37.985-5:59:57.210
Tick 214700(214583), Delay 129 ms, IGT 2:58:47.830, RTA 6:00:00.709-6:00:00.838
Tick 214701(214584), Delay 0 ms, IGT 2:58:47.880, RTA 6:00:00.838-6:00:00.838
Tick 214702(214585), Delay 24 ms, IGT 2:58:47.930, RTA 6:00:00.838-6:00:00.862
Tick 214705(214588), Delay 55 ms, IGT 2:58:48.080, RTA 6:00:00.962-6:00:01.017
Tick 214706(214589), Delay 42 ms, IGT 2:58:48.130, RTA 6:00:01.017-6:00:01.059
Tick 214724(214607), Delay 56 ms, IGT 2:58:49.030, RTA 6:00:01.909-6:00:01.965
Tick 214747(214630), Delay 55 ms, IGT 2:58:50.180, RTA 6:00:03.059-6:00:03.114
Tick 214770(214653), Delay 119 ms, IGT 2:58:51.330, RTA 6:00:04.211-6:00:04.330
Tick 214771(214654), Delay 0 ms, IGT 2:58:51.380, RTA 6:00:04.330-6:00:04.330
Tick 214772(214655), Delay 34 ms, IGT 2:58:51.430, RTA 6:00:04.330-6:00:04.364
Tick 214784(214667), Delay 45 ms, IGT 2:58:52.030, RTA 6:00:04.914-6:00:04.959
Tick 214794(214677), Delay 55 ms, IGT 2:58:52.530, RTA 6:00:05.409-6:00:05.464
Tick 214798(214681), Delay 55 ms, IGT 2:58:52.730, RTA 6:00:05.609-6:00:05.664
Tick 214801(214684), Delay 55 ms, IGT 2:58:52.880, RTA 6:00:05.759-6:00:05.814
Tick 214812(214695), Delay 45 ms, IGT 2:58:53.430, RTA 6:00:06.314-6:00:06.359
Tick 214848(214731), Delay 45 ms, IGT 2:58:55.230, RTA 6:00:08.114-6:00:08.159
Tick 214871(214754), Delay 44 ms, IGT 2:58:56.380, RTA 6:00:09.265-6:00:09.309
Tick 214886(214769), Delay 4382 ms, IGT 2:58:57.130, RTA 6:00:10.013-6:00:14.395
Tick 214922(214805), Delay 55 ms, IGT 2:58:58.930, RTA 6:00:16.141-6:00:16.196
Tick 214926(214809), Delay 367 ms, IGT 2:58:59.130, RTA 6:00:16.344-6:00:16.711
Tick 214932(214815), Delay 359 ms, IGT 2:58:59.430, RTA 6:00:16.962-6:00:17.321
Tick 215000(214883), Delay 45 ms, IGT 2:59:02.830, RTA 6:00:20.674-6:00:20.719
Tick 215029(214912), Delay 55 ms, IGT 2:59:04.280, RTA 6:00:22.119-6:00:22.174
Tick 215040(214923), Delay 45 ms, IGT 2:59:04.830, RTA 6:00:22.673-6:00:22.718
Tick 215047(214930), Delay 66 ms, IGT 2:59:05.180, RTA 6:00:23.021-6:00:23.087
Tick 215048(214931), Delay 34 ms, IGT 2:59:05.230, RTA 6:00:23.087-6:00:23.121
Tick 215244(215127), Delay 45 ms, IGT 2:59:15.030, RTA 6:00:32.873-6:00:32.918
Tick 215350(215233), Delay 55 ms, IGT 2:59:20.330, RTA 6:00:38.170-6:00:38.225
Tick 215351(215234), Delay 43 ms, IGT 2:59:20.380, RTA 6:00:38.225-6:00:38.268
Tick 215562(215445), Delay 64 ms, IGT 2:59:30.930, RTA 6:00:48.769-6:00:48.833
Tick 215563(215446), Delay 39 ms, IGT 2:59:30.980, RTA 6:00:48.833-6:00:48.872
Tick 215564(215447), Delay 118 ms, IGT 2:59:31.030, RTA 6:00:48.872-6:00:48.990
Tick 215565(215448), Delay 1 ms, IGT 2:59:31.080, RTA 6:00:48.990-6:00:48.991
Tick 215566(215449), Delay 33 ms, IGT 2:59:31.130, RTA 6:00:48.991-6:00:49.024
Tick 215611(215494), Delay 44 ms, IGT 2:59:33.380, RTA 6:00:51.224-6:00:51.268
Tick 215636(215519), Delay 43 ms, IGT 2:59:34.630, RTA 6:00:52.475-6:00:52.518
Tick 215653(215536), Delay 71 ms, IGT 2:59:35.480, RTA 6:00:53.319-6:00:53.390
Tick 215654(215537), Delay 28 ms, IGT 2:59:35.530, RTA 6:00:53.390-6:00:53.418
Tick 215657(215540), Delay 45 ms, IGT 2:59:35.680, RTA 6:00:53.524-6:00:53.569
Tick 215670(215553), Delay 55 ms, IGT 2:59:36.330, RTA 6:00:54.168-6:00:54.223
Tick 215671(215554), Delay 45 ms, IGT 2:59:36.380, RTA 6:00:54.223-6:00:54.268
Tick 215796(215679), Delay 157 ms, IGT 2:59:42.630, RTA 6:01:00.468-6:01:00.625
Tick 215797(215680), Delay 2 ms, IGT 2:59:42.680, RTA 6:01:00.625-6:01:00.627
Tick 215798(215681), Delay 0 ms, IGT 2:59:42.730, RTA 6:01:00.627-6:01:00.627
Tick 215799(215682), Delay 42 ms, IGT 2:59:42.780, RTA 6:01:00.627-6:01:00.669
Tick 215814(215697), Delay 55 ms, IGT 2:59:43.530, RTA 6:01:01.369-6:01:01.424
Tick 215954(215837), Delay 56 ms, IGT 2:59:50.530, RTA 6:01:08.369-6:01:08.425
Tick 215955(215838), Delay 44 ms, IGT 2:59:50.580, RTA 6:01:08.425-6:01:08.469
Tick 215999(215881), Delay 87 ms, IGT 2:59:52.730, RTA 6:01:10.619-6:01:10.706, due world load
Tick 216012(215894), Delay 55 ms, IGT 2:59:53.374, RTA 6:01:11.302-6:01:11.357
Tick 216121(216003), Delay 4736 ms, IGT 2:59:58.824, RTA 6:01:16.753-6:01:21.489
Tick 216126(216008), Delay 169790 ms, IGT 2:59:59.074, RTA 6:01:21.689-6:04:11.479
Tick 216140(216022), Delay 1546 ms, IGT 2:59:59.774, RTA 6:04:12.131-6:04:13.677
Tick 216151(216032), Delay 139 ms, IGT 3:00:00.274, RTA 6:04:14.175-6:04:14.314, due world load
Tick 216152(216032), Delay 1 ms, IGT 3:00:00.274, RTA 6:04:14.314-6:04:14.315, due world load
Tick 216154(216034), Delay 12 ms, IGT 3:00:00.326, RTA 6:04:14.369-6:04:14.381
Tick 216168(216048), Delay 45 ms, IGT 3:00:01.026, RTA 6:04:15.036-6:04:15.081
Tick 216355(216235), Delay 161 ms, IGT 3:00:10.376, RTA 6:04:24.381-6:04:24.542
Tick 216356(216236), Delay 1 ms, IGT 3:00:10.426, RTA 6:04:24.542-6:04:24.543
Tick 216357(216237), Delay 1 ms, IGT 3:00:10.476, RTA 6:04:24.543-6:04:24.544
Tick 216358(216238), Delay 40 ms, IGT 3:00:10.526, RTA 6:04:24.544-6:04:24.584
Tick 216439(216319), Delay 62 ms, IGT 3:00:14.576, RTA 6:04:28.582-6:04:28.644
Tick 216440(216320), Delay 37 ms, IGT 3:00:14.626, RTA 6:04:28.644-6:04:28.681
Tick 216488(216368), Delay 74 ms, IGT 3:00:17.026, RTA 6:04:31.030-6:04:31.104
Tick 216489(216369), Delay 28 ms, IGT 3:00:17.076, RTA 6:04:31.104-6:04:31.132
Tick 216504(216384), Delay 4766 ms, IGT 3:00:17.826, RTA 6:04:31.832-6:04:36.598
Tick 216516(216395), Delay 126 ms, IGT 3:00:18.376, RTA 6:04:37.149-6:04:37.275, due world load
Tick 216517(216395), Delay 0 ms, IGT 3:00:18.376, RTA 6:04:37.275-6:04:37.275, due world load
Tick 216518(216396), Delay 169 ms, IGT 3:00:18.424, RTA 6:04:37.275-6:04:37.444
Tick 216519(216397), Delay 0 ms, IGT 3:00:18.474, RTA 6:04:37.444-6:04:37.444
Tick 216520(216398), Delay 2 ms, IGT 3:00:18.524, RTA 6:04:37.444-6:04:37.446
Tick 216521(216399), Delay 18 ms, IGT 3:00:18.574, RTA 6:04:37.446-6:04:37.464
Tick 216539(216417), Delay 45 ms, IGT 3:00:19.474, RTA 6:04:38.313-6:04:38.358
Tick 216562(216440), Delay 55 ms, IGT 3:00:20.624, RTA 6:04:39.458-6:04:39.513
Tick 216563(216441), Delay 45 ms, IGT 3:00:20.674, RTA 6:04:39.513-6:04:39.558
Tick 216640(216517), Delay 58 ms, IGT 3:00:24.474, RTA 6:04:43.361-6:04:43.419, due world load
Tick 216641(216517), Delay 42 ms, IGT 3:00:24.474, RTA 6:04:43.419-6:04:43.461, due world load
Tick 216647(216523), Delay 45 ms, IGT 3:00:24.733, RTA 6:04:43.715-6:04:43.760
Tick 216649(216525), Delay 55 ms, IGT 3:00:24.833, RTA 6:04:43.810-6:04:43.865
Tick 216652(216528), Delay 2744 ms, IGT 3:00:24.983, RTA 6:04:43.962-6:04:46.706
Tick 216653(216529), Delay 100 ms, IGT 3:00:24.987, RTA 6:04:46.706-6:04:46.806
Tick 216654(216530), Delay 1 ms, IGT 3:00:25.037, RTA 6:04:46.806-6:04:46.807
Tick 216655(216531), Delay 159 ms, IGT 3:00:25.087, RTA 6:04:46.807-6:04:46.966
Tick 216656(216532), Delay 22 ms, IGT 3:00:25.137, RTA 6:04:46.966-6:04:46.988
Tick 216657(216533), Delay 0 ms, IGT 3:00:25.187, RTA 6:04:46.988-6:04:46.988
Tick 216658(216534), Delay 12 ms, IGT 3:00:25.237, RTA 6:04:46.988-6:04:47.000
Tick 216661(216537), Delay 45 ms, IGT 3:00:25.387, RTA 6:04:47.105-6:04:47.150
Tick 216813(216688), Delay 58 ms, IGT 3:00:32.937, RTA 6:04:54.699-6:04:54.757, due world load
Tick 216814(216689), Delay 45 ms, IGT 3:00:32.987, RTA 6:04:54.757-6:04:54.802
Tick 216815(216689), Delay 88 ms, IGT 3:00:32.987, RTA 6:04:54.802-6:04:54.890, due world load
Tick 216816(216690), Delay 13 ms, IGT 3:00:33.022, RTA 6:04:54.890-6:04:54.903
Tick 216818(216692), Delay 155 ms, IGT 3:00:33.122, RTA 6:04:54.957-6:04:55.112
Tick 216819(216693), Delay 1 ms, IGT 3:00:33.172, RTA 6:04:55.112-6:04:55.113
Tick 216820(216694), Delay 0 ms, IGT 3:00:33.222, RTA 6:04:55.113-6:04:55.113
Tick 216821(216695), Delay 42 ms, IGT 3:00:33.272, RTA 6:04:55.113-6:04:55.155
Tick 216939(216813), Delay 55 ms, IGT 3:00:39.172, RTA 6:05:01.002-6:05:01.057
Tick 216994(216868), Delay 55 ms, IGT 3:00:41.922, RTA 6:05:03.753-6:05:03.808
Tick 217132(217006), Delay 57 ms, IGT 3:00:48.822, RTA 6:05:10.652-6:05:10.709
Tick 217133(217007), Delay 45 ms, IGT 3:00:48.872, RTA 6:05:10.709-6:05:10.754
Tick 217179(217053), Delay 66 ms, IGT 3:00:51.172, RTA 6:05:13.003-6:05:13.069
Tick 217180(217054), Delay 35 ms, IGT 3:00:51.222, RTA 6:05:13.069-6:05:13.104
Tick 217423(217297), Delay 56 ms, IGT 3:01:03.372, RTA 6:05:25.202-6:05:25.258
Tick 217580(217454), Delay 62 ms, IGT 3:01:11.222, RTA 6:05:33.054-6:05:33.116
Tick 217581(217455), Delay 37 ms, IGT 3:01:11.272, RTA 6:05:33.116-6:05:33.153
Tick 217654(217528), Delay 124 ms, IGT 3:01:14.922, RTA 6:05:36.754-6:05:36.878
Tick 217655(217529), Delay 1 ms, IGT 3:01:14.972, RTA 6:05:36.878-6:05:36.879
Tick 217656(217530), Delay 25 ms, IGT 3:01:15.022, RTA 6:05:36.879-6:05:36.904
Tick 217666(217540), Delay 56 ms, IGT 3:01:15.522, RTA 6:05:37.353-6:05:37.409
Tick 217793(217667), Delay 74 ms, IGT 3:01:21.872, RTA 6:05:43.703-6:05:43.777
Tick 217794(217668), Delay 26 ms, IGT 3:01:21.922, RTA 6:05:43.777-6:05:43.803
Tick 218003(217877), Delay 45 ms, IGT 3:01:32.372, RTA 6:05:54.207-6:05:54.252
Tick 218060(217934), Delay 55 ms, IGT 3:01:35.222, RTA 6:05:57.052-6:05:57.107
Tick 218187(218061), Delay 45 ms, IGT 3:01:41.572, RTA 6:06:03.407-6:06:03.452
Tick 218484(218358), Delay 55 ms, IGT 3:01:56.422, RTA 6:06:18.254-6:06:18.309
Tick 218485(218359), Delay 45 ms, IGT 3:01:56.472, RTA 6:06:18.309-6:06:18.354
Tick 218564(218438), Delay 55 ms, IGT 3:02:00.422, RTA 6:06:22.252-6:06:22.307
Tick 218568(218442), Delay 58 ms, IGT 3:02:00.622, RTA 6:06:22.453-6:06:22.511
Tick 218569(218443), Delay 44 ms, IGT 3:02:00.672, RTA 6:06:22.511-6:06:22.555
Tick 218892(218766), Delay 3138 ms, IGT 3:02:16.822, RTA 6:06:38.653-6:06:41.791
Tick 218931(218805), Delay 673 ms, IGT 3:02:18.772, RTA 6:06:43.691-6:06:44.364
Tick 218946(218820), Delay 1065 ms, IGT 3:02:19.522, RTA 6:06:45.066-6:06:46.131
Tick 218953(218827), Delay 1324 ms, IGT 3:02:19.872, RTA 6:06:46.431-6:06:47.755
Tick 218960(218834), Delay 833 ms, IGT 3:02:20.222, RTA 6:06:48.051-6:06:48.884
Tick 218974(218848), Delay 55 ms, IGT 3:02:20.922, RTA 6:06:49.534-6:06:49.589
Tick 218975(218849), Delay 4462 ms, IGT 3:02:20.972, RTA 6:06:49.589-6:06:54.051
Tick 219057(218931), Delay 132 ms, IGT 3:02:25.072, RTA 6:06:58.100-6:06:58.232
Tick 219058(218932), Delay 1 ms, IGT 3:02:25.122, RTA 6:06:58.232-6:06:58.233
Tick 219059(218933), Delay 21 ms, IGT 3:02:25.172, RTA 6:06:58.233-6:06:58.254
Tick 219141(219015), Delay 45 ms, IGT 3:02:29.272, RTA 6:07:02.304-6:07:02.349
Tick 219164(219038), Delay 594 ms, IGT 3:02:30.422, RTA 6:07:03.452-6:07:04.046
Tick 219173(219047), Delay 779 ms, IGT 3:02:30.872, RTA 6:07:04.449-6:07:05.228
Tick 219181(219055), Delay 1375 ms, IGT 3:02:31.272, RTA 6:07:05.579-6:07:06.954
Tick 219197(219071), Delay 359 ms, IGT 3:02:32.072, RTA 6:07:07.705-6:07:08.064
Tick 219210(219084), Delay 829 ms, IGT 3:02:32.722, RTA 6:07:08.666-6:07:09.495
Tick 219216(219090), Delay 640 ms, IGT 3:02:33.022, RTA 6:07:09.744-6:07:10.384
Tick 219235(219109), Delay 3638 ms, IGT 3:02:33.972, RTA 6:07:11.285-6:07:14.923
Tick 219303(219177), Delay 45 ms, IGT 3:02:37.372, RTA 6:07:18.279-6:07:18.324
Tick 219311(219185), Delay 500 ms, IGT 3:02:37.772, RTA 6:07:18.671-6:07:19.171
Tick 219319(219193), Delay 55 ms, IGT 3:02:38.172, RTA 6:07:19.521-6:07:19.576
Tick 219320(219194), Delay 482 ms, IGT 3:02:38.222, RTA 6:07:19.576-6:07:20.058
Tick 219330(219204), Delay 494 ms, IGT 3:02:38.722, RTA 6:07:20.506-6:07:21.000
Tick 219353(219227), Delay 59 ms, IGT 3:02:39.872, RTA 6:07:22.098-6:07:22.157
Tick 219354(219228), Delay 44 ms, IGT 3:02:39.922, RTA 6:07:22.157-6:07:22.201
Tick 219399(219273), Delay 132 ms, IGT 3:02:42.172, RTA 6:07:24.400-6:07:24.532
Tick 219400(219274), Delay 1 ms, IGT 3:02:42.222, RTA 6:07:24.532-6:07:24.533
Tick 219401(219275), Delay 14 ms, IGT 3:02:42.272, RTA 6:07:24.533-6:07:24.547
Tick 219517(219391), Delay 135 ms, IGT 3:02:48.072, RTA 6:07:30.299-6:07:30.434
Tick 219518(219392), Delay 1 ms, IGT 3:02:48.122, RTA 6:07:30.434-6:07:30.435
Tick 219519(219393), Delay 14 ms, IGT 3:02:48.172, RTA 6:07:30.435-6:07:30.449
Tick 219533(219407), Delay 55 ms, IGT 3:02:48.872, RTA 6:07:31.098-6:07:31.153
Tick 219534(219408), Delay 45 ms, IGT 3:02:48.922, RTA 6:07:31.153-6:07:31.198
Tick 219672(219545), Delay 59 ms, IGT 3:02:55.772, RTA 6:07:38.047-6:07:38.106, due world load
Tick 219673(219545), Delay 8 ms, IGT 3:02:55.772, RTA 6:07:38.106-6:07:38.114, due world load
Tick 219675(219546), Delay 77 ms, IGT 3:02:55.773, RTA 6:07:38.165-6:07:38.242, due world load
Tick 219676(219546), Delay 2 ms, IGT 3:02:55.773, RTA 6:07:38.242-6:07:38.244, due world load
Tick 219677(219547), Delay 35 ms, IGT 3:02:55.812, RTA 6:07:38.244-6:07:38.279
Tick 219678(219548), Delay 45 ms, IGT 3:02:55.862, RTA 6:07:38.279-6:07:38.324
Tick 219679(219549), Delay 55 ms, IGT 3:02:55.912, RTA 6:07:38.324-6:07:38.379
Tick 219680(219550), Delay 44 ms, IGT 3:02:55.962, RTA 6:07:38.379-6:07:38.423
Tick 219715(219585), Delay 149 ms, IGT 3:02:57.712, RTA 6:07:40.123-6:07:40.272
Tick 219716(219586), Delay 18 ms, IGT 3:02:57.762, RTA 6:07:40.272-6:07:40.290
Tick 219717(219587), Delay 0 ms, IGT 3:02:57.812, RTA 6:07:40.290-6:07:40.290
Tick 219718(219588), Delay 31 ms, IGT 3:02:57.862, RTA 6:07:40.290-6:07:40.321
Tick 219766(219635), Delay 516 ms, IGT 3:03:00.212, RTA 6:07:42.673-6:07:43.189
Tick 219767(219635), Delay 27101 ms, IGT 3:03:00.212, RTA 6:07:43.189-6:08:10.290
Tick 219768(219635), Delay 87 ms, IGT 3:03:00.212, RTA 6:08:10.290-6:08:10.377, due world load
Tick 219769(219635), Delay 1 ms, IGT 3:03:00.212, RTA 6:08:10.377-6:08:10.378, due world load
Tick 219770(219636), Delay 38 ms, IGT 3:03:00.257, RTA 6:08:10.378-6:08:10.416
Tick 219816(219682), Delay 57 ms, IGT 3:03:02.557, RTA 6:08:12.661-6:08:12.718
Tick 219817(219683), Delay 44 ms, IGT 3:03:02.607, RTA 6:08:12.718-6:08:12.762
Tick 219890(219755), Delay 62 ms, IGT 3:03:06.207, RTA 6:08:16.363-6:08:16.425, due world load
Tick 219891(219755), Delay 156 ms, IGT 3:03:06.199, RTA 6:08:16.425-6:08:16.581, due world load
Tick 219892(219755), Delay 2 ms, IGT 3:03:06.199, RTA 6:08:16.581-6:08:16.583, due world load
Tick 219893(219755), Delay 0 ms, IGT 3:03:06.199, RTA 6:08:16.583-6:08:16.583, due world load
Tick 219894(219756), Delay 66 ms, IGT 3:03:06.243, RTA 6:08:16.583-6:08:16.649
Tick 219895(219757), Delay 203 ms, IGT 3:03:06.293, RTA 6:08:16.649-6:08:16.852
Tick 219896(219758), Delay 2 ms, IGT 3:03:06.343, RTA 6:08:16.852-6:08:16.854
Tick 219897(219759), Delay 0 ms, IGT 3:03:06.393, RTA 6:08:16.854-6:08:16.854
Tick 219898(219760), Delay 1 ms, IGT 3:03:06.443, RTA 6:08:16.854-6:08:16.855
Tick 219899(219761), Delay 26 ms, IGT 3:03:06.493, RTA 6:08:16.855-6:08:16.881
Tick 219900(219762), Delay 55 ms, IGT 3:03:06.543, RTA 6:08:16.881-6:08:16.936
Tick 219901(219763), Delay 45 ms, IGT 3:03:06.593, RTA 6:08:16.936-6:08:16.981
Tick 219922(219784), Delay 56 ms, IGT 3:03:07.643, RTA 6:08:17.982-6:08:18.038
Tick 219923(219785), Delay 41 ms, IGT 3:03:07.693, RTA 6:08:18.038-6:08:18.079
Tick 219924(219786), Delay 58 ms, IGT 3:03:07.743, RTA 6:08:18.079-6:08:18.137
Tick 219925(219787), Delay 45 ms, IGT 3:03:07.793, RTA 6:08:18.137-6:08:18.182
Tick 219950(219812), Delay 55 ms, IGT 3:03:09.043, RTA 6:08:19.379-6:08:19.434
Tick 220015(219877), Delay 55 ms, IGT 3:03:12.293, RTA 6:08:22.629-6:08:22.684
Tick 220065(219927), Delay 55 ms, IGT 3:03:14.793, RTA 6:08:25.131-6:08:25.186
Tick 220066(219928), Delay 44 ms, IGT 3:03:14.843, RTA 6:08:25.186-6:08:25.230
Tick 220235(220097), Delay 45 ms, IGT 3:03:23.293, RTA 6:08:33.634-6:08:33.679
Tick 220319(220181), Delay 59 ms, IGT 3:03:27.493, RTA 6:08:37.831-6:08:37.890
Tick 220320(220182), Delay 40 ms, IGT 3:03:27.543, RTA 6:08:37.890-6:08:37.930
Tick 220389(220251), Delay 55 ms, IGT 3:03:30.993, RTA 6:08:41.329-6:08:41.384
Tick 220525(220387), Delay 55 ms, IGT 3:03:37.793, RTA 6:08:48.131-6:08:48.186
Tick 220526(220388), Delay 45 ms, IGT 3:03:37.843, RTA 6:08:48.186-6:08:48.231
Tick 220545(220407), Delay 55 ms, IGT 3:03:38.793, RTA 6:08:49.129-6:08:49.184
Tick 220562(220424), Delay 2821 ms, IGT 3:03:39.643, RTA 6:08:49.982-6:08:52.803
Tick 220593(220455), Delay 55 ms, IGT 3:03:41.193, RTA 6:08:54.303-6:08:54.358
Tick 220609(220471), Delay 55 ms, IGT 3:03:41.993, RTA 6:08:55.103-6:08:55.158
Tick 220638(220500), Delay 45 ms, IGT 3:03:43.443, RTA 6:08:56.558-6:08:56.603
Tick 220650(220512), Delay 45 ms, IGT 3:03:44.043, RTA 6:08:57.158-6:08:57.203
Tick 221155(221017), Delay 126 ms, IGT 3:04:09.293, RTA 6:09:22.405-6:09:22.531
Tick 221156(221018), Delay 2 ms, IGT 3:04:09.343, RTA 6:09:22.531-6:09:22.533
Tick 221157(221019), Delay 20 ms, IGT 3:04:09.393, RTA 6:09:22.533-6:09:22.553
Tick 221228(221090), Delay 55 ms, IGT 3:04:12.943, RTA 6:09:26.054-6:09:26.109
Tick 221229(221091), Delay 44 ms, IGT 3:04:12.993, RTA 6:09:26.109-6:09:26.153
Tick 221238(221100), Delay 55 ms, IGT 3:04:13.443, RTA 6:09:26.553-6:09:26.608
Tick 221356(221218), Delay 58 ms, IGT 3:04:19.343, RTA 6:09:32.455-6:09:32.513
Tick 221357(221219), Delay 41 ms, IGT 3:04:19.393, RTA 6:09:32.513-6:09:32.554
Tick 221437(221299), Delay 45 ms, IGT 3:04:23.393, RTA 6:09:36.510-6:09:36.555
Tick 221440(221302), Delay 64 ms, IGT 3:04:23.543, RTA 6:09:36.654-6:09:36.718
Tick 221441(221303), Delay 36 ms, IGT 3:04:23.593, RTA 6:09:36.718-6:09:36.754
Tick 221758(221620), Delay 45 ms, IGT 3:04:39.443, RTA 6:09:52.558-6:09:52.603
Tick 222275(222137), Delay 58 ms, IGT 3:05:05.293, RTA 6:10:18.405-6:10:18.463
Tick 222276(222138), Delay 42 ms, IGT 3:05:05.343, RTA 6:10:18.463-6:10:18.505
Tick 222298(222160), Delay 64 ms, IGT 3:05:06.443, RTA 6:10:19.554-6:10:19.618
Tick 222299(222161), Delay 36 ms, IGT 3:05:06.493, RTA 6:10:19.618-6:10:19.654
Tick 222344(222206), Delay 55 ms, IGT 3:05:08.743, RTA 6:10:21.854-6:10:21.909
Tick 222372(222234), Delay 65 ms, IGT 3:05:10.143, RTA 6:10:23.254-6:10:23.319
Tick 222373(222235), Delay 38 ms, IGT 3:05:10.193, RTA 6:10:23.319-6:10:23.357
Tick 222379(222241), Delay 31196 ms, IGT 3:05:10.493, RTA 6:10:23.605-6:10:54.801
Tick 222421(222283), Delay 61 ms, IGT 3:05:12.593, RTA 6:10:56.851-6:10:56.912
Tick 222422(222284), Delay 39 ms, IGT 3:05:12.643, RTA 6:10:56.912-6:10:56.951
Tick 222492(222354), Delay 55 ms, IGT 3:05:16.143, RTA 6:11:00.400-6:11:00.455
Tick 222571(222433), Delay 55 ms, IGT 3:05:20.093, RTA 6:11:04.351-6:11:04.406
Tick 222651(222513), Delay 57 ms, IGT 3:05:24.093, RTA 6:11:08.350-6:11:08.407
Tick 222652(222514), Delay 44 ms, IGT 3:05:24.143, RTA 6:11:08.407-6:11:08.451
Tick 222779(222641), Delay 63 ms, IGT 3:05:30.493, RTA 6:11:14.750-6:11:14.813
Tick 222780(222642), Delay 151 ms, IGT 3:05:30.543, RTA 6:11:14.813-6:11:14.964
Tick 222781(222643), Delay 2 ms, IGT 3:05:30.593, RTA 6:11:14.964-6:11:14.966
Tick 222782(222644), Delay 0 ms, IGT 3:05:30.643, RTA 6:11:14.966-6:11:14.966
Tick 222783(222645), Delay 35 ms, IGT 3:05:30.693, RTA 6:11:14.966-6:11:15.001
Tick 222787(222649), Delay 45 ms, IGT 3:05:30.893, RTA 6:11:15.155-6:11:15.200
Tick 222868(222730), Delay 45 ms, IGT 3:05:34.943, RTA 6:11:19.205-6:11:19.250
Tick 222927(222789), Delay 181 ms, IGT 3:05:37.893, RTA 6:11:22.151-6:11:22.332
Tick 222928(222790), Delay 17 ms, IGT 3:05:37.943, RTA 6:11:22.332-6:11:22.349
Tick 222929(222791), Delay 2 ms, IGT 3:05:37.993, RTA 6:11:22.349-6:11:22.351
Tick 222930(222792), Delay 5 ms, IGT 3:05:38.043, RTA 6:11:22.351-6:11:22.356
Tick 222982(222844), Delay 151 ms, IGT 3:05:40.643, RTA 6:11:24.901-6:11:25.052
Tick 222983(222845), Delay 0 ms, IGT 3:05:40.693, RTA 6:11:25.052-6:11:25.052
Tick 222984(222846), Delay 1 ms, IGT 3:05:40.743, RTA 6:11:25.052-6:11:25.053
Tick 223014(222876), Delay 55 ms, IGT 3:05:42.243, RTA 6:11:26.500-6:11:26.555
Tick 223015(222877), Delay 45 ms, IGT 3:05:42.293, RTA 6:11:26.555-6:11:26.600
Tick 223016(222878), Delay 55 ms, IGT 3:05:42.343, RTA 6:11:26.600-6:11:26.655
Tick 223023(222885), Delay 57 ms, IGT 3:05:42.693, RTA 6:11:26.950-6:11:27.007
Tick 223052(222914), Delay 152 ms, IGT 3:05:44.143, RTA 6:11:28.401-6:11:28.553
Tick 223053(222915), Delay 2 ms, IGT 3:05:44.193, RTA 6:11:28.553-6:11:28.555
Tick 223054(222916), Delay 0 ms, IGT 3:05:44.243, RTA 6:11:28.555-6:11:28.555
Tick 223177(223039), Delay 158 ms, IGT 3:05:50.393, RTA 6:11:34.652-6:11:34.810
Tick 223178(223040), Delay 1 ms, IGT 3:05:50.443, RTA 6:11:34.810-6:11:34.811
Tick 223179(223041), Delay 0 ms, IGT 3:05:50.493, RTA 6:11:34.811-6:11:34.811
Tick 223180(223042), Delay 39 ms, IGT 3:05:50.543, RTA 6:11:34.811-6:11:34.850
Tick 223185(223047), Delay 55 ms, IGT 3:05:50.793, RTA 6:11:35.050-6:11:35.105
Tick 223225(223087), Delay 55 ms, IGT 3:05:52.793, RTA 6:11:37.050-6:11:37.105
Tick 223250(223112), Delay 44 ms, IGT 3:05:54.043, RTA 6:11:38.307-6:11:38.351
Tick 223257(223119), Delay 163 ms, IGT 3:05:54.393, RTA 6:11:38.653-6:11:38.816
Tick 223258(223120), Delay 15 ms, IGT 3:05:54.443, RTA 6:11:38.816-6:11:38.831
Tick 223259(223121), Delay 2 ms, IGT 3:05:54.493, RTA 6:11:38.831-6:11:38.833
Tick 223260(223122), Delay 23 ms, IGT 3:05:54.543, RTA 6:11:38.833-6:11:38.856
Tick 223301(223163), Delay 150 ms, IGT 3:05:56.593, RTA 6:11:40.850-6:11:41.000
Tick 223302(223164), Delay 2 ms, IGT 3:05:56.643, RTA 6:11:41.000-6:11:41.002
Tick 223303(223165), Delay 0 ms, IGT 3:05:56.693, RTA 6:11:41.002-6:11:41.002
Tick 223343(223205), Delay 149 ms, IGT 3:05:58.693, RTA 6:11:42.951-6:11:43.100
Tick 223344(223206), Delay 1 ms, IGT 3:05:58.743, RTA 6:11:43.100-6:11:43.101
Tick 223345(223207), Delay 0 ms, IGT 3:05:58.793, RTA 6:11:43.101-6:11:43.101
Tick 223348(223210), Delay 71 ms, IGT 3:05:58.943, RTA 6:11:43.204-6:11:43.275
Tick 223349(223211), Delay 27 ms, IGT 3:05:58.993, RTA 6:11:43.275-6:11:43.302
Tick 223375(223237), Delay 45 ms, IGT 3:06:00.293, RTA 6:11:44.555-6:11:44.600
Tick 223403(223265), Delay 152 ms, IGT 3:06:01.693, RTA 6:11:45.951-6:11:46.103
Tick 223404(223266), Delay 0 ms, IGT 3:06:01.743, RTA 6:11:46.103-6:11:46.103
Tick 223405(223267), Delay 1 ms, IGT 3:06:01.793, RTA 6:11:46.103-6:11:46.104
Tick 223415(223277), Delay 56 ms, IGT 3:06:02.293, RTA 6:11:46.551-6:11:46.607
Tick 223416(223278), Delay 44 ms, IGT 3:06:02.343, RTA 6:11:46.607-6:11:46.651
Tick 223440(223302), Delay 55 ms, IGT 3:06:03.543, RTA 6:11:47.800-6:11:47.855
Tick 223515(223377), Delay 45 ms, IGT 3:06:07.293, RTA 6:11:51.555-6:11:51.600
Tick 223549(223411), Delay 150 ms, IGT 3:06:08.993, RTA 6:11:53.251-6:11:53.401
Tick 223550(223412), Delay 0 ms, IGT 3:06:09.043, RTA 6:11:53.401-6:11:53.401
Tick 223551(223413), Delay 1 ms, IGT 3:06:09.093, RTA 6:11:53.401-6:11:53.402
Tick 223556(223418), Delay 66 ms, IGT 3:06:09.343, RTA 6:11:53.603-6:11:53.669
Tick 223557(223419), Delay 36 ms, IGT 3:06:09.393, RTA 6:11:53.669-6:11:53.705
Tick 223580(223442), Delay 45 ms, IGT 3:06:10.543, RTA 6:11:54.806-6:11:54.851
Tick 223759(223621), Delay 1102 ms, IGT 3:06:19.493, RTA 6:12:03.752-6:12:04.854
Tick 223771(223633), Delay 1756 ms, IGT 3:06:20.093, RTA 6:12:05.406-6:12:07.162
Tick 223778(223640), Delay 4797 ms, IGT 3:06:20.443, RTA 6:12:07.463-6:12:12.260
Tick 223795(223657), Delay 13223 ms, IGT 3:06:21.293, RTA 6:12:13.060-6:12:26.283
Tick 223922(223784), Delay 117 ms, IGT 3:06:27.643, RTA 6:12:32.583-6:12:32.700
Tick 223923(223785), Delay 1 ms, IGT 3:06:27.693, RTA 6:12:32.700-6:12:32.701
Tick 223924(223786), Delay 34 ms, IGT 3:06:27.743, RTA 6:12:32.701-6:12:32.735
Tick 223942(223804), Delay 44 ms, IGT 3:06:28.643, RTA 6:12:33.590-6:12:33.634
Tick 223967(223829), Delay 45 ms, IGT 3:06:29.893, RTA 6:12:34.839-6:12:34.884
Tick 223996(223858), Delay 55 ms, IGT 3:06:31.343, RTA 6:12:36.282-6:12:36.337
Tick 224185(224047), Delay 133 ms, IGT 3:06:40.793, RTA 6:12:45.733-6:12:45.866
Tick 224186(224048), Delay 0 ms, IGT 3:06:40.843, RTA 6:12:45.866-6:12:45.866
Tick 224187(224049), Delay 19 ms, IGT 3:06:40.893, RTA 6:12:45.866-6:12:45.885
Tick 224408(224270), Delay 26454 ms, IGT 3:06:51.943, RTA 6:12:56.884-6:13:23.338
Tick 224704(224566), Delay 62 ms, IGT 3:07:06.743, RTA 6:13:38.087-6:13:38.149
Tick 224705(224567), Delay 39 ms, IGT 3:07:06.793, RTA 6:13:38.149-6:13:38.188
Tick 224710(224572), Delay 12831 ms, IGT 3:07:07.043, RTA 6:13:38.388-6:13:51.219
Tick 224733(224595), Delay 45 ms, IGT 3:07:08.193, RTA 6:13:52.325-6:13:52.370
Tick 224797(224659), Delay 139 ms, IGT 3:07:11.393, RTA 6:13:55.519-6:13:55.658
Tick 224798(224660), Delay 0 ms, IGT 3:07:11.443, RTA 6:13:55.658-6:13:55.658
Tick 224799(224661), Delay 12 ms, IGT 3:07:11.493, RTA 6:13:55.658-6:13:55.670
Tick 224828(224690), Delay 57 ms, IGT 3:07:12.943, RTA 6:13:57.068-6:13:57.125
Tick 224829(224691), Delay 45 ms, IGT 3:07:12.993, RTA 6:13:57.125-6:13:57.170
Tick 224899(224761), Delay 61 ms, IGT 3:07:16.493, RTA 6:14:00.620-6:14:00.681
Tick 224900(224762), Delay 135 ms, IGT 3:07:16.543, RTA 6:14:00.681-6:14:00.816
Tick 224901(224763), Delay 0 ms, IGT 3:07:16.593, RTA 6:14:00.816-6:14:00.816
Tick 224902(224764), Delay 5 ms, IGT 3:07:16.643, RTA 6:14:00.816-6:14:00.821
Tick 224990(224852), Delay 22879 ms, IGT 3:07:21.043, RTA 6:14:05.168-6:14:28.047
Tick 225069(224931), Delay 59 ms, IGT 3:07:24.993, RTA 6:14:31.948-6:14:32.007
Tick 225070(224932), Delay 41 ms, IGT 3:07:25.043, RTA 6:14:32.007-6:14:32.048
Tick 225096(224958), Delay 155 ms, IGT 3:07:26.343, RTA 6:14:33.296-6:14:33.451
Tick 225097(224959), Delay 0 ms, IGT 3:07:26.393, RTA 6:14:33.451-6:14:33.451
Tick 225098(224960), Delay 1 ms, IGT 3:07:26.443, RTA 6:14:33.451-6:14:33.452
Tick 225103(224965), Delay 56 ms, IGT 3:07:26.693, RTA 6:14:33.649-6:14:33.705
Tick 225121(224983), Delay 55 ms, IGT 3:07:27.593, RTA 6:14:34.548-6:14:34.603
Tick 225122(224984), Delay 44 ms, IGT 3:07:27.643, RTA 6:14:34.603-6:14:34.647
Tick 225126(224988), Delay 55 ms, IGT 3:07:27.843, RTA 6:14:34.797-6:14:34.852
Tick 225127(224989), Delay 45 ms, IGT 3:07:27.893, RTA 6:14:34.852-6:14:34.897
Tick 225202(225064), Delay 63 ms, IGT 3:07:31.643, RTA 6:14:38.597-6:14:38.660
Tick 225203(225065), Delay 36 ms, IGT 3:07:31.693, RTA 6:14:38.660-6:14:38.696
Tick 225228(225090), Delay 59 ms, IGT 3:07:32.943, RTA 6:14:39.898-6:14:39.957
Tick 225229(225091), Delay 43 ms, IGT 3:07:32.993, RTA 6:14:39.957-6:14:40.000
Tick 225233(225095), Delay 762 ms, IGT 3:07:33.193, RTA 6:14:40.149-6:14:40.911
Tick 225236(225098), Delay 44 ms, IGT 3:07:33.343, RTA 6:14:41.013-6:14:41.057
Tick 225241(225103), Delay 725 ms, IGT 3:07:33.593, RTA 6:14:41.257-6:14:41.982
Tick 225242(225104), Delay 45 ms, IGT 3:07:33.643, RTA 6:14:41.982-6:14:42.027
Tick 225252(225114), Delay 506 ms, IGT 3:07:34.143, RTA 6:14:42.478-6:14:42.984
Tick 225280(225142), Delay 550 ms, IGT 3:07:35.543, RTA 6:14:44.335-6:14:44.885
Tick 225287(225149), Delay 7250 ms, IGT 3:07:35.893, RTA 6:14:45.183-6:14:52.433
Tick 225373(225235), Delay 117 ms, IGT 3:07:40.193, RTA 6:14:56.683-6:14:56.800
Tick 225374(225236), Delay 1 ms, IGT 3:07:40.243, RTA 6:14:56.800-6:14:56.801
Tick 225375(225237), Delay 36 ms, IGT 3:07:40.293, RTA 6:14:56.801-6:14:56.837
Tick 225462(225324), Delay 70 ms, IGT 3:07:44.643, RTA 6:15:01.133-6:15:01.203
Tick 225463(225325), Delay 30 ms, IGT 3:07:44.693, RTA 6:15:01.203-6:15:01.233
Tick 225493(225355), Delay 117 ms, IGT 3:07:46.193, RTA 6:15:02.683-6:15:02.800
Tick 225494(225356), Delay 1 ms, IGT 3:07:46.243, RTA 6:15:02.800-6:15:02.801
Tick 225495(225357), Delay 34 ms, IGT 3:07:46.293, RTA 6:15:02.801-6:15:02.835
Tick 225596(225458), Delay 63 ms, IGT 3:07:51.343, RTA 6:15:07.833-6:15:07.896
Tick 225597(225459), Delay 38 ms, IGT 3:07:51.393, RTA 6:15:07.896-6:15:07.934
Tick 225663(225525), Delay 116 ms, IGT 3:07:54.693, RTA 6:15:11.183-6:15:11.299
Tick 225664(225526), Delay 1 ms, IGT 3:07:54.743, RTA 6:15:11.299-6:15:11.300
Tick 225665(225527), Delay 33 ms, IGT 3:07:54.793, RTA 6:15:11.300-6:15:11.333
Tick 225702(225564), Delay 55 ms, IGT 3:07:56.643, RTA 6:15:13.133-6:15:13.188
Tick 225714(225576), Delay 45 ms, IGT 3:07:57.243, RTA 6:15:13.738-6:15:13.783
Tick 225732(225594), Delay 44 ms, IGT 3:07:58.143, RTA 6:15:14.639-6:15:14.683
Tick 225748(225610), Delay 909 ms, IGT 3:07:58.943, RTA 6:15:15.434-6:15:16.343
Tick 225764(225626), Delay 7765 ms, IGT 3:07:59.743, RTA 6:15:17.095-6:15:24.860
Tick 225804(225666), Delay 147 ms, IGT 3:08:01.743, RTA 6:15:26.812-6:15:26.959
Tick 225805(225667), Delay 2 ms, IGT 3:08:01.793, RTA 6:15:26.959-6:15:26.961
Tick 225806(225668), Delay 0 ms, IGT 3:08:01.843, RTA 6:15:26.961-6:15:26.961
Tick 225982(225844), Delay 148 ms, IGT 3:08:10.643, RTA 6:15:35.710-6:15:35.858
Tick 225983(225845), Delay 1 ms, IGT 3:08:10.693, RTA 6:15:35.858-6:15:35.859
Tick 225984(225846), Delay 5 ms, IGT 3:08:10.743, RTA 6:15:35.859-6:15:35.864
Tick 225990(225852), Delay 56 ms, IGT 3:08:11.043, RTA 6:15:36.109-6:15:36.165
Tick 226034(225896), Delay 61 ms, IGT 3:08:13.243, RTA 6:15:38.311-6:15:38.372
Tick 226035(225897), Delay 37 ms, IGT 3:08:13.293, RTA 6:15:38.372-6:15:38.409
Tick 226103(225965), Delay 55 ms, IGT 3:08:16.693, RTA 6:15:41.759-6:15:41.814
Tick 226120(225982), Delay 9976 ms, IGT 3:08:17.543, RTA 6:15:42.611-6:15:52.587
Tick 226179(226041), Delay 113 ms, IGT 3:08:20.493, RTA 6:15:55.489-6:15:55.602
Tick 226180(226042), Delay 0 ms, IGT 3:08:20.543, RTA 6:15:55.602-6:15:55.602
Tick 226181(226043), Delay 38 ms, IGT 3:08:20.593, RTA 6:15:55.602-6:15:55.640
Tick 226265(226127), Delay 119 ms, IGT 3:08:24.793, RTA 6:15:59.791-6:15:59.910
Tick 226266(226128), Delay 0 ms, IGT 3:08:24.843, RTA 6:15:59.910-6:15:59.910
Tick 226267(226129), Delay 27 ms, IGT 3:08:24.893, RTA 6:15:59.910-6:15:59.937
Tick 226277(226139), Delay 57 ms, IGT 3:08:25.393, RTA 6:16:00.387-6:16:00.444
Tick 226278(226140), Delay 42 ms, IGT 3:08:25.443, RTA 6:16:00.444-6:16:00.486
Tick 226279(226141), Delay 56 ms, IGT 3:08:25.493, RTA 6:16:00.486-6:16:00.542
Tick 226280(226142), Delay 45 ms, IGT 3:08:25.543, RTA 6:16:00.542-6:16:00.587
Tick 226306(226168), Delay 149 ms, IGT 3:08:26.843, RTA 6:16:01.837-6:16:01.986
Tick 226307(226169), Delay 1 ms, IGT 3:08:26.893, RTA 6:16:01.986-6:16:01.987
Tick 226308(226170), Delay 0 ms, IGT 3:08:26.943, RTA 6:16:01.987-6:16:01.987
Tick 226321(226183), Delay 45 ms, IGT 3:08:27.593, RTA 6:16:02.592-6:16:02.637
Tick 226371(226233), Delay 120 ms, IGT 3:08:30.093, RTA 6:16:05.087-6:16:05.207
Tick 226372(226234), Delay 1 ms, IGT 3:08:30.143, RTA 6:16:05.207-6:16:05.208
Tick 226373(226235), Delay 28 ms, IGT 3:08:30.193, RTA 6:16:05.208-6:16:05.236
Tick 226451(226313), Delay 69 ms, IGT 3:08:34.093, RTA 6:16:09.088-6:16:09.157
Tick 226452(226314), Delay 31 ms, IGT 3:08:34.143, RTA 6:16:09.157-6:16:09.188
Tick 226586(226448), Delay 45 ms, IGT 3:08:40.843, RTA 6:16:15.841-6:16:15.886
Tick 226659(226521), Delay 3530 ms, IGT 3:08:44.493, RTA 6:16:19.488-6:16:23.018
Tick 226726(226588), Delay 57 ms, IGT 3:08:47.843, RTA 6:16:26.320-6:16:26.377
Tick 226727(226589), Delay 41 ms, IGT 3:08:47.893, RTA 6:16:26.377-6:16:26.418
Tick 226739(226601), Delay 145 ms, IGT 3:08:48.493, RTA 6:16:26.968-6:16:27.113
Tick 226740(226602), Delay 1 ms, IGT 3:08:48.543, RTA 6:16:27.113-6:16:27.114
Tick 226741(226603), Delay 5 ms, IGT 3:08:48.593, RTA 6:16:27.114-6:16:27.119
Tick 226753(226615), Delay 55 ms, IGT 3:08:49.193, RTA 6:16:27.667-6:16:27.722
Tick 226757(226619), Delay 56 ms, IGT 3:08:49.393, RTA 6:16:27.869-6:16:27.925
Tick 226841(226703), Delay 132 ms, IGT 3:08:53.593, RTA 6:16:32.067-6:16:32.199
Tick 226842(226704), Delay 1 ms, IGT 3:08:53.643, RTA 6:16:32.199-6:16:32.200
Tick 226843(226705), Delay 26 ms, IGT 3:08:53.693, RTA 6:16:32.200-6:16:32.226
Tick 226844(226706), Delay 41 ms, IGT 3:08:53.743, RTA 6:16:32.226-6:16:32.267
Tick 226864(226726), Delay 57 ms, IGT 3:08:54.743, RTA 6:16:33.218-6:16:33.275
Tick 226865(226727), Delay 43 ms, IGT 3:08:54.793, RTA 6:16:33.275-6:16:33.318
Tick 226992(226854), Delay 1013 ms, IGT 3:09:01.143, RTA 6:16:39.620-6:16:40.633
Tick 227002(226864), Delay 17301 ms, IGT 3:09:01.643, RTA 6:16:41.081-6:16:58.382
Tick 227018(226880), Delay 45 ms, IGT 3:09:02.443, RTA 6:16:59.135-6:16:59.180
Tick 227034(226896), Delay 24819 ms, IGT 3:09:03.243, RTA 6:16:59.936-6:17:24.755
Tick 227044(226906), Delay 44 ms, IGT 3:09:03.743, RTA 6:17:25.210-6:17:25.254
Tick 227083(226945), Delay 55 ms, IGT 3:09:05.693, RTA 6:17:27.155-6:17:27.210
Tick 227084(226946), Delay 45 ms, IGT 3:09:05.743, RTA 6:17:27.210-6:17:27.255
Tick 227085(226947), Delay 55 ms, IGT 3:09:05.793, RTA 6:17:27.255-6:17:27.310
Tick 227086(226948), Delay 45 ms, IGT 3:09:05.843, RTA 6:17:27.310-6:17:27.355
Tick 227124(226986), Delay 45 ms, IGT 3:09:07.743, RTA 6:17:29.209-6:17:29.254
Tick 227128(226990), Delay 45 ms, IGT 3:09:07.943, RTA 6:17:29.410-6:17:29.455
Tick 227172(227034), Delay 1034 ms, IGT 3:09:10.143, RTA 6:17:31.606-6:17:32.640
Tick 227190(227052), Delay 56 ms, IGT 3:09:11.043, RTA 6:17:33.491-6:17:33.547
Tick 227191(227053), Delay 42 ms, IGT 3:09:11.093, RTA 6:17:33.547-6:17:33.589
Tick 227220(227082), Delay 55 ms, IGT 3:09:12.543, RTA 6:17:34.989-6:17:35.044
Tick 227235(227097), Delay 45 ms, IGT 3:09:13.293, RTA 6:17:35.745-6:17:35.790
Tick 227252(227114), Delay 56 ms, IGT 3:09:14.143, RTA 6:17:36.589-6:17:36.645
Tick 227253(227115), Delay 45 ms, IGT 3:09:14.193, RTA 6:17:36.645-6:17:36.690
Tick 227285(227147), Delay 45 ms, IGT 3:09:15.793, RTA 6:17:38.243-6:17:38.288
Tick 227339(227201), Delay 10257 ms, IGT 3:09:18.493, RTA 6:17:40.939-6:17:51.196
Tick 227345(227207), Delay 45 ms, IGT 3:09:18.793, RTA 6:17:51.450-6:17:51.495
Tick 227364(227226), Delay 55 ms, IGT 3:09:19.743, RTA 6:17:52.395-6:17:52.450
Tick 227426(227288), Delay 150 ms, IGT 3:09:22.843, RTA 6:17:55.496-6:17:55.646
Tick 227427(227289), Delay 16 ms, IGT 3:09:22.893, RTA 6:17:55.646-6:17:55.662
Tick 227428(227290), Delay 0 ms, IGT 3:09:22.943, RTA 6:17:55.662-6:17:55.662
Tick 227429(227291), Delay 34 ms, IGT 3:09:22.993, RTA 6:17:55.662-6:17:55.696
Tick 227673(227535), Delay 569 ms, IGT 3:09:35.193, RTA 6:18:07.848-6:18:08.417
Tick 227679(227541), Delay 364 ms, IGT 3:09:35.493, RTA 6:18:08.668-6:18:09.032
Tick 227683(227545), Delay 1596 ms, IGT 3:09:35.693, RTA 6:18:09.184-6:18:10.780
Tick 227699(227561), Delay 576 ms, IGT 3:09:36.493, RTA 6:18:11.531-6:18:12.107
Tick 227706(227568), Delay 6104 ms, IGT 3:09:36.843, RTA 6:18:12.408-6:18:18.512
Tick 227717(227579), Delay 275 ms, IGT 3:09:37.393, RTA 6:18:19.015-6:18:19.290
Tick 227723(227585), Delay 3194 ms, IGT 3:09:37.693, RTA 6:18:19.539-6:18:22.733
Tick 227778(227640), Delay 58 ms, IGT 3:09:40.443, RTA 6:18:25.436-6:18:25.494
Tick 227779(227641), Delay 42 ms, IGT 3:09:40.493, RTA 6:18:25.494-6:18:25.536
Tick 227781(227643), Delay 125 ms, IGT 3:09:40.593, RTA 6:18:25.583-6:18:25.708
Tick 227782(227644), Delay 1 ms, IGT 3:09:40.643, RTA 6:18:25.708-6:18:25.709
Tick 227783(227645), Delay 25 ms, IGT 3:09:40.693, RTA 6:18:25.709-6:18:25.734
Tick 227827(227689), Delay 120 ms, IGT 3:09:42.893, RTA 6:18:27.886-6:18:28.006
Tick 227828(227690), Delay 1 ms, IGT 3:09:42.943, RTA 6:18:28.006-6:18:28.007
Tick 227829(227691), Delay 29 ms, IGT 3:09:42.993, RTA 6:18:28.007-6:18:28.036
Tick 227883(227745), Delay 45 ms, IGT 3:09:45.693, RTA 6:18:30.688-6:18:30.733
Tick 227897(227759), Delay 486 ms, IGT 3:09:46.393, RTA 6:18:31.386-6:18:31.872
Tick 227968(227830), Delay 55 ms, IGT 3:09:49.943, RTA 6:18:35.370-6:18:35.425
Tick 227969(227831), Delay 45 ms, IGT 3:09:49.993, RTA 6:18:35.425-6:18:35.470
Tick 227975(227837), Delay 140 ms, IGT 3:09:50.293, RTA 6:18:35.721-6:18:35.861
Tick 227976(227838), Delay 1 ms, IGT 3:09:50.343, RTA 6:18:35.861-6:18:35.862
Tick 227977(227839), Delay 11 ms, IGT 3:09:50.393, RTA 6:18:35.862-6:18:35.873
Tick 227980(227842), Delay 56 ms, IGT 3:09:50.543, RTA 6:18:35.970-6:18:36.026
Tick 228009(227871), Delay 126 ms, IGT 3:09:51.993, RTA 6:18:37.422-6:18:37.548
Tick 228010(227872), Delay 1 ms, IGT 3:09:52.043, RTA 6:18:37.548-6:18:37.549
Tick 228011(227873), Delay 22 ms, IGT 3:09:52.093, RTA 6:18:37.549-6:18:37.571
Tick 228079(227941), Delay 55 ms, IGT 3:09:55.493, RTA 6:18:40.921-6:18:40.976
Tick 228080(227942), Delay 44 ms, IGT 3:09:55.543, RTA 6:18:40.976-6:18:41.020
Tick 228097(227959), Delay 148 ms, IGT 3:09:56.393, RTA 6:18:41.821-6:18:41.969
Tick 228098(227960), Delay 0 ms, IGT 3:09:56.443, RTA 6:18:41.969-6:18:41.969
Tick 228099(227961), Delay 4 ms, IGT 3:09:56.493, RTA 6:18:41.969-6:18:41.973
Tick 228101(227963), Delay 43 ms, IGT 3:09:56.593, RTA 6:18:42.027-6:18:42.070
Tick 228352(228214), Delay 45 ms, IGT 3:10:09.143, RTA 6:18:54.575-6:18:54.620
Tick 228363(228225), Delay 45 ms, IGT 3:10:09.693, RTA 6:18:55.126-6:18:55.171
Tick 228401(228263), Delay 136 ms, IGT 3:10:11.593, RTA 6:18:57.021-6:18:57.157
Tick 228402(228264), Delay 1 ms, IGT 3:10:11.643, RTA 6:18:57.157-6:18:57.158
Tick 228403(228265), Delay 20 ms, IGT 3:10:11.693, RTA 6:18:57.158-6:18:57.178
Tick 228404(228266), Delay 45 ms, IGT 3:10:11.743, RTA 6:18:57.178-6:18:57.223
Tick 228408(228270), Delay 56 ms, IGT 3:10:11.943, RTA 6:18:57.371-6:18:57.427
Tick 228409(228271), Delay 44 ms, IGT 3:10:11.993, RTA 6:18:57.427-6:18:57.471
Tick 228427(228289), Delay 66 ms, IGT 3:10:12.893, RTA 6:18:58.319-6:18:58.385
Tick 228428(228290), Delay 35 ms, IGT 3:10:12.943, RTA 6:18:58.385-6:18:58.420
Tick 228448(228310), Delay 68 ms, IGT 3:10:13.943, RTA 6:18:59.370-6:18:59.438
Tick 228449(228311), Delay 125 ms, IGT 3:10:13.993, RTA 6:18:59.438-6:18:59.563
Tick 228450(228312), Delay 1 ms, IGT 3:10:14.043, RTA 6:18:59.563-6:18:59.564
Tick 228451(228313), Delay 11 ms, IGT 3:10:14.093, RTA 6:18:59.564-6:18:59.575
Tick 228452(228314), Delay 45 ms, IGT 3:10:14.143, RTA 6:18:59.575-6:18:59.620
Tick 228459(228321), Delay 45 ms, IGT 3:10:14.493, RTA 6:18:59.924-6:18:59.969
Tick 228464(228326), Delay 55 ms, IGT 3:10:14.743, RTA 6:19:00.170-6:19:00.225
Tick 228501(228363), Delay 45 ms, IGT 3:10:16.593, RTA 6:19:02.024-6:19:02.069
Tick 228582(228444), Delay 55 ms, IGT 3:10:20.643, RTA 6:19:06.069-6:19:06.124
Tick 228599(228461), Delay 9783 ms, IGT 3:10:21.493, RTA 6:19:06.921-6:19:16.704
Tick 228627(228489), Delay 55 ms, IGT 3:10:22.893, RTA 6:19:18.055-6:19:18.110
Tick 228813(228675), Delay 150 ms, IGT 3:10:32.193, RTA 6:19:27.359-6:19:27.509
Tick 228814(228676), Delay 1 ms, IGT 3:10:32.243, RTA 6:19:27.509-6:19:27.510
Tick 228815(228677), Delay 0 ms, IGT 3:10:32.293, RTA 6:19:27.510-6:19:27.510
Tick 229002(228864), Delay 136 ms, IGT 3:10:41.643, RTA 6:19:36.805-6:19:36.941
Tick 229003(228865), Delay 1 ms, IGT 3:10:41.693, RTA 6:19:36.941-6:19:36.942
Tick 229004(228866), Delay 13 ms, IGT 3:10:41.743, RTA 6:19:36.942-6:19:36.955
Tick 229183(229044), Delay 71 ms, IGT 3:10:50.643, RTA 6:19:45.856-6:19:45.927, due world load
Tick 229184(229044), Delay 20 ms, IGT 3:10:50.643, RTA 6:19:45.927-6:19:45.947, due world load
Tick 229185(229044), Delay 120 ms, IGT 3:10:50.630, RTA 6:19:45.947-6:19:46.067, due world load
Tick 229186(229044), Delay 0 ms, IGT 3:10:50.630, RTA 6:19:46.067-6:19:46.067, due world load
Tick 229187(229045), Delay 36 ms, IGT 3:10:50.676, RTA 6:19:46.067-6:19:46.103
Tick 229188(229046), Delay 159 ms, IGT 3:10:50.726, RTA 6:19:46.103-6:19:46.262
Tick 229189(229047), Delay 28 ms, IGT 3:10:50.776, RTA 6:19:46.262-6:19:46.290
Tick 229190(229048), Delay 1 ms, IGT 3:10:50.826, RTA 6:19:46.290-6:19:46.291
Tick 229191(229049), Delay 14 ms, IGT 3:10:50.876, RTA 6:19:46.291-6:19:46.305
Tick 229235(229093), Delay 55 ms, IGT 3:10:53.076, RTA 6:19:48.454-6:19:48.509
Tick 229236(229094), Delay 45 ms, IGT 3:10:53.126, RTA 6:19:48.509-6:19:48.554
Tick 229245(229103), Delay 55 ms, IGT 3:10:53.576, RTA 6:19:48.954-6:19:49.009
Tick 229246(229104), Delay 45 ms, IGT 3:10:53.626, RTA 6:19:49.009-6:19:49.054
Tick 229249(229107), Delay 56 ms, IGT 3:10:53.776, RTA 6:19:49.153-6:19:49.209
Tick 229405(229263), Delay 64 ms, IGT 3:11:01.576, RTA 6:19:56.955-6:19:57.019
Tick 229406(229264), Delay 134 ms, IGT 3:11:01.626, RTA 6:19:57.019-6:19:57.153
Tick 229407(229265), Delay 0 ms, IGT 3:11:01.676, RTA 6:19:57.153-6:19:57.153
Tick 229408(229266), Delay 2 ms, IGT 3:11:01.726, RTA 6:19:57.153-6:19:57.155
Tick 229427(229285), Delay 55 ms, IGT 3:11:02.676, RTA 6:19:58.053-6:19:58.108
Tick 229452(229310), Delay 66 ms, IGT 3:11:03.926, RTA 6:19:59.305-6:19:59.371
Tick 229453(229311), Delay 34 ms, IGT 3:11:03.976, RTA 6:19:59.371-6:19:59.405
Tick 229648(229506), Delay 63 ms, IGT 3:11:13.726, RTA 6:20:09.104-6:20:09.167
Tick 229649(229507), Delay 40 ms, IGT 3:11:13.776, RTA 6:20:09.167-6:20:09.207
Tick 229736(229594), Delay 6011 ms, IGT 3:11:18.126, RTA 6:20:13.505-6:20:19.516
Tick 229902(229760), Delay 55 ms, IGT 3:11:26.426, RTA 6:20:27.763-6:20:27.818
Tick 230034(229892), Delay 45 ms, IGT 3:11:33.026, RTA 6:20:34.369-6:20:34.414
Tick 230073(229931), Delay 55 ms, IGT 3:11:34.976, RTA 6:20:36.313-6:20:36.368
Tick 230116(229974), Delay 9704 ms, IGT 3:11:37.126, RTA 6:20:38.467-6:20:48.171
Tick 230157(230015), Delay 45 ms, IGT 3:11:39.176, RTA 6:20:50.175-6:20:50.220
Tick 230210(230068), Delay 105 ms, IGT 3:11:41.826, RTA 6:20:52.821-6:20:52.926
Tick 230211(230069), Delay 2 ms, IGT 3:11:41.876, RTA 6:20:52.926-6:20:52.928
Tick 230221(230079), Delay 56 ms, IGT 3:11:42.376, RTA 6:20:53.370-6:20:53.426
Tick 230222(230080), Delay 45 ms, IGT 3:11:42.426, RTA 6:20:53.426-6:20:53.471
Tick 230248(230106), Delay 45 ms, IGT 3:11:43.726, RTA 6:20:54.726-6:20:54.771
Tick 230249(230107), Delay 55 ms, IGT 3:11:43.776, RTA 6:20:54.771-6:20:54.826
Tick 230390(230248), Delay 126 ms, IGT 3:11:50.826, RTA 6:21:01.821-6:21:01.947
Tick 230391(230249), Delay 1 ms, IGT 3:11:50.876, RTA 6:21:01.947-6:21:01.948
Tick 230392(230250), Delay 25 ms, IGT 3:11:50.926, RTA 6:21:01.948-6:21:01.973
Tick 230422(230280), Delay 45 ms, IGT 3:11:52.426, RTA 6:21:03.425-6:21:03.470
Tick 230450(230308), Delay 55 ms, IGT 3:11:53.826, RTA 6:21:04.821-6:21:04.876
Tick 230504(230362), Delay 55 ms, IGT 3:11:56.526, RTA 6:21:07.520-6:21:07.575
Tick 230510(230368), Delay 56 ms, IGT 3:11:56.826, RTA 6:21:07.824-6:21:07.880
Tick 230511(230369), Delay 43 ms, IGT 3:11:56.876, RTA 6:21:07.880-6:21:07.923
Tick 230741(230599), Delay 57 ms, IGT 3:12:08.376, RTA 6:21:19.375-6:21:19.432
Tick 230742(230600), Delay 39 ms, IGT 3:12:08.426, RTA 6:21:19.432-6:21:19.471
Tick 230796(230654), Delay 55 ms, IGT 3:12:11.126, RTA 6:21:22.121-6:21:22.176
Tick 230802(230660), Delay 3088 ms, IGT 3:12:11.426, RTA 6:21:22.421-6:21:25.509
Tick 230884(230742), Delay 140 ms, IGT 3:12:15.526, RTA 6:21:29.557-6:21:29.697
Tick 230885(230743), Delay 0 ms, IGT 3:12:15.576, RTA 6:21:29.697-6:21:29.697
Tick 230886(230744), Delay 10 ms, IGT 3:12:15.626, RTA 6:21:29.697-6:21:29.707
Tick 230905(230763), Delay 55 ms, IGT 3:12:16.576, RTA 6:21:30.606-6:21:30.661
Tick 230951(230809), Delay 55 ms, IGT 3:12:18.876, RTA 6:21:32.907-6:21:32.962
Tick 230959(230817), Delay 45 ms, IGT 3:12:19.276, RTA 6:21:33.312-6:21:33.357
Tick 230968(230826), Delay 57 ms, IGT 3:12:19.726, RTA 6:21:33.756-6:21:33.813
Tick 230969(230827), Delay 45 ms, IGT 3:12:19.776, RTA 6:21:33.813-6:21:33.858
Tick 231176(231034), Delay 55 ms, IGT 3:12:30.126, RTA 6:21:44.156-6:21:44.211
Tick 231217(231075), Delay 55 ms, IGT 3:12:32.176, RTA 6:21:46.206-6:21:46.261
Tick 231253(231111), Delay 3048 ms, IGT 3:12:33.976, RTA 6:21:48.008-6:21:51.056
Tick 232106(231964), Delay 55 ms, IGT 3:13:16.626, RTA 6:22:33.657-6:22:33.712
Tick 232206(232064), Delay 55 ms, IGT 3:13:21.626, RTA 6:22:38.656-6:22:38.711
Tick 232207(232065), Delay 45 ms, IGT 3:13:21.676, RTA 6:22:38.711-6:22:38.756
Tick 232250(232108), Delay 55 ms, IGT 3:13:23.826, RTA 6:22:40.857-6:22:40.912
Tick 232251(232109), Delay 44 ms, IGT 3:13:23.876, RTA 6:22:40.912-6:22:40.956
Tick 232277(232135), Delay 5093 ms, IGT 3:13:25.176, RTA 6:22:42.210-6:22:47.303
Tick 232320(232178), Delay 55 ms, IGT 3:13:27.326, RTA 6:22:49.403-6:22:49.458
Tick 232673(232531), Delay 45 ms, IGT 3:13:44.976, RTA 6:23:07.057-6:23:07.102
Tick 232740(232598), Delay 55 ms, IGT 3:13:48.326, RTA 6:23:10.403-6:23:10.458
Tick 232741(232599), Delay 44 ms, IGT 3:13:48.376, RTA 6:23:10.458-6:23:10.502
Tick 232752(232610), Delay 55 ms, IGT 3:13:48.926, RTA 6:23:11.002-6:23:11.057
Tick 232769(232627), Delay 7153 ms, IGT 3:13:49.776, RTA 6:23:11.854-6:23:19.007
Tick 232787(232645), Delay 45 ms, IGT 3:13:50.676, RTA 6:23:19.861-6:23:19.906
Tick 232801(232659), Delay 45 ms, IGT 3:13:51.376, RTA 6:23:20.562-6:23:20.607
Tick 233008(232866), Delay 55 ms, IGT 3:14:01.726, RTA 6:23:30.906-6:23:30.961
Tick 233009(232867), Delay 45 ms, IGT 3:14:01.776, RTA 6:23:30.961-6:23:31.006
Tick 233014(232872), Delay 45 ms, IGT 3:14:02.026, RTA 6:23:31.211-6:23:31.256
Tick 233256(233114), Delay 44 ms, IGT 3:14:14.126, RTA 6:23:43.312-6:23:43.356
Tick 233296(233154), Delay 123 ms, IGT 3:14:16.126, RTA 6:23:45.307-6:23:45.430
Tick 233297(233155), Delay 0 ms, IGT 3:14:16.176, RTA 6:23:45.430-6:23:45.430
Tick 233298(233156), Delay 30 ms, IGT 3:14:16.226, RTA 6:23:45.430-6:23:45.460
Tick 233303(233161), Delay 45 ms, IGT 3:14:16.476, RTA 6:23:45.662-6:23:45.707
Tick 233334(233192), Delay 56 ms, IGT 3:14:18.026, RTA 6:23:47.207-6:23:47.263
Tick 233335(233193), Delay 43 ms, IGT 3:14:18.076, RTA 6:23:47.263-6:23:47.306
Tick 233346(233204), Delay 62 ms, IGT 3:14:18.626, RTA 6:23:47.811-6:23:47.873
Tick 233347(233205), Delay 34 ms, IGT 3:14:18.676, RTA 6:23:47.873-6:23:47.907
Tick 233367(233225), Delay 55 ms, IGT 3:14:19.676, RTA 6:23:48.857-6:23:48.912
Tick 233575(233433), Delay 59 ms, IGT 3:14:30.076, RTA 6:23:59.256-6:23:59.315
Tick 233576(233434), Delay 42 ms, IGT 3:14:30.126, RTA 6:23:59.315-6:23:59.357
Tick 233793(233651), Delay 43 ms, IGT 3:14:40.976, RTA 6:24:10.162-6:24:10.205
Tick 233801(233659), Delay 45 ms, IGT 3:14:41.376, RTA 6:24:10.561-6:24:10.606
Tick 233802(233660), Delay 55 ms, IGT 3:14:41.426, RTA 6:24:10.606-6:24:10.661
Tick 233832(233690), Delay 55 ms, IGT 3:14:42.926, RTA 6:24:12.107-6:24:12.162
Tick 233837(233695), Delay 4534 ms, IGT 3:14:43.176, RTA 6:24:12.361-6:24:16.895
Tick 233871(233729), Delay 121 ms, IGT 3:14:44.876, RTA 6:24:18.544-6:24:18.665
Tick 233872(233730), Delay 38 ms, IGT 3:14:44.926, RTA 6:24:18.665-6:24:18.703
Tick 233873(233731), Delay 0 ms, IGT 3:14:44.976, RTA 6:24:18.703-6:24:18.703
Tick 233874(233732), Delay 43 ms, IGT 3:14:45.026, RTA 6:24:18.703-6:24:18.746
Tick 233942(233800), Delay 45 ms, IGT 3:14:48.426, RTA 6:24:22.099-6:24:22.144
Tick 233943(233801), Delay 57 ms, IGT 3:14:48.476, RTA 6:24:22.144-6:24:22.201
Tick 233955(233813), Delay 55 ms, IGT 3:14:49.076, RTA 6:24:22.744-6:24:22.799
Tick 233976(233834), Delay 45 ms, IGT 3:14:50.126, RTA 6:24:23.801-6:24:23.846
Tick 234048(233906), Delay 2235 ms, IGT 3:14:53.726, RTA 6:24:27.398-6:24:29.633
Tick 234082(233940), Delay 124 ms, IGT 3:14:55.426, RTA 6:24:31.282-6:24:31.406
Tick 234083(233941), Delay 1 ms, IGT 3:14:55.476, RTA 6:24:31.406-6:24:31.407
Tick 234084(233942), Delay 26 ms, IGT 3:14:55.526, RTA 6:24:31.407-6:24:31.433
Tick 234086(233944), Delay 55 ms, IGT 3:14:55.626, RTA 6:24:31.484-6:24:31.539
Tick 234087(233945), Delay 45 ms, IGT 3:14:55.676, RTA 6:24:31.539-6:24:31.584
Tick 234119(233977), Delay 55 ms, IGT 3:14:57.276, RTA 6:24:33.132-6:24:33.187
Tick 234120(233978), Delay 45 ms, IGT 3:14:57.326, RTA 6:24:33.187-6:24:33.232
Tick 234134(233992), Delay 45 ms, IGT 3:14:58.026, RTA 6:24:33.887-6:24:33.932
Tick 234296(234154), Delay 3701 ms, IGT 3:15:06.126, RTA 6:24:41.984-6:24:45.685
Tick 234327(234185), Delay 141 ms, IGT 3:15:07.676, RTA 6:24:47.185-6:24:47.326
Tick 234328(234186), Delay 1 ms, IGT 3:15:07.726, RTA 6:24:47.326-6:24:47.327
Tick 234329(234187), Delay 6 ms, IGT 3:15:07.776, RTA 6:24:47.327-6:24:47.333
Tick 234371(234229), Delay 55 ms, IGT 3:15:09.876, RTA 6:24:49.383-6:24:49.438
Tick 234388(234246), Delay 55 ms, IGT 3:15:10.726, RTA 6:24:50.233-6:24:50.288
Tick 234392(234250), Delay 45 ms, IGT 3:15:10.926, RTA 6:24:50.438-6:24:50.483
Tick 234406(234264), Delay 43 ms, IGT 3:15:11.626, RTA 6:24:51.140-6:24:51.183
Tick 234478(234336), Delay 3675 ms, IGT 3:15:15.226, RTA 6:24:54.736-6:24:58.411
Tick 234576(234434), Delay 129 ms, IGT 3:15:20.126, RTA 6:25:03.262-6:25:03.391
Tick 234577(234435), Delay 0 ms, IGT 3:15:20.176, RTA 6:25:03.391-6:25:03.391
Tick 234578(234436), Delay 21 ms, IGT 3:15:20.226, RTA 6:25:03.391-6:25:03.412
Tick 234608(234466), Delay 56 ms, IGT 3:15:21.726, RTA 6:25:04.860-6:25:04.916
Tick 234651(234509), Delay 58 ms, IGT 3:15:23.876, RTA 6:25:07.011-6:25:07.069
Tick 234653(234511), Delay 43 ms, IGT 3:15:23.976, RTA 6:25:07.118-6:25:07.161
Tick 234953(234811), Delay 55 ms, IGT 3:15:38.976, RTA 6:25:22.111-6:25:22.166
Tick 235039(234897), Delay 740 ms, IGT 3:15:43.276, RTA 6:25:26.411-6:25:27.151
Tick 235167(235025), Delay 645 ms, IGT 3:15:49.676, RTA 6:25:33.505-6:25:34.150
Tick 235400(235257), Delay 331 ms, IGT 3:16:01.276, RTA 6:25:45.750-6:25:46.081
Tick 235401(235257), Delay 67222 ms, IGT 3:16:01.276, RTA 6:25:46.081-6:26:53.303
Tick 235402(235257), Delay 84 ms, IGT 3:16:01.276, RTA 6:26:53.303-6:26:53.387, due world load
Tick 235403(235257), Delay 0 ms, IGT 3:16:01.276, RTA 6:26:53.387-6:26:53.387, due world load
Tick 235438(235292), Delay 60 ms, IGT 3:16:03.023, RTA 6:26:55.087-6:26:55.147
Tick 235439(235293), Delay 38 ms, IGT 3:16:03.073, RTA 6:26:55.147-6:26:55.185
Tick 235616(235470), Delay 57 ms, IGT 3:16:11.923, RTA 6:27:03.986-6:27:04.043
Tick 235617(235471), Delay 43 ms, IGT 3:16:11.973, RTA 6:27:04.043-6:27:04.086
Tick 235710(235564), Delay 45 ms, IGT 3:16:16.623, RTA 6:27:08.689-6:27:08.734
Tick 235906(235760), Delay 62 ms, IGT 3:16:26.423, RTA 6:27:18.484-6:27:18.546
Tick 235907(235761), Delay 38 ms, IGT 3:16:26.473, RTA 6:27:18.546-6:27:18.584
Tick 235908(235762), Delay 55 ms, IGT 3:16:26.523, RTA 6:27:18.584-6:27:18.639
Tick 235932(235786), Delay 55 ms, IGT 3:16:27.723, RTA 6:27:19.787-6:27:19.842
Tick 235934(235788), Delay 42 ms, IGT 3:16:27.823, RTA 6:27:19.892-6:27:19.934
Tick 235982(235836), Delay 45 ms, IGT 3:16:30.223, RTA 6:27:22.289-6:27:22.334
Tick 235993(235847), Delay 45 ms, IGT 3:16:30.773, RTA 6:27:22.839-6:27:22.884
Tick 236047(235901), Delay 45 ms, IGT 3:16:33.473, RTA 6:27:25.540-6:27:25.585
Tick 236106(235960), Delay 55 ms, IGT 3:16:36.423, RTA 6:27:28.484-6:27:28.539
Tick 236132(235986), Delay 55 ms, IGT 3:16:37.723, RTA 6:27:29.784-6:27:29.839
Tick 236139(235993), Delay 55 ms, IGT 3:16:38.073, RTA 6:27:30.134-6:27:30.189
Tick 236147(236001), Delay 55 ms, IGT 3:16:38.473, RTA 6:27:30.534-6:27:30.589
Tick 236164(236018), Delay 56 ms, IGT 3:16:39.323, RTA 6:27:31.385-6:27:31.441
Tick 236178(236032), Delay 56 ms, IGT 3:16:40.023, RTA 6:27:32.086-6:27:32.142
Tick 236214(236068), Delay 45 ms, IGT 3:16:41.823, RTA 6:27:33.891-6:27:33.936
Tick 236250(236104), Delay 55 ms, IGT 3:16:43.623, RTA 6:27:35.684-6:27:35.739
Tick 236271(236125), Delay 1080 ms, IGT 3:16:44.673, RTA 6:27:36.736-6:27:37.816
Tick 236379(236233), Delay 45 ms, IGT 3:16:50.073, RTA 6:27:43.171-6:27:43.216
Tick 236520(236374), Delay 1433 ms, IGT 3:16:57.123, RTA 6:27:50.218-6:27:51.651
Tick 236527(236381), Delay 1112 ms, IGT 3:16:57.473, RTA 6:27:51.953-6:27:53.065
Tick 236897(236751), Delay 45 ms, IGT 3:17:15.973, RTA 6:28:11.520-6:28:11.565
Tick 237079(236933), Delay 55 ms, IGT 3:17:25.073, RTA 6:28:20.615-6:28:20.670
Tick 237080(236934), Delay 45 ms, IGT 3:17:25.123, RTA 6:28:20.670-6:28:20.715
Tick 237253(237107), Delay 74867 ms, IGT 3:17:33.773, RTA 6:28:29.315-6:29:44.182
Tick 237351(237205), Delay 3630 ms, IGT 3:17:38.673, RTA 6:29:49.032-6:29:52.662
Tick 237354(237208), Delay 562 ms, IGT 3:17:38.823, RTA 6:29:52.760-6:29:53.322
Tick 237707(237561), Delay 56 ms, IGT 3:17:56.473, RTA 6:30:10.920-6:30:10.976
Tick 237708(237562), Delay 45 ms, IGT 3:17:56.523, RTA 6:30:10.976-6:30:11.021
Tick 237845(237699), Delay 45 ms, IGT 3:18:03.373, RTA 6:30:17.824-6:30:17.869
Tick 237923(237777), Delay 55 ms, IGT 3:18:07.273, RTA 6:30:21.719-6:30:21.774
Tick 237924(237778), Delay 45 ms, IGT 3:18:07.323, RTA 6:30:21.774-6:30:21.819
Tick 237931(237785), Delay 56 ms, IGT 3:18:07.673, RTA 6:30:22.120-6:30:22.176
Tick 238013(237867), Delay 56 ms, IGT 3:18:11.773, RTA 6:30:26.219-6:30:26.275
Tick 238021(237875), Delay 44 ms, IGT 3:18:12.173, RTA 6:30:26.626-6:30:26.670
Tick 238060(237914), Delay 55 ms, IGT 3:18:14.123, RTA 6:30:28.569-6:30:28.624
Tick 238168(238022), Delay 18301 ms, IGT 3:18:19.523, RTA 6:30:33.972-6:30:52.273
Tick 238186(238040), Delay 45 ms, IGT 3:18:20.423, RTA 6:30:53.126-6:30:53.171
Tick 238192(238046), Delay 136 ms, IGT 3:18:20.723, RTA 6:30:53.424-6:30:53.560
Tick 238193(238047), Delay 0 ms, IGT 3:18:20.773, RTA 6:30:53.560-6:30:53.560
Tick 238194(238048), Delay 16 ms, IGT 3:18:20.823, RTA 6:30:53.560-6:30:53.576
Tick 238301(238155), Delay 45 ms, IGT 3:18:26.173, RTA 6:30:58.876-6:30:58.921
Tick 238302(238156), Delay 55 ms, IGT 3:18:26.223, RTA 6:30:58.921-6:30:58.976
Tick 238308(238162), Delay 45 ms, IGT 3:18:26.523, RTA 6:30:59.230-6:30:59.275
Tick 238311(238165), Delay 44 ms, IGT 3:18:26.673, RTA 6:30:59.378-6:30:59.422
Tick 238333(238187), Delay 55 ms, IGT 3:18:27.773, RTA 6:31:00.473-6:31:00.528
Tick 238350(238204), Delay 55 ms, IGT 3:18:28.623, RTA 6:31:01.321-6:31:01.376
Tick 238359(238213), Delay 45 ms, IGT 3:18:29.073, RTA 6:31:01.778-6:31:01.823
Tick 238406(238260), Delay 55 ms, IGT 3:18:31.423, RTA 6:31:04.122-6:31:04.177
Tick 238596(238450), Delay 139 ms, IGT 3:18:40.923, RTA 6:31:13.623-6:31:13.762
Tick 238597(238451), Delay 0 ms, IGT 3:18:40.973, RTA 6:31:13.762-6:31:13.762
Tick 238598(238452), Delay 14 ms, IGT 3:18:41.023, RTA 6:31:13.762-6:31:13.776
Tick 238665(238519), Delay 57 ms, IGT 3:18:44.373, RTA 6:31:17.071-6:31:17.128
Tick 238748(238602), Delay 106 ms, IGT 3:18:48.523, RTA 6:31:21.225-6:31:21.331
Tick 238749(238603), Delay 0 ms, IGT 3:18:48.573, RTA 6:31:21.331-6:31:21.331
Tick 238750(238604), Delay 44 ms, IGT 3:18:48.623, RTA 6:31:21.331-6:31:21.375
Tick 238848(238702), Delay 45 ms, IGT 3:18:53.523, RTA 6:31:26.228-6:31:26.273
Tick 238849(238703), Delay 55 ms, IGT 3:18:53.573, RTA 6:31:26.273-6:31:26.328
Tick 238851(238705), Delay 45 ms, IGT 3:18:53.673, RTA 6:31:26.378-6:31:26.423
Tick 238906(238760), Delay 56 ms, IGT 3:18:56.423, RTA 6:31:29.123-6:31:29.179
Tick 239439(239293), Delay 55 ms, IGT 3:19:23.073, RTA 6:31:55.773-6:31:55.828
Tick 239836(239690), Delay 55 ms, IGT 3:19:42.923, RTA 6:32:15.622-6:32:15.677
Tick 239939(239793), Delay 133 ms, IGT 3:19:48.073, RTA 6:32:20.773-6:32:20.906
Tick 239940(239794), Delay 1 ms, IGT 3:19:48.123, RTA 6:32:20.906-6:32:20.907
Tick 239941(239795), Delay 18 ms, IGT 3:19:48.173, RTA 6:32:20.907-6:32:20.925
Tick 239944(239798), Delay 45 ms, IGT 3:19:48.323, RTA 6:32:21.026-6:32:21.071
Tick 239974(239828), Delay 55 ms, IGT 3:19:49.823, RTA 6:32:22.523-6:32:22.578
Tick 239983(239837), Delay 42 ms, IGT 3:19:50.273, RTA 6:32:22.981-6:32:23.023
Tick 240026(239880), Delay 57 ms, IGT 3:19:52.423, RTA 6:32:25.123-6:32:25.180
Tick 240027(239881), Delay 42 ms, IGT 3:19:52.473, RTA 6:32:25.180-6:32:25.222
Tick 240066(239920), Delay 45 ms, IGT 3:19:54.423, RTA 6:32:27.127-6:32:27.172
Tick 240170(240024), Delay 172 ms, IGT 3:19:59.623, RTA 6:32:32.324-6:32:32.496
Tick 240171(240025), Delay 0 ms, IGT 3:19:59.673, RTA 6:32:32.496-6:32:32.496
Tick 240172(240026), Delay 0 ms, IGT 3:19:59.723, RTA 6:32:32.496-6:32:32.496
Tick 240173(240027), Delay 27 ms, IGT 3:19:59.773, RTA 6:32:32.496-6:32:32.523
Tick 240189(240043), Delay 55 ms, IGT 3:20:00.573, RTA 6:32:33.271-6:32:33.326
Tick 240196(240050), Delay 45 ms, IGT 3:20:00.923, RTA 6:32:33.627-6:32:33.672
Tick 240345(240199), Delay 62 ms, IGT 3:20:08.373, RTA 6:32:41.074-6:32:41.136
Tick 240346(240200), Delay 37 ms, IGT 3:20:08.423, RTA 6:32:41.136-6:32:41.173
Tick 240349(240203), Delay 56 ms, IGT 3:20:08.573, RTA 6:32:41.272-6:32:41.328
Tick 240350(240204), Delay 44 ms, IGT 3:20:08.623, RTA 6:32:41.328-6:32:41.372
Tick 240393(240247), Delay 130 ms, IGT 3:20:10.773, RTA 6:32:43.473-6:32:43.603
Tick 240394(240248), Delay 0 ms, IGT 3:20:10.823, RTA 6:32:43.603-6:32:43.603
Tick 240395(240249), Delay 24 ms, IGT 3:20:10.873, RTA 6:32:43.603-6:32:43.627
Tick 240517(240371), Delay 133 ms, IGT 3:20:16.973, RTA 6:32:49.674-6:32:49.807
Tick 240518(240372), Delay 1 ms, IGT 3:20:17.023, RTA 6:32:49.807-6:32:49.808
Tick 240519(240373), Delay 15 ms, IGT 3:20:17.073, RTA 6:32:49.808-6:32:49.823
Tick 240534(240388), Delay 147 ms, IGT 3:20:17.823, RTA 6:32:50.523-6:32:50.670
Tick 240535(240389), Delay 0 ms, IGT 3:20:17.873, RTA 6:32:50.670-6:32:50.670
Tick 240536(240390), Delay 8 ms, IGT 3:20:17.923, RTA 6:32:50.670-6:32:50.678
Tick 240541(240395), Delay 45 ms, IGT 3:20:18.173, RTA 6:32:50.879-6:32:50.924
Tick 240565(240419), Delay 45 ms, IGT 3:20:19.373, RTA 6:32:52.077-6:32:52.122
Tick 240582(240436), Delay 150 ms, IGT 3:20:20.223, RTA 6:32:52.924-6:32:53.074
Tick 240583(240437), Delay 0 ms, IGT 3:20:20.273, RTA 6:32:53.074-6:32:53.074
Tick 240584(240438), Delay 9 ms, IGT 3:20:20.323, RTA 6:32:53.074-6:32:53.083
Tick 240585(240439), Delay 43 ms, IGT 3:20:20.373, RTA 6:32:53.083-6:32:53.126
Tick 240589(240443), Delay 55 ms, IGT 3:20:20.573, RTA 6:32:53.272-6:32:53.327
Tick 240601(240455), Delay 127 ms, IGT 3:20:21.173, RTA 6:32:53.875-6:32:54.002
Tick 240602(240456), Delay 1 ms, IGT 3:20:21.223, RTA 6:32:54.002-6:32:54.003
Tick 240603(240457), Delay 20 ms, IGT 3:20:21.273, RTA 6:32:54.003-6:32:54.023
Tick 240620(240474), Delay 126 ms, IGT 3:20:22.123, RTA 6:32:54.824-6:32:54.950
Tick 240621(240475), Delay 0 ms, IGT 3:20:22.173, RTA 6:32:54.950-6:32:54.950
Tick 240622(240476), Delay 26 ms, IGT 3:20:22.223, RTA 6:32:54.950-6:32:54.976
Tick 240634(240488), Delay 55 ms, IGT 3:20:22.823, RTA 6:32:55.522-6:32:55.577
Tick 240639(240493), Delay 131 ms, IGT 3:20:23.073, RTA 6:32:55.776-6:32:55.907
Tick 240640(240494), Delay 1 ms, IGT 3:20:23.123, RTA 6:32:55.907-6:32:55.908
Tick 240641(240495), Delay 16 ms, IGT 3:20:23.173, RTA 6:32:55.908-6:32:55.924
Tick 240657(240511), Delay 129 ms, IGT 3:20:23.973, RTA 6:32:56.674-6:32:56.803
Tick 240658(240512), Delay 0 ms, IGT 3:20:24.023, RTA 6:32:56.803-6:32:56.803
Tick 240659(240513), Delay 21 ms, IGT 3:20:24.073, RTA 6:32:56.803-6:32:56.824
Tick 240673(240527), Delay 141 ms, IGT 3:20:24.773, RTA 6:32:57.476-6:32:57.617
Tick 240674(240528), Delay 0 ms, IGT 3:20:24.823, RTA 6:32:57.617-6:32:57.617
Tick 240675(240529), Delay 7 ms, IGT 3:20:24.873, RTA 6:32:57.617-6:32:57.624
Tick 240692(240546), Delay 134 ms, IGT 3:20:25.723, RTA 6:32:58.424-6:32:58.558
Tick 240693(240547), Delay 1 ms, IGT 3:20:25.773, RTA 6:32:58.558-6:32:58.559
Tick 240694(240548), Delay 14 ms, IGT 3:20:25.823, RTA 6:32:58.559-6:32:58.573
Tick 240708(240562), Delay 45 ms, IGT 3:20:26.523, RTA 6:32:59.227-6:32:59.272
Tick 240709(240563), Delay 55 ms, IGT 3:20:26.573, RTA 6:32:59.272-6:32:59.327
Tick 240713(240567), Delay 183 ms, IGT 3:20:26.773, RTA 6:32:59.474-6:32:59.657
Tick 240714(240568), Delay 1 ms, IGT 3:20:26.823, RTA 6:32:59.657-6:32:59.658
Tick 240715(240569), Delay 0 ms, IGT 3:20:26.873, RTA 6:32:59.658-6:32:59.658
Tick 240716(240570), Delay 19 ms, IGT 3:20:26.923, RTA 6:32:59.658-6:32:59.677
Tick 240718(240572), Delay 45 ms, IGT 3:20:27.023, RTA 6:32:59.727-6:32:59.772
Tick 240733(240587), Delay 123 ms, IGT 3:20:27.773, RTA 6:33:00.476-6:33:00.599
Tick 240734(240588), Delay 0 ms, IGT 3:20:27.823, RTA 6:33:00.599-6:33:00.599
Tick 240735(240589), Delay 25 ms, IGT 3:20:27.873, RTA 6:33:00.599-6:33:00.624
Tick 240737(240591), Delay 45 ms, IGT 3:20:27.973, RTA 6:33:00.676-6:33:00.721
Tick 240741(240595), Delay 56 ms, IGT 3:20:28.173, RTA 6:33:00.873-6:33:00.929
Tick 240742(240596), Delay 45 ms, IGT 3:20:28.223, RTA 6:33:00.929-6:33:00.974
Tick 240748(240602), Delay 55 ms, IGT 3:20:28.523, RTA 6:33:01.223-6:33:01.278
Tick 240750(240604), Delay 139 ms, IGT 3:20:28.623, RTA 6:33:01.324-6:33:01.463
Tick 240751(240605), Delay 1 ms, IGT 3:20:28.673, RTA 6:33:01.463-6:33:01.464
Tick 240752(240606), Delay 12 ms, IGT 3:20:28.723, RTA 6:33:01.464-6:33:01.476
Tick 240758(240612), Delay 45 ms, IGT 3:20:29.023, RTA 6:33:01.728-6:33:01.773
Tick 240767(240621), Delay 132 ms, IGT 3:20:29.473, RTA 6:33:02.176-6:33:02.308
Tick 240768(240622), Delay 0 ms, IGT 3:20:29.523, RTA 6:33:02.308-6:33:02.308
Tick 240769(240623), Delay 18 ms, IGT 3:20:29.573, RTA 6:33:02.308-6:33:02.326
Tick 240866(240720), Delay 55 ms, IGT 3:20:34.423, RTA 6:33:07.123-6:33:07.178
Tick 240891(240745), Delay 45 ms, IGT 3:20:35.673, RTA 6:33:08.377-6:33:08.422
Tick 240900(240754), Delay 56 ms, IGT 3:20:36.123, RTA 6:33:08.823-6:33:08.879
Tick 240966(240820), Delay 45 ms, IGT 3:20:39.423, RTA 6:33:12.127-6:33:12.172
Tick 241013(240867), Delay 45 ms, IGT 3:20:41.773, RTA 6:33:14.476-6:33:14.521
Tick 241052(240906), Delay 55 ms, IGT 3:20:43.723, RTA 6:33:16.421-6:33:16.476
Tick 241186(241040), Delay 55 ms, IGT 3:20:50.423, RTA 6:33:23.121-6:33:23.176
Tick 241247(241101), Delay 44 ms, IGT 3:20:53.473, RTA 6:33:26.178-6:33:26.222
Tick 241248(241102), Delay 55 ms, IGT 3:20:53.523, RTA 6:33:26.222-6:33:26.277
Tick 241295(241149), Delay 45 ms, IGT 3:20:55.873, RTA 6:33:28.578-6:33:28.623
Tick 241311(241165), Delay 56 ms, IGT 3:20:56.673, RTA 6:33:29.373-6:33:29.429
Tick 241354(241208), Delay 55 ms, IGT 3:20:58.823, RTA 6:33:31.524-6:33:31.579
Tick 241355(241209), Delay 44 ms, IGT 3:20:58.873, RTA 6:33:31.579-6:33:31.623
Tick 241492(241346), Delay 55 ms, IGT 3:21:05.723, RTA 6:33:38.422-6:33:38.477
Tick 241496(241350), Delay 45 ms, IGT 3:21:05.923, RTA 6:33:38.626-6:33:38.671
Tick 241516(241370), Delay 55 ms, IGT 3:21:06.923, RTA 6:33:39.625-6:33:39.680
Tick 241517(241371), Delay 44 ms, IGT 3:21:06.973, RTA 6:33:39.680-6:33:39.724
Tick 241564(241418), Delay 55 ms, IGT 3:21:09.323, RTA 6:33:42.021-6:33:42.076
Tick 241820(241674), Delay 68 ms, IGT 3:21:22.123, RTA 6:33:54.823-6:33:54.891
Tick 241821(241675), Delay 33 ms, IGT 3:21:22.173, RTA 6:33:54.891-6:33:54.924
Tick 242142(241995), Delay 553 ms, IGT 3:21:38.173, RTA 6:34:10.923-6:34:11.476
Tick 242143(241995), Delay 256483 ms, IGT 3:21:38.173, RTA 6:34:11.476-6:38:27.959
Tick 242144(241996), Delay 92 ms, IGT 3:21:38.175, RTA 6:38:27.959-6:38:28.051
Tick 242145(241997), Delay 2 ms, IGT 3:21:38.225, RTA 6:38:28.051-6:38:28.053
Tick 242146(241998), Delay 26 ms, IGT 3:21:38.275, RTA 6:38:28.053-6:38:28.079
Tick 242149(242001), Delay 55 ms, IGT 3:21:38.425, RTA 6:38:28.175-6:38:28.230
Tick 242330(242182), Delay 61 ms, IGT 3:21:47.475, RTA 6:38:37.225-6:38:37.286
Tick 242331(242183), Delay 39 ms, IGT 3:21:47.525, RTA 6:38:37.286-6:38:37.325
Tick 242563(242415), Delay 78 ms, IGT 3:21:59.125, RTA 6:38:48.875-6:38:48.953
Tick 242564(242416), Delay 22 ms, IGT 3:21:59.175, RTA 6:38:48.953-6:38:48.975
Tick 242625(242477), Delay 57 ms, IGT 3:22:02.225, RTA 6:38:51.975-6:38:52.032
Tick 242626(242478), Delay 44 ms, IGT 3:22:02.275, RTA 6:38:52.032-6:38:52.076
Tick 242808(242660), Delay 55 ms, IGT 3:22:11.375, RTA 6:39:01.125-6:39:01.180
Tick 242809(242661), Delay 45 ms, IGT 3:22:11.425, RTA 6:39:01.180-6:39:01.225
Tick 243461(243313), Delay 56 ms, IGT 3:22:44.025, RTA 6:39:33.774-6:39:33.830
Tick 243462(243314), Delay 44 ms, IGT 3:22:44.075, RTA 6:39:33.830-6:39:33.874
Tick 243860(243712), Delay 2149 ms, IGT 3:23:03.975, RTA 6:39:53.725-6:39:55.874
Tick 244244(244096), Delay 55 ms, IGT 3:23:23.175, RTA 6:40:15.024-6:40:15.079
Tick 244519(244371), Delay 81 ms, IGT 3:23:36.925, RTA 6:40:28.774-6:40:28.855
Tick 244520(244372), Delay 21 ms, IGT 3:23:36.975, RTA 6:40:28.855-6:40:28.876
Tick 244624(244476), Delay 55 ms, IGT 3:23:42.175, RTA 6:40:34.025-6:40:34.080
Tick 244648(244500), Delay 45 ms, IGT 3:23:43.375, RTA 6:40:35.229-6:40:35.274
Tick 244759(244611), Delay 56 ms, IGT 3:23:48.925, RTA 6:40:40.774-6:40:40.830
Tick 244773(244625), Delay 45 ms, IGT 3:23:49.625, RTA 6:40:41.480-6:40:41.525
Tick 244794(244646), Delay 55 ms, IGT 3:23:50.675, RTA 6:40:42.524-6:40:42.579
Tick 244890(244742), Delay 56 ms, IGT 3:23:55.475, RTA 6:40:47.324-6:40:47.380
Tick 244891(244743), Delay 44 ms, IGT 3:23:55.525, RTA 6:40:47.380-6:40:47.424
Tick 245039(244891), Delay 45 ms, IGT 3:24:02.925, RTA 6:40:54.780-6:40:54.825
Tick 245106(244958), Delay 59 ms, IGT 3:24:06.275, RTA 6:40:58.125-6:40:58.184
Tick 245107(244959), Delay 43 ms, IGT 3:24:06.325, RTA 6:40:58.184-6:40:58.227
Tick 245115(244967), Delay 57 ms, IGT 3:24:06.725, RTA 6:40:58.575-6:40:58.632
Tick 245116(244968), Delay 42 ms, IGT 3:24:06.775, RTA 6:40:58.632-6:40:58.674
Tick 245274(245126), Delay 73 ms, IGT 3:24:14.675, RTA 6:41:06.525-6:41:06.598
Tick 245275(245127), Delay 32 ms, IGT 3:24:14.725, RTA 6:41:06.598-6:41:06.630
Tick 245276(245128), Delay 55 ms, IGT 3:24:14.775, RTA 6:41:06.630-6:41:06.685
Tick 245280(245132), Delay 57 ms, IGT 3:24:14.975, RTA 6:41:06.827-6:41:06.884
Tick 245297(245149), Delay 60 ms, IGT 3:24:15.825, RTA 6:41:07.676-6:41:07.736
Tick 245298(245150), Delay 44 ms, IGT 3:24:15.875, RTA 6:41:07.736-6:41:07.780
Tick 245484(245336), Delay 56 ms, IGT 3:24:25.175, RTA 6:41:17.025-6:41:17.081
Tick 245486(245338), Delay 45 ms, IGT 3:24:25.275, RTA 6:41:17.130-6:41:17.175
Tick 245658(245510), Delay 55 ms, IGT 3:24:33.875, RTA 6:41:25.725-6:41:25.780
Tick 245659(245511), Delay 44 ms, IGT 3:24:33.925, RTA 6:41:25.780-6:41:25.824
Tick 245695(245547), Delay 45 ms, IGT 3:24:35.725, RTA 6:41:27.579-6:41:27.624
Tick 245781(245633), Delay 45 ms, IGT 3:24:40.025, RTA 6:41:31.879-6:41:31.924
Tick 245782(245634), Delay 56 ms, IGT 3:24:40.075, RTA 6:41:31.924-6:41:31.980
Tick 245904(245756), Delay 55 ms, IGT 3:24:46.175, RTA 6:41:38.025-6:41:38.080
Tick 245913(245765), Delay 45 ms, IGT 3:24:46.625, RTA 6:41:38.479-6:41:38.524
Tick 246081(245933), Delay 45 ms, IGT 3:24:55.025, RTA 6:41:46.879-6:41:46.924
Tick 246082(245934), Delay 55 ms, IGT 3:24:55.075, RTA 6:41:46.924-6:41:46.979
Tick 246083(245935), Delay 45 ms, IGT 3:24:55.125, RTA 6:41:46.979-6:41:47.024
Tick 246647(246499), Delay 57 ms, IGT 3:25:23.325, RTA 6:42:15.174-6:42:15.231
Tick 246729(246581), Delay 58 ms, IGT 3:25:27.425, RTA 6:42:19.275-6:42:19.333
Tick 246730(246582), Delay 42 ms, IGT 3:25:27.475, RTA 6:42:19.333-6:42:19.375
Tick 246865(246717), Delay 45 ms, IGT 3:25:34.225, RTA 6:42:26.079-6:42:26.124
Tick 246926(246778), Delay 45 ms, IGT 3:25:37.275, RTA 6:42:29.130-6:42:29.175
Tick 247467(247319), Delay 45 ms, IGT 3:26:04.325, RTA 6:42:56.179-6:42:56.224
Tick 247603(247455), Delay 55 ms, IGT 3:26:11.125, RTA 6:43:02.975-6:43:03.030
Tick 247604(247456), Delay 45 ms, IGT 3:26:11.175, RTA 6:43:03.030-6:43:03.075
Tick 248000(247852), Delay 45 ms, IGT 3:26:30.975, RTA 6:43:22.830-6:43:22.875
Tick 248424(248276), Delay 55 ms, IGT 3:26:52.175, RTA 6:43:44.026-6:43:44.081
Tick 248425(248277), Delay 45 ms, IGT 3:26:52.225, RTA 6:43:44.081-6:43:44.126
Tick 248525(248377), Delay 55 ms, IGT 3:26:57.225, RTA 6:43:49.075-6:43:49.130
Tick 248526(248378), Delay 45 ms, IGT 3:26:57.275, RTA 6:43:49.130-6:43:49.175
Tick 248560(248412), Delay 45 ms, IGT 3:26:58.975, RTA 6:43:50.829-6:43:50.874
Tick 249002(248854), Delay 45 ms, IGT 3:27:21.075, RTA 6:44:12.929-6:44:12.974
Tick 249003(248855), Delay 55 ms, IGT 3:27:21.125, RTA 6:44:12.974-6:44:13.029
Tick 249006(248858), Delay 57 ms, IGT 3:27:21.275, RTA 6:44:13.125-6:44:13.182
Tick 249017(248869), Delay 45 ms, IGT 3:27:21.825, RTA 6:44:13.681-6:44:13.726
Tick 249272(249124), Delay 55 ms, IGT 3:27:34.575, RTA 6:44:26.425-6:44:26.480
Tick 249289(249141), Delay 45 ms, IGT 3:27:35.425, RTA 6:44:27.280-6:44:27.325
Tick 249433(249285), Delay 56 ms, IGT 3:27:42.625, RTA 6:44:34.476-6:44:34.532
Tick 249708(249560), Delay 55 ms, IGT 3:27:56.375, RTA 6:44:48.224-6:44:48.279
Tick 249806(249658), Delay 55 ms, IGT 3:28:01.275, RTA 6:44:53.125-6:44:53.180
Tick 249808(249660), Delay 44 ms, IGT 3:28:01.375, RTA 6:44:53.231-6:44:53.275
Tick 249928(249780), Delay 64 ms, IGT 3:28:07.375, RTA 6:44:59.225-6:44:59.289
Tick 249929(249781), Delay 36 ms, IGT 3:28:07.425, RTA 6:44:59.289-6:44:59.325
Tick 249947(249799), Delay 45 ms, IGT 3:28:08.325, RTA 6:45:00.179-6:45:00.224
Tick 249979(249831), Delay 45 ms, IGT 3:28:09.925, RTA 6:45:01.779-6:45:01.824
Tick 250012(249864), Delay 45 ms, IGT 3:28:11.575, RTA 6:45:03.430-6:45:03.475
Tick 250212(250064), Delay 57 ms, IGT 3:28:21.575, RTA 6:45:13.425-6:45:13.482
Tick 250213(250065), Delay 44 ms, IGT 3:28:21.625, RTA 6:45:13.482-6:45:13.526
Tick 250430(250282), Delay 55 ms, IGT 3:28:32.475, RTA 6:45:24.324-6:45:24.379
Tick 250598(250450), Delay 57 ms, IGT 3:28:40.875, RTA 6:45:32.726-6:45:32.783
Tick 250599(250451), Delay 44 ms, IGT 3:28:40.925, RTA 6:45:32.783-6:45:32.827
Tick 251105(250957), Delay 66 ms, IGT 3:29:06.225, RTA 6:45:58.075-6:45:58.141
Tick 251106(250958), Delay 35 ms, IGT 3:29:06.275, RTA 6:45:58.141-6:45:58.176
Tick 251120(250972), Delay 56 ms, IGT 3:29:06.975, RTA 6:45:58.825-6:45:58.881
Tick 251121(250973), Delay 44 ms, IGT 3:29:07.025, RTA 6:45:58.881-6:45:58.925
Tick 251224(251076), Delay 45 ms, IGT 3:29:12.175, RTA 6:46:04.029-6:46:04.074
Tick 251507(251359), Delay 55 ms, IGT 3:29:26.325, RTA 6:46:18.175-6:46:18.230
Tick 251510(251362), Delay 56 ms, IGT 3:29:26.475, RTA 6:46:18.325-6:46:18.381
Tick 251511(251363), Delay 44 ms, IGT 3:29:26.525, RTA 6:46:18.381-6:46:18.425
Tick 251580(251432), Delay 56 ms, IGT 3:29:29.975, RTA 6:46:21.824-6:46:21.880
Tick 251581(251433), Delay 45 ms, IGT 3:29:30.025, RTA 6:46:21.880-6:46:21.925
Tick 251586(251438), Delay 55 ms, IGT 3:29:30.275, RTA 6:46:22.125-6:46:22.180
Tick 251587(251439), Delay 45 ms, IGT 3:29:30.325, RTA 6:46:22.180-6:46:22.225
Tick 251588(251440), Delay 55 ms, IGT 3:29:30.375, RTA 6:46:22.225-6:46:22.280
Tick 251663(251515), Delay 45 ms, IGT 3:29:34.125, RTA 6:46:25.979-6:46:26.024
Tick 251749(251601), Delay 55 ms, IGT 3:29:38.425, RTA 6:46:30.276-6:46:30.331
Tick 251750(251602), Delay 45 ms, IGT 3:29:38.475, RTA 6:46:30.331-6:46:30.376
Tick 251968(251820), Delay 55 ms, IGT 3:29:49.375, RTA 6:46:41.225-6:46:41.280
Tick 252236(252088), Delay 9908 ms, IGT 3:30:02.775, RTA 6:46:54.626-6:47:04.534
Tick 252514(252366), Delay 158 ms, IGT 3:30:16.675, RTA 6:47:18.383-6:47:18.541
Tick 252515(252367), Delay 2 ms, IGT 3:30:16.725, RTA 6:47:18.541-6:47:18.543
Tick 252516(252368), Delay 12 ms, IGT 3:30:16.775, RTA 6:47:18.543-6:47:18.555
Tick 252517(252369), Delay 30 ms, IGT 3:30:16.825, RTA 6:47:18.555-6:47:18.585
Tick 252572(252424), Delay 56 ms, IGT 3:30:19.575, RTA 6:47:21.282-6:47:21.338
Tick 252573(252425), Delay 44 ms, IGT 3:30:19.625, RTA 6:47:21.338-6:47:21.382
Tick 252583(252435), Delay 55 ms, IGT 3:30:20.125, RTA 6:47:21.833-6:47:21.888
Tick 252591(252443), Delay 44 ms, IGT 3:30:20.525, RTA 6:47:22.241-6:47:22.285
Tick 252663(252515), Delay 58 ms, IGT 3:30:24.125, RTA 6:47:25.832-6:47:25.890
Tick 252664(252516), Delay 44 ms, IGT 3:30:24.175, RTA 6:47:25.890-6:47:25.934
Tick 252711(252563), Delay 55 ms, IGT 3:30:26.525, RTA 6:47:28.233-6:47:28.288
Tick 252739(252591), Delay 56 ms, IGT 3:30:27.925, RTA 6:47:29.633-6:47:29.689
Tick 252740(252592), Delay 43 ms, IGT 3:30:27.975, RTA 6:47:29.689-6:47:29.732
Tick 252842(252694), Delay 55 ms, IGT 3:30:33.075, RTA 6:47:34.784-6:47:34.839
Tick 252850(252702), Delay 45 ms, IGT 3:30:33.475, RTA 6:47:35.187-6:47:35.232
Tick 252883(252735), Delay 45 ms, IGT 3:30:35.125, RTA 6:47:36.837-6:47:36.882
Tick 253110(252962), Delay 8186 ms, IGT 3:30:46.475, RTA 6:47:48.185-6:47:56.371
Tick 253226(253078), Delay 132 ms, IGT 3:30:52.275, RTA 6:48:02.123-6:48:02.255
Tick 253227(253079), Delay 2 ms, IGT 3:30:52.325, RTA 6:48:02.255-6:48:02.257
Tick 253228(253080), Delay 18 ms, IGT 3:30:52.375, RTA 6:48:02.257-6:48:02.275
Tick 253246(253098), Delay 56 ms, IGT 3:30:53.275, RTA 6:48:03.123-6:48:03.179
Tick 253247(253099), Delay 43 ms, IGT 3:30:53.325, RTA 6:48:03.179-6:48:03.222
Tick 253272(253124), Delay 56 ms, IGT 3:30:54.575, RTA 6:48:04.422-6:48:04.478
Tick 253280(253132), Delay 55 ms, IGT 3:30:54.975, RTA 6:48:04.822-6:48:04.877
Tick 253289(253141), Delay 45 ms, IGT 3:30:55.425, RTA 6:48:05.277-6:48:05.322
Tick 253293(253145), Delay 44 ms, IGT 3:30:55.625, RTA 6:48:05.477-6:48:05.521
Tick 253442(253294), Delay 55 ms, IGT 3:31:03.075, RTA 6:48:12.922-6:48:12.977
Tick 253581(253433), Delay 55 ms, IGT 3:31:10.025, RTA 6:48:19.872-6:48:19.927
Tick 253582(253434), Delay 44 ms, IGT 3:31:10.075, RTA 6:48:19.927-6:48:19.971
Tick 253676(253528), Delay 78 ms, IGT 3:31:14.775, RTA 6:48:24.625-6:48:24.703
Tick 253677(253529), Delay 22 ms, IGT 3:31:14.825, RTA 6:48:24.703-6:48:24.725
Tick 253817(253669), Delay 55 ms, IGT 3:31:21.825, RTA 6:48:31.676-6:48:31.731
Tick 253818(253670), Delay 42 ms, IGT 3:31:21.875, RTA 6:48:31.731-6:48:31.773
Tick 254009(253861), Delay 55 ms, IGT 3:31:31.425, RTA 6:48:41.272-6:48:41.327
Tick 254034(253886), Delay 43 ms, IGT 3:31:32.675, RTA 6:48:42.528-6:48:42.571
Tick 254066(253918), Delay 56 ms, IGT 3:31:34.275, RTA 6:48:44.123-6:48:44.179
Tick 254078(253930), Delay 45 ms, IGT 3:31:34.875, RTA 6:48:44.727-6:48:44.772
Tick 254174(254026), Delay 55 ms, IGT 3:31:39.675, RTA 6:48:49.522-6:48:49.577
Tick 254177(254029), Delay 45 ms, IGT 3:31:39.825, RTA 6:48:49.677-6:48:49.722
Tick 254252(254104), Delay 125 ms, IGT 3:31:43.575, RTA 6:48:53.423-6:48:53.548
Tick 254253(254105), Delay 1 ms, IGT 3:31:43.625, RTA 6:48:53.548-6:48:53.549
Tick 254254(254106), Delay 23 ms, IGT 3:31:43.675, RTA 6:48:53.549-6:48:53.572
Tick 254274(254126), Delay 45 ms, IGT 3:31:44.675, RTA 6:48:54.527-6:48:54.572
Tick 254436(254288), Delay 55 ms, IGT 3:31:52.775, RTA 6:49:02.621-6:49:02.676
Tick 254451(254303), Delay 6436 ms, IGT 3:31:53.525, RTA 6:49:03.374-6:49:09.810
Tick 254707(254559), Delay 55 ms, IGT 3:32:06.325, RTA 6:49:22.562-6:49:22.617
Tick 254708(254560), Delay 43 ms, IGT 3:32:06.375, RTA 6:49:22.617-6:49:22.660
Tick 254944(254796), Delay 57 ms, IGT 3:32:18.175, RTA 6:49:34.411-6:49:34.468
Tick 254945(254797), Delay 42 ms, IGT 3:32:18.225, RTA 6:49:34.468-6:49:34.510
Tick 254955(254807), Delay 55 ms, IGT 3:32:18.725, RTA 6:49:34.961-6:49:35.016
Tick 254959(254811), Delay 45 ms, IGT 3:32:18.925, RTA 6:49:35.166-6:49:35.211
Tick 255026(254878), Delay 55 ms, IGT 3:32:22.275, RTA 6:49:38.510-6:49:38.565
Tick 255076(254928), Delay 45 ms, IGT 3:32:24.775, RTA 6:49:41.015-6:49:41.060
Tick 255119(254971), Delay 4776 ms, IGT 3:32:26.925, RTA 6:49:43.165-6:49:47.941
Tick 255164(255016), Delay 45 ms, IGT 3:32:29.175, RTA 6:49:50.144-6:49:50.189
Tick 255165(255017), Delay 55 ms, IGT 3:32:29.225, RTA 6:49:50.189-6:49:50.244
Tick 255207(255059), Delay 55 ms, IGT 3:32:31.325, RTA 6:49:52.290-6:49:52.345
Tick 255340(255191), Delay 94 ms, IGT 3:32:37.925, RTA 6:49:58.940-6:49:59.034, due world load
Tick 255341(255191), Delay 28 ms, IGT 3:32:37.925, RTA 6:49:59.034-6:49:59.062, due world load
Tick 255353(255196), Delay 64 ms, IGT 3:32:38.168, RTA 6:49:59.615-6:49:59.679
Tick 255354(255197), Delay 34 ms, IGT 3:32:38.218, RTA 6:49:59.679-6:49:59.713
Tick 255403(255246), Delay 61 ms, IGT 3:32:40.668, RTA 6:50:02.117-6:50:02.178
Tick 255404(255247), Delay 37 ms, IGT 3:32:40.718, RTA 6:50:02.178-6:50:02.215
Tick 255456(255299), Delay 45 ms, IGT 3:32:43.318, RTA 6:50:04.768-6:50:04.813
Tick 255466(255309), Delay 10134 ms, IGT 3:32:43.818, RTA 6:50:05.265-6:50:15.399
Tick 255467(255309), Delay 99 ms, IGT 3:32:43.818, RTA 6:50:15.399-6:50:15.498, due world load
Tick 255468(255309), Delay 1 ms, IGT 3:32:43.818, RTA 6:50:15.498-6:50:15.499, due world load
Tick 255469(255310), Delay 31 ms, IGT 3:32:43.859, RTA 6:50:15.499-6:50:15.530
Tick 255470(255311), Delay 55 ms, IGT 3:32:43.909, RTA 6:50:15.530-6:50:15.585
Tick 255471(255312), Delay 397 ms, IGT 3:32:43.959, RTA 6:50:15.585-6:50:15.982
Tick 255472(255313), Delay 1 ms, IGT 3:32:44.009, RTA 6:50:15.982-6:50:15.983
Tick 255473(255314), Delay 1 ms, IGT 3:32:44.059, RTA 6:50:15.983-6:50:15.984
Tick 255474(255315), Delay 0 ms, IGT 3:32:44.109, RTA 6:50:15.984-6:50:15.984
Tick 255475(255316), Delay 1 ms, IGT 3:32:44.159, RTA 6:50:15.984-6:50:15.985
Tick 255476(255317), Delay 0 ms, IGT 3:32:44.209, RTA 6:50:15.985-6:50:15.985
Tick 255477(255318), Delay 0 ms, IGT 3:32:44.259, RTA 6:50:15.985-6:50:15.985
Tick 255478(255319), Delay 1 ms, IGT 3:32:44.309, RTA 6:50:15.985-6:50:15.986
Tick 255479(255320), Delay 196 ms, IGT 3:32:44.359, RTA 6:50:15.986-6:50:16.182
Tick 255480(255321), Delay 2 ms, IGT 3:32:44.409, RTA 6:50:16.182-6:50:16.184
Tick 255481(255322), Delay 8150 ms, IGT 3:32:44.459, RTA 6:50:16.184-6:50:24.334
Tick 255482(255323), Delay 0 ms, IGT 3:32:44.509, RTA 6:50:24.334-6:50:24.334
Tick 255483(255324), Delay 1 ms, IGT 3:32:44.559, RTA 6:50:24.334-6:50:24.335
Tick 255484(255325), Delay 0 ms, IGT 3:32:44.609, RTA 6:50:24.335-6:50:24.335
Tick 255485(255325), Delay 8724 ms, IGT 3:32:44.609, RTA 6:50:24.335-6:50:33.059
Tick 255486(255325), Delay 156619 ms, IGT 3:32:44.609, RTA 6:50:33.059-6:53:09.678
Tick 255487(255326), Delay 96 ms, IGT 3:32:44.611, RTA 6:53:09.678-6:53:09.774
Tick 255488(255327), Delay 0 ms, IGT 3:32:44.661, RTA 6:53:09.774-6:53:09.774
Tick 255489(255328), Delay 10 ms, IGT 3:32:44.711, RTA 6:53:09.774-6:53:09.784
Tick 255499(255338), Delay 55 ms, IGT 3:32:45.211, RTA 6:53:10.234-6:53:10.289
Tick 255500(255339), Delay 45 ms, IGT 3:32:45.261, RTA 6:53:10.289-6:53:10.334
Tick 255534(255373), Delay 45 ms, IGT 3:32:46.961, RTA 6:53:11.989-6:53:12.034
Tick 255546(255385), Delay 55 ms, IGT 3:32:47.561, RTA 6:53:12.585-6:53:12.640
Tick 255623(255461), Delay 95 ms, IGT 3:32:51.361, RTA 6:53:16.436-6:53:16.531, due world load
Tick 255624(255461), Delay 6 ms, IGT 3:32:51.361, RTA 6:53:16.531-6:53:16.537, due world load
Tick 255629(255464), Delay 58 ms, IGT 3:32:51.466, RTA 6:53:16.738-6:53:16.796
Tick 255637(255472), Delay 45 ms, IGT 3:32:51.866, RTA 6:53:17.143-6:53:17.188
Tick 255638(255473), Delay 58 ms, IGT 3:32:51.916, RTA 6:53:17.188-6:53:17.246
Tick 255640(255475), Delay 42 ms, IGT 3:32:52.016, RTA 6:53:17.299-6:53:17.341
Tick 255641(255476), Delay 56 ms, IGT 3:32:52.066, RTA 6:53:17.341-6:53:17.397
Tick 255659(255494), Delay 56 ms, IGT 3:32:52.966, RTA 6:53:18.242-6:53:18.298
Tick 255661(255496), Delay 42 ms, IGT 3:32:53.066, RTA 6:53:18.352-6:53:18.394
Tick 255662(255497), Delay 44 ms, IGT 3:32:53.116, RTA 6:53:18.394-6:53:18.438
Tick 255684(255519), Delay 44 ms, IGT 3:32:54.216, RTA 6:53:19.494-6:53:19.538
Tick 255688(255523), Delay 56 ms, IGT 3:32:54.416, RTA 6:53:19.689-6:53:19.745
Tick 255690(255525), Delay 90 ms, IGT 3:32:54.516, RTA 6:53:19.792-6:53:19.882
Tick 255691(255526), Delay 13 ms, IGT 3:32:54.566, RTA 6:53:19.882-6:53:19.895
Tick 255692(255527), Delay 42 ms, IGT 3:32:54.616, RTA 6:53:19.895-6:53:19.937
Tick 255694(255529), Delay 55 ms, IGT 3:32:54.716, RTA 6:53:19.989-6:53:20.044
Tick 255788(255623), Delay 55 ms, IGT 3:32:59.416, RTA 6:53:24.687-6:53:24.742
Tick 255792(255627), Delay 45 ms, IGT 3:32:59.616, RTA 6:53:24.893-6:53:24.938
Tick 255873(255708), Delay 45 ms, IGT 3:33:03.666, RTA 6:53:28.943-6:53:28.988
Tick 255892(255727), Delay 45 ms, IGT 3:33:04.616, RTA 6:53:29.894-6:53:29.939
Tick 255901(255736), Delay 45 ms, IGT 3:33:05.066, RTA 6:53:30.343-6:53:30.388
Tick 255924(255759), Delay 95379 ms, IGT 3:33:06.216, RTA 6:53:31.489-6:55:06.868
Tick 255945(255780), Delay 56 ms, IGT 3:33:07.266, RTA 6:55:07.864-6:55:07.920
Tick 255946(255781), Delay 45 ms, IGT 3:33:07.316, RTA 6:55:07.920-6:55:07.965
Tick 256575(256410), Delay 109 ms, IGT 3:33:38.733, RTA 6:55:39.366-6:55:39.475
Tick 256576(256411), Delay 0 ms, IGT 3:33:38.783, RTA 6:55:39.475-6:55:39.475
Tick 256577(256412), Delay 45 ms, IGT 3:33:38.833, RTA 6:55:39.475-6:55:39.520
Tick 256580(256415), Delay 44 ms, IGT 3:33:38.983, RTA 6:55:39.623-6:55:39.667
Tick 256607(256440), Delay 76 ms, IGT 3:33:40.205, RTA 6:55:40.966-6:55:41.042
Tick 256608(256441), Delay 32 ms, IGT 3:33:40.255, RTA 6:55:41.042-6:55:41.074
Tick 256629(256462), Delay 45 ms, IGT 3:33:41.305, RTA 6:55:42.071-6:55:42.116
Tick 256632(256465), Delay 55 ms, IGT 3:33:41.455, RTA 6:55:42.217-6:55:42.272
Tick 256634(256467), Delay 45 ms, IGT 3:33:41.555, RTA 6:55:42.323-6:55:42.368
Tick 256635(256468), Delay 56 ms, IGT 3:33:41.605, RTA 6:55:42.368-6:55:42.424
Tick 256636(256469), Delay 43 ms, IGT 3:33:41.655, RTA 6:55:42.424-6:55:42.467
Tick 256640(256473), Delay 55 ms, IGT 3:33:41.855, RTA 6:55:42.619-6:55:42.674
Tick 256641(256474), Delay 44 ms, IGT 3:33:41.905, RTA 6:55:42.674-6:55:42.718
Tick 256642(256475), Delay 57 ms, IGT 3:33:41.955, RTA 6:55:42.718-6:55:42.775
Tick 256643(256476), Delay 56 ms, IGT 3:33:42.005, RTA 6:55:42.775-6:55:42.831
Tick 256644(256477), Delay 37 ms, IGT 3:33:42.055, RTA 6:55:42.831-6:55:42.868
Tick 256646(256479), Delay 55 ms, IGT 3:33:42.155, RTA 6:55:42.915-6:55:42.970
Tick 256762(256595), Delay 78 ms, IGT 3:33:47.955, RTA 6:55:48.715-6:55:48.793
Tick 256763(256596), Delay 25 ms, IGT 3:33:48.005, RTA 6:55:48.793-6:55:48.818
Tick 256780(256613), Delay 2237 ms, IGT 3:33:48.855, RTA 6:55:49.618-6:55:51.855
Tick 256796(256629), Delay 3951 ms, IGT 3:33:49.655, RTA 6:55:52.604-6:55:56.555
Tick 256820(256653), Delay 731 ms, IGT 3:33:50.855, RTA 6:55:57.706-6:55:58.437
Tick 256858(256691), Delay 67 ms, IGT 3:33:52.755, RTA 6:56:00.286-6:56:00.353
Tick 256859(256692), Delay 32 ms, IGT 3:33:52.805, RTA 6:56:00.353-6:56:00.385
Tick 256861(256693), Delay 148 ms, IGT 3:33:52.855, RTA 6:56:00.436-6:56:00.584, due world load
Tick 256862(256693), Delay 0 ms, IGT 3:33:52.855, RTA 6:56:00.584-6:56:00.584, due world load
Tick 256863(256694), Delay 27 ms, IGT 3:33:52.893, RTA 6:56:00.584-6:56:00.611
Tick 256864(256695), Delay 20 ms, IGT 3:33:52.943, RTA 6:56:00.611-6:56:00.631
Tick 256865(256696), Delay 59 ms, IGT 3:33:52.993, RTA 6:56:00.631-6:56:00.690
Tick 256866(256697), Delay 41 ms, IGT 3:33:53.043, RTA 6:56:00.690-6:56:00.731
Tick 256886(256717), Delay 55 ms, IGT 3:33:54.043, RTA 6:56:01.682-6:56:01.737
Tick 256887(256718), Delay 45 ms, IGT 3:33:54.093, RTA 6:56:01.737-6:56:01.782
Tick 256994(256825), Delay 64 ms, IGT 3:33:59.443, RTA 6:56:07.082-6:56:07.146
Tick 256995(256826), Delay 35 ms, IGT 3:33:59.493, RTA 6:56:07.146-6:56:07.181
Tick 257012(256842), Delay 75 ms, IGT 3:34:00.293, RTA 6:56:07.982-6:56:08.057, due world load
Tick 257013(256842), Delay 21 ms, IGT 3:34:00.293, RTA 6:56:08.057-6:56:08.078, due world load
Tick 257015(256844), Delay 63 ms, IGT 3:34:00.386, RTA 6:56:08.128-6:56:08.191
Tick 257016(256845), Delay 40 ms, IGT 3:34:00.436, RTA 6:56:08.191-6:56:08.231
Tick 257037(256866), Delay 56 ms, IGT 3:34:01.486, RTA 6:56:09.231-6:56:09.287
Tick 257038(256867), Delay 44 ms, IGT 3:34:01.536, RTA 6:56:09.287-6:56:09.331
Tick 257041(256870), Delay 45 ms, IGT 3:34:01.686, RTA 6:56:09.434-6:56:09.479
Tick 257046(256875), Delay 45 ms, IGT 3:34:01.936, RTA 6:56:09.684-6:56:09.729
Tick 257083(256912), Delay 95 ms, IGT 3:34:03.786, RTA 6:56:11.529-6:56:11.624
Tick 257084(256913), Delay 24 ms, IGT 3:34:03.836, RTA 6:56:11.624-6:56:11.648
Tick 257085(256914), Delay 32 ms, IGT 3:34:03.886, RTA 6:56:11.648-6:56:11.680
Tick 257167(256996), Delay 55 ms, IGT 3:34:07.986, RTA 6:56:15.729-6:56:15.784
Tick 257256(257085), Delay 1355 ms, IGT 3:34:12.436, RTA 6:56:20.181-6:56:21.536
Tick 257312(257141), Delay 55 ms, IGT 3:34:15.236, RTA 6:56:24.285-6:56:24.340
Tick 257426(257255), Delay 44 ms, IGT 3:34:20.936, RTA 6:56:29.994-6:56:30.038
Tick 257744(257573), Delay 62 ms, IGT 3:34:36.836, RTA 6:56:45.885-6:56:45.947
Tick 257745(257574), Delay 38 ms, IGT 3:34:36.886, RTA 6:56:45.947-6:56:45.985
Tick 257796(257625), Delay 2462 ms, IGT 3:34:39.436, RTA 6:56:48.486-6:56:50.948
Tick 257958(257787), Delay 149 ms, IGT 3:34:47.495, RTA 6:56:58.997-6:56:59.146
Tick 257959(257788), Delay 0 ms, IGT 3:34:47.545, RTA 6:56:59.146-6:56:59.146
Tick 257960(257789), Delay 20 ms, IGT 3:34:47.595, RTA 6:56:59.146-6:56:59.166
Tick 257961(257790), Delay 41 ms, IGT 3:34:47.645, RTA 6:56:59.166-6:56:59.207
Tick 257987(257815), Delay 57 ms, IGT 3:34:48.895, RTA 6:57:00.455-6:57:00.512, due world load
Tick 257988(257815), Delay 44 ms, IGT 3:34:48.895, RTA 6:57:00.512-6:57:00.556, due world load
Tick 257990(257817), Delay 70 ms, IGT 3:34:48.986, RTA 6:57:00.606-6:57:00.676
Tick 257991(257818), Delay 35 ms, IGT 3:34:49.036, RTA 6:57:00.676-6:57:00.711
Tick 257992(257819), Delay 45 ms, IGT 3:34:49.086, RTA 6:57:00.711-6:57:00.756
Tick 257997(257824), Delay 55 ms, IGT 3:34:49.336, RTA 6:57:00.955-6:57:01.010
Tick 258003(257830), Delay 95 ms, IGT 3:34:49.588, RTA 6:57:01.259-6:57:01.354
Tick 258004(257831), Delay 10 ms, IGT 3:34:49.638, RTA 6:57:01.354-6:57:01.364
Tick 258005(257832), Delay 55 ms, IGT 3:34:49.688, RTA 6:57:01.364-6:57:01.419
Tick 258008(257835), Delay 42 ms, IGT 3:34:49.838, RTA 6:57:01.521-6:57:01.563
Tick 258009(257836), Delay 59 ms, IGT 3:34:49.888, RTA 6:57:01.563-6:57:01.622
Tick 258010(257837), Delay 43 ms, IGT 3:34:49.938, RTA 6:57:01.622-6:57:01.665
Tick 258033(257860), Delay 117 ms, IGT 3:34:51.041, RTA 6:57:02.765-6:57:02.882
Tick 258034(257861), Delay 2 ms, IGT 3:34:51.091, RTA 6:57:02.882-6:57:02.884
Tick 258035(257862), Delay 18 ms, IGT 3:34:51.141, RTA 6:57:02.884-6:57:02.902
Tick 258036(257863), Delay 69 ms, IGT 3:34:51.191, RTA 6:57:02.902-6:57:02.971
Tick 258037(257864), Delay 63 ms, IGT 3:34:51.241, RTA 6:57:02.971-6:57:03.034
Tick 258038(257865), Delay 22 ms, IGT 3:34:51.291, RTA 6:57:03.034-6:57:03.056
Tick 258040(257867), Delay 44 ms, IGT 3:34:51.391, RTA 6:57:03.110-6:57:03.154
Tick 258042(257869), Delay 56 ms, IGT 3:34:51.491, RTA 6:57:03.205-6:57:03.261
Tick 258048(257875), Delay 59 ms, IGT 3:34:51.791, RTA 6:57:03.505-6:57:03.564
Tick 258049(257876), Delay 41 ms, IGT 3:34:51.841, RTA 6:57:03.564-6:57:03.605
Tick 258054(257881), Delay 57 ms, IGT 3:34:52.091, RTA 6:57:03.804-6:57:03.861
Tick 258059(257886), Delay 61 ms, IGT 3:34:52.341, RTA 6:57:04.056-6:57:04.117
Tick 258060(257887), Delay 41 ms, IGT 3:34:52.391, RTA 6:57:04.117-6:57:04.158
Tick 258098(257925), Delay 55 ms, IGT 3:34:54.291, RTA 6:57:06.004-6:57:06.059
Tick 258107(257934), Delay 80 ms, IGT 3:34:54.741, RTA 6:57:06.454-6:57:06.534
Tick 258108(257935), Delay 26 ms, IGT 3:34:54.791, RTA 6:57:06.534-6:57:06.560
Tick 258127(257954), Delay 115 ms, IGT 3:34:55.693, RTA 6:57:07.455-6:57:07.570
Tick 258128(257955), Delay 1 ms, IGT 3:34:55.743, RTA 6:57:07.570-6:57:07.571
Tick 258129(257956), Delay 34 ms, IGT 3:34:55.793, RTA 6:57:07.571-6:57:07.605
Tick 258132(257959), Delay 56 ms, IGT 3:34:55.943, RTA 6:57:07.705-6:57:07.761
Tick 258139(257966), Delay 45 ms, IGT 3:34:56.293, RTA 6:57:08.057-6:57:08.102
Tick 258195(258021), Delay 73 ms, IGT 3:34:59.043, RTA 6:57:10.854-6:57:10.927, due world load
Tick 258196(258022), Delay 27 ms, IGT 3:34:59.092, RTA 6:57:10.927-6:57:10.954
Tick 258198(258024), Delay 61 ms, IGT 3:34:59.192, RTA 6:57:11.004-6:57:11.065
Tick 258199(258025), Delay 87 ms, IGT 3:34:59.242, RTA 6:57:11.065-6:57:11.152
Tick 258200(258026), Delay 9 ms, IGT 3:34:59.292, RTA 6:57:11.152-6:57:11.161
Tick 258201(258027), Delay 44 ms, IGT 3:34:59.342, RTA 6:57:11.161-6:57:11.205
Tick 258202(258028), Delay 98 ms, IGT 3:34:59.392, RTA 6:57:11.205-6:57:11.303
Tick 258203(258029), Delay 4 ms, IGT 3:34:59.442, RTA 6:57:11.303-6:57:11.307
Tick 258223(258049), Delay 56 ms, IGT 3:35:00.442, RTA 6:57:12.256-6:57:12.312
Tick 258280(258106), Delay 2429 ms, IGT 3:35:03.292, RTA 6:57:15.105-6:57:17.534
Tick 258293(258119), Delay 1802 ms, IGT 3:35:03.942, RTA 6:57:18.132-6:57:19.934
Tick 258349(258174), Delay 143 ms, IGT 3:35:06.692, RTA 6:57:22.684-6:57:22.827, due world load
Tick 258350(258174), Delay 1 ms, IGT 3:35:06.692, RTA 6:57:22.827-6:57:22.828, due world load
Tick 258351(258175), Delay 39 ms, IGT 3:35:06.737, RTA 6:57:22.828-6:57:22.867
Tick 258352(258176), Delay 37 ms, IGT 3:35:06.787, RTA 6:57:22.867-6:57:22.904
Tick 258356(258180), Delay 45 ms, IGT 3:35:06.987, RTA 6:57:23.053-6:57:23.098
Tick 258364(258188), Delay 146 ms, IGT 3:35:07.387, RTA 6:57:23.453-6:57:23.599
Tick 258365(258189), Delay 1 ms, IGT 3:35:07.437, RTA 6:57:23.599-6:57:23.600
Tick 258366(258190), Delay 6 ms, IGT 3:35:07.487, RTA 6:57:23.600-6:57:23.606
Tick 258367(258191), Delay 42 ms, IGT 3:35:07.537, RTA 6:57:23.606-6:57:23.648
Tick 258392(258216), Delay 68 ms, IGT 3:35:08.787, RTA 6:57:24.850-6:57:24.918
Tick 258393(258217), Delay 32 ms, IGT 3:35:08.837, RTA 6:57:24.918-6:57:24.950
Tick 258404(258228), Delay 56 ms, IGT 3:35:09.387, RTA 6:57:25.449-6:57:25.505
Tick 258405(258229), Delay 43 ms, IGT 3:35:09.437, RTA 6:57:25.505-6:57:25.548
Tick 258410(258234), Delay 45 ms, IGT 3:35:09.687, RTA 6:57:25.753-6:57:25.798
Tick 258415(258238), Delay 86 ms, IGT 3:35:09.887, RTA 6:57:25.999-6:57:26.085, due world load
Tick 258416(258239), Delay 14 ms, IGT 3:35:09.927, RTA 6:57:26.085-6:57:26.099
Tick 258419(258242), Delay 82 ms, IGT 3:35:10.077, RTA 6:57:26.196-6:57:26.278
Tick 258420(258243), Delay 21 ms, IGT 3:35:10.127, RTA 6:57:26.278-6:57:26.299
Tick 258422(258245), Delay 76 ms, IGT 3:35:10.227, RTA 6:57:26.346-6:57:26.422
Tick 258423(258246), Delay 24 ms, IGT 3:35:10.277, RTA 6:57:26.422-6:57:26.446
Tick 258432(258255), Delay 44 ms, IGT 3:35:10.727, RTA 6:57:26.852-6:57:26.896
Tick 258433(258256), Delay 120 ms, IGT 3:35:10.728, RTA 6:57:26.896-6:57:27.016
Tick 258434(258257), Delay 0 ms, IGT 3:35:10.778, RTA 6:57:27.016-6:57:27.016
Tick 258435(258258), Delay 42 ms, IGT 3:35:10.828, RTA 6:57:27.016-6:57:27.058
Tick 258448(258271), Delay 143 ms, IGT 3:35:11.478, RTA 6:57:27.653-6:57:27.796
Tick 258449(258272), Delay 0 ms, IGT 3:35:11.528, RTA 6:57:27.796-6:57:27.796
Tick 258450(258273), Delay 7 ms, IGT 3:35:11.578, RTA 6:57:27.796-6:57:27.803
Tick 258452(258275), Delay 64 ms, IGT 3:35:11.678, RTA 6:57:27.852-6:57:27.916
Tick 258453(258276), Delay 38 ms, IGT 3:35:11.728, RTA 6:57:27.916-6:57:27.954
Tick 258579(258402), Delay 84 ms, IGT 3:35:18.028, RTA 6:57:34.202-6:57:34.286
Tick 258580(258403), Delay 12 ms, IGT 3:35:18.078, RTA 6:57:34.286-6:57:34.298
Tick 258583(258406), Delay 56 ms, IGT 3:35:18.228, RTA 6:57:34.395-6:57:34.451
Tick 258586(258409), Delay 124 ms, IGT 3:35:18.378, RTA 6:57:34.550-6:57:34.674
Tick 258587(258410), Delay 1 ms, IGT 3:35:18.428, RTA 6:57:34.674-6:57:34.675
Tick 258588(258411), Delay 26 ms, IGT 3:35:18.478, RTA 6:57:34.675-6:57:34.701
Tick 258602(258425), Delay 55 ms, IGT 3:35:19.178, RTA 6:57:35.350-6:57:35.405
Tick 258607(258430), Delay 57 ms, IGT 3:35:19.428, RTA 6:57:35.602-6:57:35.659
Tick 258608(258431), Delay 118 ms, IGT 3:35:19.430, RTA 6:57:35.659-6:57:35.777
Tick 258609(258432), Delay 3 ms, IGT 3:35:19.480, RTA 6:57:35.777-6:57:35.780
Tick 258610(258433), Delay 32 ms, IGT 3:35:19.530, RTA 6:57:35.780-6:57:35.812
Tick 258617(258440), Delay 55 ms, IGT 3:35:19.880, RTA 6:57:36.111-6:57:36.166
Tick 258623(258446), Delay 144 ms, IGT 3:35:20.180, RTA 6:57:36.411-6:57:36.555
Tick 258624(258447), Delay 1 ms, IGT 3:35:20.230, RTA 6:57:36.555-6:57:36.556
Tick 258625(258448), Delay 9 ms, IGT 3:35:20.280, RTA 6:57:36.556-6:57:36.565
Tick 258650(258473), Delay 45 ms, IGT 3:35:21.530, RTA 6:57:37.765-6:57:37.810
Tick 258830(258653), Delay 6222 ms, IGT 3:35:30.530, RTA 6:57:46.762-6:57:52.984
Tick 258857(258680), Delay 56 ms, IGT 3:35:31.880, RTA 6:57:54.280-6:57:54.336
Tick 258858(258681), Delay 45 ms, IGT 3:35:31.930, RTA 6:57:54.336-6:57:54.381
Tick 258872(258695), Delay 44 ms, IGT 3:35:32.630, RTA 6:57:55.036-6:57:55.080
Tick 258933(258756), Delay 55 ms, IGT 3:35:35.680, RTA 6:57:58.081-6:57:58.136
Tick 258937(258760), Delay 55 ms, IGT 3:35:35.880, RTA 6:57:58.280-6:57:58.335
Tick 258957(258780), Delay 55 ms, IGT 3:35:36.880, RTA 6:57:59.281-6:57:59.336
Tick 258958(258781), Delay 44 ms, IGT 3:35:36.930, RTA 6:57:59.336-6:57:59.380
Tick 259000(258823), Delay 55 ms, IGT 3:35:39.030, RTA 6:58:01.431-6:58:01.486
Tick 259043(258866), Delay 2529 ms, IGT 3:35:41.180, RTA 6:58:03.582-6:58:06.111
Tick 259052(258875), Delay 728 ms, IGT 3:35:41.630, RTA 6:58:06.510-6:58:07.238
Tick 259063(258886), Delay 4515 ms, IGT 3:35:42.180, RTA 6:58:07.739-6:58:12.254
Tick 259075(258898), Delay 1611 ms, IGT 3:35:42.780, RTA 6:58:12.802-6:58:14.413
Tick 259097(258920), Delay 1908 ms, IGT 3:35:43.880, RTA 6:58:15.463-6:58:17.371
Tick 259136(258959), Delay 55 ms, IGT 3:35:45.830, RTA 6:58:19.271-6:58:19.326
Tick 259160(258983), Delay 55 ms, IGT 3:35:47.030, RTA 6:58:20.470-6:58:20.525
Tick 259180(259003), Delay 55 ms, IGT 3:35:48.030, RTA 6:58:21.473-6:58:21.528
Tick 259181(259004), Delay 45 ms, IGT 3:35:48.080, RTA 6:58:21.528-6:58:21.573
Tick 259205(259028), Delay 45 ms, IGT 3:35:49.280, RTA 6:58:22.726-6:58:22.771
Tick 259304(259127), Delay 63 ms, IGT 3:35:54.230, RTA 6:58:27.671-6:58:27.734
Tick 259305(259128), Delay 37 ms, IGT 3:35:54.280, RTA 6:58:27.734-6:58:27.771
Tick 259413(259236), Delay 55 ms, IGT 3:35:59.680, RTA 6:58:33.120-6:58:33.175
Tick 259602(259425), Delay 814 ms, IGT 3:36:09.130, RTA 6:58:42.574-6:58:43.388
Tick 259612(259435), Delay 11920 ms, IGT 3:36:09.630, RTA 6:58:43.839-6:58:55.759
Tick 259636(259459), Delay 56 ms, IGT 3:36:10.830, RTA 6:58:56.906-6:58:56.962
Tick 259637(259460), Delay 45 ms, IGT 3:36:10.880, RTA 6:58:56.962-6:58:57.007
Tick 259640(259463), Delay 56 ms, IGT 3:36:11.030, RTA 6:58:57.106-6:58:57.162
Tick 259641(259464), Delay 44 ms, IGT 3:36:11.080, RTA 6:58:57.162-6:58:57.206
Tick 259692(259515), Delay 56 ms, IGT 3:36:13.630, RTA 6:58:59.706-6:58:59.762
Tick 259693(259516), Delay 44 ms, IGT 3:36:13.680, RTA 6:58:59.762-6:58:59.806
Tick 259827(259650), Delay 56 ms, IGT 3:36:20.380, RTA 6:59:06.455-6:59:06.511
Tick 259828(259651), Delay 45 ms, IGT 3:36:20.430, RTA 6:59:06.511-6:59:06.556
Tick 260008(259831), Delay 55 ms, IGT 3:36:29.430, RTA 6:59:15.506-6:59:15.561
Tick 260060(259883), Delay 55 ms, IGT 3:36:32.030, RTA 6:59:18.106-6:59:18.161
Tick 260061(259884), Delay 44 ms, IGT 3:36:32.080, RTA 6:59:18.161-6:59:18.205
Tick 260083(259906), Delay 55 ms, IGT 3:36:33.180, RTA 6:59:19.255-6:59:19.310
Tick 260101(259924), Delay 6221 ms, IGT 3:36:34.080, RTA 6:59:20.158-6:59:26.379
Tick 260118(259941), Delay 45 ms, IGT 3:36:34.930, RTA 6:59:27.181-6:59:27.226
Tick 260200(260023), Delay 56 ms, IGT 3:36:39.030, RTA 6:59:31.277-6:59:31.333
Tick 260201(260024), Delay 45 ms, IGT 3:36:39.080, RTA 6:59:31.333-6:59:31.378
Tick 260279(260102), Delay 45 ms, IGT 3:36:42.980, RTA 6:59:35.232-6:59:35.277
Tick 260621(260444), Delay 56 ms, IGT 3:37:00.080, RTA 6:59:52.326-6:59:52.382
Tick 260662(260485), Delay 8648 ms, IGT 3:37:02.130, RTA 6:59:54.380-7:00:03.028
Tick 260682(260505), Delay 55 ms, IGT 3:37:03.130, RTA 7:00:03.978-7:00:04.033
Tick 260683(260506), Delay 45 ms, IGT 3:37:03.180, RTA 7:00:04.033-7:00:04.078
Tick 260697(260520), Delay 61 ms, IGT 3:37:03.880, RTA 7:00:04.730-7:00:04.791
Tick 260698(260521), Delay 38 ms, IGT 3:37:03.930, RTA 7:00:04.791-7:00:04.829
Tick 260700(260523), Delay 55 ms, IGT 3:37:04.030, RTA 7:00:04.877-7:00:04.932
Tick 260752(260575), Delay 45 ms, IGT 3:37:06.630, RTA 7:00:07.482-7:00:07.527
Tick 260782(260605), Delay 124 ms, IGT 3:37:08.130, RTA 7:00:08.977-7:00:09.101
Tick 260783(260606), Delay 42 ms, IGT 3:37:08.180, RTA 7:00:09.101-7:00:09.143
Tick 260784(260607), Delay 0 ms, IGT 3:37:08.230, RTA 7:00:09.143-7:00:09.143
Tick 260785(260608), Delay 39 ms, IGT 3:37:08.280, RTA 7:00:09.143-7:00:09.182
Tick 260788(260611), Delay 55 ms, IGT 3:37:08.430, RTA 7:00:09.278-7:00:09.333
Tick 260807(260630), Delay 121 ms, IGT 3:37:09.380, RTA 7:00:10.230-7:00:10.351
Tick 260809(260632), Delay 0 ms, IGT 3:37:09.480, RTA 7:00:10.400-7:00:10.400
Tick 260810(260633), Delay 32 ms, IGT 3:37:09.530, RTA 7:00:10.400-7:00:10.432
Tick 260821(260644), Delay 125 ms, IGT 3:37:10.080, RTA 7:00:10.929-7:00:11.054
Tick 260822(260645), Delay 41 ms, IGT 3:37:10.130, RTA 7:00:11.054-7:00:11.095
Tick 260823(260646), Delay 0 ms, IGT 3:37:10.180, RTA 7:00:11.095-7:00:11.095
Tick 260824(260647), Delay 33 ms, IGT 3:37:10.230, RTA 7:00:11.095-7:00:11.128
Tick 260841(260664), Delay 55 ms, IGT 3:37:11.080, RTA 7:00:11.928-7:00:11.983
Tick 260849(260672), Delay 112 ms, IGT 3:37:11.480, RTA 7:00:12.331-7:00:12.443
Tick 260850(260673), Delay 40 ms, IGT 3:37:11.530, RTA 7:00:12.443-7:00:12.483
Tick 260851(260674), Delay 0 ms, IGT 3:37:11.580, RTA 7:00:12.483-7:00:12.483
Tick 260895(260718), Delay 78 ms, IGT 3:37:13.780, RTA 7:00:14.627-7:00:14.705
Tick 260896(260719), Delay 24 ms, IGT 3:37:13.830, RTA 7:00:14.705-7:00:14.729
Tick 260907(260730), Delay 45 ms, IGT 3:37:14.380, RTA 7:00:15.232-7:00:15.277
Tick 260962(260785), Delay 156 ms, IGT 3:37:17.130, RTA 7:00:17.979-7:00:18.135
Tick 260963(260786), Delay 0 ms, IGT 3:37:17.180, RTA 7:00:18.135-7:00:18.135
Tick 260964(260787), Delay 1 ms, IGT 3:37:17.230, RTA 7:00:18.135-7:00:18.136
Tick 260965(260788), Delay 42 ms, IGT 3:37:17.280, RTA 7:00:18.136-7:00:18.178
Tick 261033(260856), Delay 55 ms, IGT 3:37:20.680, RTA 7:00:21.527-7:00:21.582
Tick 261045(260868), Delay 58 ms, IGT 3:37:21.280, RTA 7:00:22.128-7:00:22.186
Tick 261046(260869), Delay 42 ms, IGT 3:37:21.330, RTA 7:00:22.186-7:00:22.228
Tick 261074(260897), Delay 55 ms, IGT 3:37:22.730, RTA 7:00:23.577-7:00:23.632
Tick 261134(260957), Delay 55 ms, IGT 3:37:25.730, RTA 7:00:26.578-7:00:26.633
Tick 261139(260962), Delay 55 ms, IGT 3:37:25.980, RTA 7:00:26.828-7:00:26.883
Tick 261151(260974), Delay 57 ms, IGT 3:37:26.580, RTA 7:00:27.429-7:00:27.486
Tick 261170(260993), Delay 55 ms, IGT 3:37:27.530, RTA 7:00:28.377-7:00:28.432
Tick 261188(261011), Delay 45 ms, IGT 3:37:28.430, RTA 7:00:29.282-7:00:29.327
Tick 261199(261022), Delay 55 ms, IGT 3:37:28.980, RTA 7:00:29.827-7:00:29.882
Tick 261210(261033), Delay 57 ms, IGT 3:37:29.530, RTA 7:00:30.380-7:00:30.437
Tick 261211(261034), Delay 43 ms, IGT 3:37:29.580, RTA 7:00:30.437-7:00:30.480
Tick 261250(261073), Delay 44 ms, IGT 3:37:31.530, RTA 7:00:32.383-7:00:32.427
Tick 261265(261088), Delay 55 ms, IGT 3:37:32.280, RTA 7:00:33.128-7:00:33.183
Tick 261267(261090), Delay 45 ms, IGT 3:37:32.380, RTA 7:00:33.233-7:00:33.278
Tick 261691(261514), Delay 45 ms, IGT 3:37:53.580, RTA 7:00:54.432-7:00:54.477
Tick 261713(261536), Delay 55 ms, IGT 3:37:54.680, RTA 7:00:55.528-7:00:55.583
Tick 261715(261538), Delay 45 ms, IGT 3:37:54.780, RTA 7:00:55.632-7:00:55.677
Tick 261799(261622), Delay 167 ms, IGT 3:37:58.980, RTA 7:00:59.828-7:00:59.995
Tick 261800(261623), Delay 2 ms, IGT 3:37:59.030, RTA 7:00:59.995-7:00:59.997
Tick 261801(261624), Delay 0 ms, IGT 3:37:59.080, RTA 7:00:59.997-7:00:59.997
Tick 261802(261625), Delay 32 ms, IGT 3:37:59.130, RTA 7:00:59.997-7:01:00.029
Tick 261906(261729), Delay 55 ms, IGT 3:38:04.330, RTA 7:01:05.178-7:01:05.233
Tick 261907(261730), Delay 44 ms, IGT 3:38:04.380, RTA 7:01:05.233-7:01:05.277
Tick 261911(261734), Delay 45 ms, IGT 3:38:04.580, RTA 7:01:05.433-7:01:05.478
Tick 262145(261968), Delay 63 ms, IGT 3:38:16.280, RTA 7:01:17.129-7:01:17.192
Tick 262146(261969), Delay 36 ms, IGT 3:38:16.330, RTA 7:01:17.192-7:01:17.228
Tick 262197(262020), Delay 1331 ms, IGT 3:38:18.880, RTA 7:01:19.728-7:01:21.059
Tick 262409(262232), Delay 56 ms, IGT 3:38:29.480, RTA 7:01:31.609-7:01:31.665
Tick 262410(262233), Delay 44 ms, IGT 3:38:29.530, RTA 7:01:31.665-7:01:31.709
Tick 262539(262362), Delay 45 ms, IGT 3:38:35.980, RTA 7:01:38.113-7:01:38.158
Tick 262665(262488), Delay 55 ms, IGT 3:38:42.280, RTA 7:01:44.410-7:01:44.465
Tick 262749(262572), Delay 44 ms, IGT 3:38:46.480, RTA 7:01:48.614-7:01:48.658
Tick 262790(262613), Delay 45 ms, IGT 3:38:48.530, RTA 7:01:50.663-7:01:50.708
Tick 262794(262617), Delay 45 ms, IGT 3:38:48.730, RTA 7:01:50.864-7:01:50.909
Tick 262809(262632), Delay 55 ms, IGT 3:38:49.480, RTA 7:01:51.609-7:01:51.664
Tick 262979(262802), Delay 45 ms, IGT 3:38:57.980, RTA 7:02:00.113-7:02:00.158
Tick 263249(263072), Delay 55 ms, IGT 3:39:11.480, RTA 7:02:13.609-7:02:13.664
Tick 263301(263124), Delay 55 ms, IGT 3:39:14.080, RTA 7:02:16.208-7:02:16.263
Tick 263473(263296), Delay 55 ms, IGT 3:39:22.680, RTA 7:02:24.810-7:02:24.865
Tick 263474(263297), Delay 45 ms, IGT 3:39:22.730, RTA 7:02:24.865-7:02:24.910
Tick 263625(263448), Delay 55 ms, IGT 3:39:30.280, RTA 7:02:32.409-7:02:32.464
Tick 263629(263452), Delay 56 ms, IGT 3:39:30.480, RTA 7:02:32.608-7:02:32.664
Tick 263636(263459), Delay 56 ms, IGT 3:39:30.830, RTA 7:02:32.960-7:02:33.016
Tick 263638(263461), Delay 56 ms, IGT 3:39:30.930, RTA 7:02:33.062-7:02:33.118
Tick 263656(263479), Delay 55 ms, IGT 3:39:31.830, RTA 7:02:33.959-7:02:34.014
Tick 263664(263487), Delay 55 ms, IGT 3:39:32.230, RTA 7:02:34.362-7:02:34.417
Tick 263665(263488), Delay 43 ms, IGT 3:39:32.280, RTA 7:02:34.417-7:02:34.460
Tick 264159(263982), Delay 59 ms, IGT 3:39:56.980, RTA 7:02:59.110-7:02:59.169
Tick 264160(263983), Delay 43 ms, IGT 3:39:57.030, RTA 7:02:59.169-7:02:59.212
Tick 264219(264042), Delay 45 ms, IGT 3:39:59.980, RTA 7:03:02.113-7:03:02.158
Tick 264716(264539), Delay 55 ms, IGT 3:40:24.830, RTA 7:03:26.959-7:03:27.014
Tick 264717(264540), Delay 45 ms, IGT 3:40:24.880, RTA 7:03:27.014-7:03:27.059
Tick 264774(264597), Delay 58 ms, IGT 3:40:27.730, RTA 7:03:29.858-7:03:29.916
Tick 264775(264598), Delay 44 ms, IGT 3:40:27.780, RTA 7:03:29.916-7:03:29.960
Tick 264809(264632), Delay 1242 ms, IGT 3:40:29.480, RTA 7:03:31.610-7:03:32.852
Tick 265220(265043), Delay 55 ms, IGT 3:40:50.030, RTA 7:03:53.351-7:03:53.406
Tick 265226(265049), Delay 45 ms, IGT 3:40:50.330, RTA 7:03:53.656-7:03:53.701
Tick 265237(265060), Delay 55 ms, IGT 3:40:50.880, RTA 7:03:54.201-7:03:54.256
Tick 265315(265138), Delay 56 ms, IGT 3:40:54.780, RTA 7:03:58.102-7:03:58.158
Tick 265316(265139), Delay 45 ms, IGT 3:40:54.830, RTA 7:03:58.158-7:03:58.203
Tick 265385(265208), Delay 57 ms, IGT 3:40:58.280, RTA 7:04:01.602-7:04:01.659
Tick 265386(265209), Delay 44 ms, IGT 3:40:58.330, RTA 7:04:01.659-7:04:01.703
Tick 265414(265237), Delay 55 ms, IGT 3:40:59.730, RTA 7:04:03.050-7:04:03.105
Tick 265416(265239), Delay 55 ms, IGT 3:40:59.830, RTA 7:04:03.151-7:04:03.206
Tick 265417(265240), Delay 45 ms, IGT 3:40:59.880, RTA 7:04:03.206-7:04:03.251
Tick 265579(265402), Delay 63 ms, IGT 3:41:07.980, RTA 7:04:11.301-7:04:11.364
Tick 265580(265403), Delay 37 ms, IGT 3:41:08.030, RTA 7:04:11.364-7:04:11.401
Tick 265796(265619), Delay 55 ms, IGT 3:41:18.830, RTA 7:04:22.152-7:04:22.207
Tick 265855(265678), Delay 55 ms, IGT 3:41:21.780, RTA 7:04:25.101-7:04:25.156
Tick 265856(265679), Delay 44 ms, IGT 3:41:21.830, RTA 7:04:25.156-7:04:25.200
Tick 265935(265758), Delay 56 ms, IGT 3:41:25.780, RTA 7:04:29.100-7:04:29.156
Tick 265965(265788), Delay 45 ms, IGT 3:41:27.280, RTA 7:04:30.605-7:04:30.650
Tick 266001(265824), Delay 45 ms, IGT 3:41:29.080, RTA 7:04:32.406-7:04:32.451
Tick 266438(266261), Delay 45 ms, IGT 3:41:50.930, RTA 7:04:54.255-7:04:54.300
Tick 266456(266279), Delay 45 ms, IGT 3:41:51.830, RTA 7:04:55.155-7:04:55.200
Tick 266457(266280), Delay 57 ms, IGT 3:41:51.880, RTA 7:04:55.200-7:04:55.257
Tick 266458(266281), Delay 44 ms, IGT 3:41:51.930, RTA 7:04:55.257-7:04:55.301
Tick 266995(266818), Delay 59 ms, IGT 3:42:18.780, RTA 7:05:22.104-7:05:22.163
Tick 266996(266819), Delay 44 ms, IGT 3:42:18.830, RTA 7:05:22.162-7:05:22.206
Tick 267003(266826), Delay 59 ms, IGT 3:42:19.180, RTA 7:05:22.505-7:05:22.564
Tick 267004(266827), Delay 37 ms, IGT 3:42:19.230, RTA 7:05:22.564-7:05:22.601
Tick 267055(266878), Delay 55 ms, IGT 3:42:21.780, RTA 7:05:25.101-7:05:25.156
Tick 267301(267124), Delay 55 ms, IGT 3:42:34.080, RTA 7:05:37.400-7:05:37.455
Tick 267344(267167), Delay 55 ms, IGT 3:42:36.230, RTA 7:05:39.550-7:05:39.605
Tick 267351(267174), Delay 58 ms, IGT 3:42:36.580, RTA 7:05:39.900-7:05:39.958
Tick 267352(267175), Delay 44 ms, IGT 3:42:36.630, RTA 7:05:39.958-7:05:40.002
Tick 267416(267239), Delay 55 ms, IGT 3:42:39.830, RTA 7:05:43.152-7:05:43.207
Tick 267464(267287), Delay 56 ms, IGT 3:42:42.230, RTA 7:05:45.550-7:05:45.606
Tick 267465(267288), Delay 44 ms, IGT 3:42:42.280, RTA 7:05:45.606-7:05:45.650
Tick 267655(267478), Delay 44 ms, IGT 3:42:51.780, RTA 7:05:55.107-7:05:55.151
Tick 267663(267486), Delay 45 ms, IGT 3:42:52.180, RTA 7:05:55.506-7:05:55.551
Tick 267711(267534), Delay 45 ms, IGT 3:42:54.580, RTA 7:05:57.906-7:05:57.951
Tick 267790(267613), Delay 55 ms, IGT 3:42:58.530, RTA 7:06:01.851-7:06:01.906
Tick 267791(267614), Delay 44 ms, IGT 3:42:58.580, RTA 7:06:01.906-7:06:01.950
Tick 267814(267637), Delay 58 ms, IGT 3:42:59.730, RTA 7:06:03.051-7:06:03.109
Tick 267815(267638), Delay 42 ms, IGT 3:42:59.780, RTA 7:06:03.109-7:06:03.151
Tick 267976(267799), Delay 3708 ms, IGT 3:43:07.830, RTA 7:06:11.151-7:06:14.859
Tick 267990(267813), Delay 56 ms, IGT 3:43:08.530, RTA 7:06:15.510-7:06:15.566
Tick 267991(267814), Delay 44 ms, IGT 3:43:08.580, RTA 7:06:15.566-7:06:15.610
Tick 267999(267822), Delay 55 ms, IGT 3:43:08.980, RTA 7:06:15.959-7:06:16.014
Tick 268000(267823), Delay 45 ms, IGT 3:43:09.030, RTA 7:06:16.014-7:06:16.059
Tick 268029(267852), Delay 57 ms, IGT 3:43:10.480, RTA 7:06:17.458-7:06:17.515
Tick 268030(267853), Delay 44 ms, IGT 3:43:10.530, RTA 7:06:17.515-7:06:17.559
Tick 268052(267875), Delay 55 ms, IGT 3:43:11.630, RTA 7:06:18.609-7:06:18.664
Tick 268053(267876), Delay 44 ms, IGT 3:43:11.680, RTA 7:06:18.664-7:06:18.708
Tick 268077(267900), Delay 55 ms, IGT 3:43:12.880, RTA 7:06:19.859-7:06:19.914
Tick 268115(267938), Delay 147 ms, IGT 3:43:14.780, RTA 7:06:21.762-7:06:21.909
Tick 268116(267939), Delay 0 ms, IGT 3:43:14.830, RTA 7:06:21.909-7:06:21.909
Tick 268117(267940), Delay 10 ms, IGT 3:43:14.880, RTA 7:06:21.909-7:06:21.919
Tick 268118(267941), Delay 41 ms, IGT 3:43:14.930, RTA 7:06:21.919-7:06:21.960
Tick 268122(267945), Delay 60 ms, IGT 3:43:15.130, RTA 7:06:22.109-7:06:22.169
Tick 268123(267946), Delay 41 ms, IGT 3:43:15.180, RTA 7:06:22.169-7:06:22.210
Tick 268199(268022), Delay 135 ms, IGT 3:43:18.980, RTA 7:06:25.960-7:06:26.095
Tick 268200(268023), Delay 1 ms, IGT 3:43:19.030, RTA 7:06:26.095-7:06:26.096
Tick 268201(268024), Delay 15 ms, IGT 3:43:19.080, RTA 7:06:26.096-7:06:26.111
Tick 268220(268043), Delay 45 ms, IGT 3:43:20.030, RTA 7:06:27.014-7:06:27.059
Tick 268224(268047), Delay 56 ms, IGT 3:43:20.230, RTA 7:06:27.209-7:06:27.265
Tick 268232(268055), Delay 45 ms, IGT 3:43:20.630, RTA 7:06:27.614-7:06:27.659
Tick 268267(268090), Delay 56 ms, IGT 3:43:22.380, RTA 7:06:29.358-7:06:29.414
Tick 268281(268104), Delay 56 ms, IGT 3:43:23.080, RTA 7:06:30.058-7:06:30.114
Tick 268289(268112), Delay 56 ms, IGT 3:43:23.480, RTA 7:06:30.458-7:06:30.514
Tick 268352(268175), Delay 55 ms, IGT 3:43:26.630, RTA 7:06:33.609-7:06:33.664
Tick 268367(268190), Delay 55 ms, IGT 3:43:27.380, RTA 7:06:34.359-7:06:34.414
Tick 268368(268191), Delay 45 ms, IGT 3:43:27.430, RTA 7:06:34.414-7:06:34.459
Tick 268408(268231), Delay 11219 ms, IGT 3:43:29.430, RTA 7:06:36.410-7:06:47.629
Tick 268417(268240), Delay 55 ms, IGT 3:43:29.880, RTA 7:06:48.029-7:06:48.084
Tick 268507(268330), Delay 55 ms, IGT 3:43:34.380, RTA 7:06:52.527-7:06:52.582
Tick 268525(268348), Delay 43 ms, IGT 3:43:35.280, RTA 7:06:53.435-7:06:53.478
Tick 268595(268418), Delay 55 ms, IGT 3:43:38.780, RTA 7:06:56.928-7:06:56.983
Tick 268635(268458), Delay 143 ms, IGT 3:43:40.780, RTA 7:06:58.929-7:06:59.072
Tick 268636(268459), Delay 1 ms, IGT 3:43:40.830, RTA 7:06:59.072-7:06:59.073
Tick 268637(268460), Delay 9 ms, IGT 3:43:40.880, RTA 7:06:59.073-7:06:59.082
Tick 268718(268541), Delay 133 ms, IGT 3:43:44.930, RTA 7:07:03.078-7:07:03.211
Tick 268720(268543), Delay 0 ms, IGT 3:43:45.030, RTA 7:07:03.261-7:07:03.261
Tick 268721(268544), Delay 17 ms, IGT 3:43:45.080, RTA 7:07:03.261-7:07:03.278
Tick 268742(268565), Delay 55 ms, IGT 3:43:46.130, RTA 7:07:04.278-7:07:04.333
Tick 268744(268567), Delay 45 ms, IGT 3:43:46.230, RTA 7:07:04.385-7:07:04.430
Tick 268811(268634), Delay 45 ms, IGT 3:43:49.580, RTA 7:07:07.732-7:07:07.777
Tick 268920(268743), Delay 45 ms, IGT 3:43:55.030, RTA 7:07:13.183-7:07:13.228
Tick 268936(268759), Delay 60 ms, IGT 3:43:55.830, RTA 7:07:13.978-7:07:14.038
Tick 268937(268760), Delay 41 ms, IGT 3:43:55.880, RTA 7:07:14.038-7:07:14.079
Tick 268960(268783), Delay 57 ms, IGT 3:43:57.030, RTA 7:07:15.179-7:07:15.236
Tick 268961(268784), Delay 45 ms, IGT 3:43:57.080, RTA 7:07:15.236-7:07:15.281
Tick 268971(268794), Delay 120 ms, IGT 3:43:57.580, RTA 7:07:15.728-7:07:15.848
Tick 268972(268795), Delay 132 ms, IGT 3:43:57.630, RTA 7:07:15.848-7:07:15.980
Tick 268973(268796), Delay 1 ms, IGT 3:43:57.680, RTA 7:07:15.980-7:07:15.981
Tick 268974(268797), Delay 13 ms, IGT 3:43:57.730, RTA 7:07:15.981-7:07:15.994
Tick 268975(268798), Delay 1 ms, IGT 3:43:57.780, RTA 7:07:15.994-7:07:15.995
Tick 268976(268799), Delay 34 ms, IGT 3:43:57.830, RTA 7:07:15.995-7:07:16.029
Tick 268984(268807), Delay 166 ms, IGT 3:43:58.230, RTA 7:07:16.379-7:07:16.545
Tick 268985(268808), Delay 1 ms, IGT 3:43:58.280, RTA 7:07:16.545-7:07:16.546
Tick 268986(268809), Delay 38 ms, IGT 3:43:58.330, RTA 7:07:16.546-7:07:16.584
Tick 268987(268810), Delay 0 ms, IGT 3:43:58.380, RTA 7:07:16.584-7:07:16.584
Tick 268988(268811), Delay 45 ms, IGT 3:43:58.430, RTA 7:07:16.584-7:07:16.629
Tick 269036(268859), Delay 57 ms, IGT 3:44:00.830, RTA 7:07:18.981-7:07:19.038
Tick 269037(268860), Delay 42 ms, IGT 3:44:00.880, RTA 7:07:19.038-7:07:19.080
Tick 269046(268869), Delay 119 ms, IGT 3:44:01.330, RTA 7:07:19.480-7:07:19.599
Tick 269048(268871), Delay 0 ms, IGT 3:44:01.430, RTA 7:07:19.653-7:07:19.653
Tick 269049(268872), Delay 28 ms, IGT 3:44:01.480, RTA 7:07:19.653-7:07:19.681
Tick 269054(268877), Delay 55 ms, IGT 3:44:01.730, RTA 7:07:19.877-7:07:19.932
Tick 269068(268891), Delay 45 ms, IGT 3:44:02.430, RTA 7:07:20.581-7:07:20.626
Tick 269121(268944), Delay 183 ms, IGT 3:44:05.080, RTA 7:07:23.229-7:07:23.412
Tick 269122(268945), Delay 19 ms, IGT 3:44:05.130, RTA 7:07:23.412-7:07:23.431
Tick 269123(268946), Delay 0 ms, IGT 3:44:05.180, RTA 7:07:23.431-7:07:23.431
Tick 269124(268947), Delay 1 ms, IGT 3:44:05.230, RTA 7:07:23.431-7:07:23.432
Tick 269141(268964), Delay 45 ms, IGT 3:44:06.080, RTA 7:07:24.235-7:07:24.280
Tick 269147(268970), Delay 55 ms, IGT 3:44:06.380, RTA 7:07:24.528-7:07:24.583
Tick 269148(268971), Delay 45 ms, IGT 3:44:06.430, RTA 7:07:24.583-7:07:24.628
Tick 269149(268972), Delay 55 ms, IGT 3:44:06.480, RTA 7:07:24.628-7:07:24.683
Tick 269169(268992), Delay 55 ms, IGT 3:44:07.480, RTA 7:07:25.628-7:07:25.683
Tick 269226(269049), Delay 117 ms, IGT 3:44:10.330, RTA 7:07:28.478-7:07:28.595
Tick 269228(269051), Delay 0 ms, IGT 3:44:10.430, RTA 7:07:28.646-7:07:28.646
Tick 269229(269052), Delay 32 ms, IGT 3:44:10.480, RTA 7:07:28.646-7:07:28.678
Tick 269261(269084), Delay 116 ms, IGT 3:44:12.080, RTA 7:07:30.228-7:07:30.344
Tick 269263(269086), Delay 0 ms, IGT 3:44:12.180, RTA 7:07:30.396-7:07:30.396
Tick 269264(269087), Delay 32 ms, IGT 3:44:12.230, RTA 7:07:30.396-7:07:30.428
Tick 269271(269094), Delay 56 ms, IGT 3:44:12.580, RTA 7:07:30.729-7:07:30.785
Tick 269272(269095), Delay 44 ms, IGT 3:44:12.630, RTA 7:07:30.785-7:07:30.829
Tick 269279(269102), Delay 127 ms, IGT 3:44:12.980, RTA 7:07:31.129-7:07:31.256
Tick 269280(269103), Delay 0 ms, IGT 3:44:13.030, RTA 7:07:31.256-7:07:31.256
Tick 269281(269104), Delay 25 ms, IGT 3:44:13.080, RTA 7:07:31.256-7:07:31.281
Tick 269295(269118), Delay 56 ms, IGT 3:44:13.780, RTA 7:07:31.927-7:07:31.983
Tick 269296(269119), Delay 220 ms, IGT 3:44:13.830, RTA 7:07:31.983-7:07:32.203
Tick 269297(269120), Delay 22 ms, IGT 3:44:13.880, RTA 7:07:32.203-7:07:32.225
Tick 269298(269121), Delay 1 ms, IGT 3:44:13.930, RTA 7:07:32.225-7:07:32.226
Tick 269299(269122), Delay 0 ms, IGT 3:44:13.980, RTA 7:07:32.226-7:07:32.226
Tick 269300(269123), Delay 7 ms, IGT 3:44:14.030, RTA 7:07:32.226-7:07:32.233
Tick 269301(269124), Delay 45 ms, IGT 3:44:14.080, RTA 7:07:32.233-7:07:32.278
Tick 269306(269129), Delay 113 ms, IGT 3:44:14.330, RTA 7:07:32.480-7:07:32.593
Tick 269308(269131), Delay 1 ms, IGT 3:44:14.430, RTA 7:07:32.643-7:07:32.644
Tick 269309(269132), Delay 35 ms, IGT 3:44:14.480, RTA 7:07:32.644-7:07:32.679
Tick 269313(269136), Delay 120 ms, IGT 3:44:14.680, RTA 7:07:32.829-7:07:32.949
Tick 269314(269137), Delay 1 ms, IGT 3:44:14.730, RTA 7:07:32.949-7:07:32.950
Tick 269315(269138), Delay 32 ms, IGT 3:44:14.780, RTA 7:07:32.950-7:07:32.982
Tick 269323(269146), Delay 116 ms, IGT 3:44:15.180, RTA 7:07:33.329-7:07:33.445
Tick 269324(269147), Delay 99 ms, IGT 3:44:15.230, RTA 7:07:33.445-7:07:33.544
Tick 269325(269148), Delay 0 ms, IGT 3:44:15.280, RTA 7:07:33.544-7:07:33.544
Tick 269326(269149), Delay 39 ms, IGT 3:44:15.330, RTA 7:07:33.544-7:07:33.583
Tick 269327(269150), Delay 0 ms, IGT 3:44:15.380, RTA 7:07:33.583-7:07:33.583
Tick 269373(269196), Delay 44 ms, IGT 3:44:17.680, RTA 7:07:35.836-7:07:35.880
Tick 269783(269606), Delay 62 ms, IGT 3:44:38.180, RTA 7:07:56.328-7:07:56.390
Tick 269784(269607), Delay 39 ms, IGT 3:44:38.230, RTA 7:07:56.390-7:07:56.429
Tick 269906(269729), Delay 125 ms, IGT 3:44:44.330, RTA 7:08:02.478-7:08:02.603
Tick 269908(269731), Delay 1 ms, IGT 3:44:44.430, RTA 7:08:02.654-7:08:02.655
Tick 269909(269732), Delay 25 ms, IGT 3:44:44.480, RTA 7:08:02.655-7:08:02.680
Tick 270345(270168), Delay 149 ms, IGT 3:45:06.280, RTA 7:08:24.429-7:08:24.578
Tick 270346(270169), Delay 8 ms, IGT 3:45:06.330, RTA 7:08:24.578-7:08:24.586
Tick 270347(270170), Delay 6 ms, IGT 3:45:06.380, RTA 7:08:24.586-7:08:24.592
Tick 270348(270171), Delay 39 ms, IGT 3:45:06.430, RTA 7:08:24.592-7:08:24.631
Tick 270421(270244), Delay 106 ms, IGT 3:45:10.080, RTA 7:08:28.228-7:08:28.334
Tick 270422(270245), Delay 40 ms, IGT 3:45:10.130, RTA 7:08:28.334-7:08:28.374
Tick 270423(270246), Delay 5 ms, IGT 3:45:10.180, RTA 7:08:28.374-7:08:28.379
Tick 270539(270362), Delay 55 ms, IGT 3:45:15.980, RTA 7:08:34.128-7:08:34.183
Tick 270837(270660), Delay 55 ms, IGT 3:45:30.880, RTA 7:08:49.029-7:08:49.084
Tick 270838(270661), Delay 45 ms, IGT 3:45:30.930, RTA 7:08:49.084-7:08:49.129
Tick 270885(270708), Delay 142 ms, IGT 3:45:33.280, RTA 7:08:51.430-7:08:51.572
Tick 270886(270709), Delay 2 ms, IGT 3:45:33.330, RTA 7:08:51.572-7:08:51.574
Tick 270887(270710), Delay 5 ms, IGT 3:45:33.380, RTA 7:08:51.574-7:08:51.579
Tick 270893(270716), Delay 56 ms, IGT 3:45:33.680, RTA 7:08:51.829-7:08:51.885
Tick 270894(270717), Delay 45 ms, IGT 3:45:33.730, RTA 7:08:51.885-7:08:51.930
Tick 270961(270784), Delay 55 ms, IGT 3:45:37.080, RTA 7:08:55.229-7:08:55.284
Tick 270962(270785), Delay 45 ms, IGT 3:45:37.130, RTA 7:08:55.284-7:08:55.329
Tick 271021(270844), Delay 32503 ms, IGT 3:45:40.080, RTA 7:08:58.228-7:09:30.731
Tick 271162(270985), Delay 2470 ms, IGT 3:45:47.130, RTA 7:09:37.732-7:09:40.202
Tick 271176(270999), Delay 1941 ms, IGT 3:45:47.830, RTA 7:09:40.851-7:09:42.792
Tick 271207(271030), Delay 1642 ms, IGT 3:45:49.380, RTA 7:09:44.292-7:09:45.934
Tick 271212(271035), Delay 55 ms, IGT 3:45:49.630, RTA 7:09:46.134-7:09:46.189
Tick 271213(271036), Delay 45 ms, IGT 3:45:49.680, RTA 7:09:46.189-7:09:46.234
Tick 271422(271245), Delay 1944 ms, IGT 3:46:00.130, RTA 7:09:56.636-7:09:58.580
Tick 271790(271613), Delay 55 ms, IGT 3:46:18.530, RTA 7:10:16.930-7:10:16.985
Tick 272063(271886), Delay 45 ms, IGT 3:46:32.180, RTA 7:10:30.585-7:10:30.630
Tick 272118(271941), Delay 13565 ms, IGT 3:46:34.930, RTA 7:10:33.331-7:10:46.896
Tick 272222(272045), Delay 55 ms, IGT 3:46:40.130, RTA 7:10:52.047-7:10:52.102
Tick 272256(272079), Delay 2449 ms, IGT 3:46:41.830, RTA 7:10:53.749-7:10:56.198
Tick 272524(272347), Delay 56 ms, IGT 3:46:55.230, RTA 7:11:09.549-7:11:09.605
Tick 272525(272348), Delay 42 ms, IGT 3:46:55.280, RTA 7:11:09.605-7:11:09.647
Tick 272549(272372), Delay 16664 ms, IGT 3:46:56.480, RTA 7:11:10.798-7:11:27.462
Tick 272664(272487), Delay 45 ms, IGT 3:47:02.230, RTA 7:11:33.167-7:11:33.212
Tick 272766(272589), Delay 57 ms, IGT 3:47:07.330, RTA 7:11:38.262-7:11:38.319
Tick 272767(272590), Delay 43 ms, IGT 3:47:07.380, RTA 7:11:38.319-7:11:38.362
Tick 272775(272598), Delay 55 ms, IGT 3:47:07.780, RTA 7:11:38.712-7:11:38.767
Tick 272885(272708), Delay 129 ms, IGT 3:47:13.280, RTA 7:11:44.211-7:11:44.340
Tick 272886(272709), Delay 1 ms, IGT 3:47:13.330, RTA 7:11:44.340-7:11:44.341
Tick 272887(272710), Delay 21 ms, IGT 3:47:13.380, RTA 7:11:44.341-7:11:44.362
Tick 272950(272773), Delay 55 ms, IGT 3:47:16.530, RTA 7:11:47.461-7:11:47.516
Tick 273030(272853), Delay 112 ms, IGT 3:47:20.530, RTA 7:11:51.463-7:11:51.575
Tick 273031(272854), Delay 0 ms, IGT 3:47:20.580, RTA 7:11:51.575-7:11:51.575
Tick 273032(272855), Delay 39 ms, IGT 3:47:20.630, RTA 7:11:51.575-7:11:51.614
Tick 273041(272864), Delay 45 ms, IGT 3:47:21.080, RTA 7:11:52.016-7:11:52.061
Tick 273042(272865), Delay 55 ms, IGT 3:47:21.130, RTA 7:11:52.061-7:11:52.116
Tick 273068(272891), Delay 55 ms, IGT 3:47:22.430, RTA 7:11:53.362-7:11:53.417
Tick 273069(272892), Delay 44 ms, IGT 3:47:22.480, RTA 7:11:53.417-7:11:53.461
Tick 273323(273146), Delay 114 ms, IGT 3:47:35.180, RTA 7:12:06.112-7:12:06.226
Tick 273324(273147), Delay 0 ms, IGT 3:47:35.230, RTA 7:12:06.226-7:12:06.226
Tick 273325(273148), Delay 39 ms, IGT 3:47:35.280, RTA 7:12:06.226-7:12:06.265
Tick 273488(273311), Delay 55 ms, IGT 3:47:43.430, RTA 7:12:14.361-7:12:14.416
Tick 273547(273370), Delay 4446 ms, IGT 3:47:46.380, RTA 7:12:17.312-7:12:21.758
Tick 273696(273519), Delay 45 ms, IGT 3:47:53.830, RTA 7:12:29.159-7:12:29.204
Tick 273697(273520), Delay 55 ms, IGT 3:47:53.880, RTA 7:12:29.204-7:12:29.259
Tick 273813(273636), Delay 45 ms, IGT 3:47:59.680, RTA 7:12:35.008-7:12:35.053
Tick 273977(273800), Delay 4401 ms, IGT 3:48:07.880, RTA 7:12:43.205-7:12:47.606
Tick 273986(273809), Delay 3611 ms, IGT 3:48:08.330, RTA 7:12:48.008-7:12:51.619
Tick 273994(273817), Delay 3263 ms, IGT 3:48:08.730, RTA 7:12:51.970-7:12:55.233
Tick 274040(273863), Delay 928 ms, IGT 3:48:11.030, RTA 7:12:57.484-7:12:58.412
Tick 274113(273936), Delay 1616 ms, IGT 3:48:14.680, RTA 7:13:02.013-7:13:03.629
Tick 274257(274080), Delay 461 ms, IGT 3:48:21.880, RTA 7:13:10.780-7:13:11.241
Tick 274271(274094), Delay 561 ms, IGT 3:48:22.580, RTA 7:13:11.888-7:13:12.449
Tick 274282(274105), Delay 907 ms, IGT 3:48:23.130, RTA 7:13:12.950-7:13:13.857
Tick 274292(274115), Delay 11464 ms, IGT 3:48:23.630, RTA 7:13:14.306-7:13:25.770
Tick 274357(274180), Delay 55 ms, IGT 3:48:26.880, RTA 7:13:28.969-7:13:29.024
Tick 274378(274201), Delay 55 ms, IGT 3:48:27.930, RTA 7:13:30.019-7:13:30.074
Tick 274404(274227), Delay 5472 ms, IGT 3:48:29.230, RTA 7:13:31.321-7:13:36.793
Tick 274584(274407), Delay 45 ms, IGT 3:48:38.230, RTA 7:13:45.747-7:13:45.792
Tick 274678(274501), Delay 842 ms, IGT 3:48:42.930, RTA 7:13:50.445-7:13:51.287
Tick 274687(274510), Delay 383 ms, IGT 3:48:43.380, RTA 7:13:51.688-7:13:52.071
Tick 274698(274521), Delay 160 ms, IGT 3:48:43.930, RTA 7:13:52.569-7:13:52.729
Tick 274719(274542), Delay 304 ms, IGT 3:48:44.980, RTA 7:13:53.732-7:13:54.036
Tick 274732(274555), Delay 3261 ms, IGT 3:48:45.630, RTA 7:13:54.636-7:13:57.897
Tick 274738(274561), Delay 57 ms, IGT 3:48:45.930, RTA 7:13:58.145-7:13:58.202
Tick 274739(274562), Delay 44 ms, IGT 3:48:45.980, RTA 7:13:58.202-7:13:58.246
Tick 274759(274582), Delay 55 ms, IGT 3:48:46.980, RTA 7:13:59.194-7:13:59.249
Tick 274766(274589), Delay 56 ms, IGT 3:48:47.330, RTA 7:13:59.544-7:13:59.600
Tick 274867(274690), Delay 56 ms, IGT 3:48:52.380, RTA 7:14:04.595-7:14:04.651
Tick 274883(274706), Delay 2031 ms, IGT 3:48:53.180, RTA 7:14:05.396-7:14:07.427
Tick 274891(274714), Delay 6076 ms, IGT 3:48:53.580, RTA 7:14:07.776-7:14:13.852
Tick 274937(274760), Delay 55 ms, IGT 3:48:55.880, RTA 7:14:16.100-7:14:16.155
Tick 275057(274880), Delay 60 ms, IGT 3:49:01.880, RTA 7:14:22.103-7:14:22.163
Tick 275058(274881), Delay 44 ms, IGT 3:49:01.930, RTA 7:14:22.163-7:14:22.207
Tick 275075(274898), Delay 55 ms, IGT 3:49:02.780, RTA 7:14:23.001-7:14:23.056
Tick 275088(274911), Delay 5225 ms, IGT 3:49:03.430, RTA 7:14:23.652-7:14:28.877
Tick 275137(274960), Delay 55 ms, IGT 3:49:05.880, RTA 7:14:31.278-7:14:31.333
Tick 275138(274961), Delay 42 ms, IGT 3:49:05.930, RTA 7:14:31.333-7:14:31.375
Tick 275171(274994), Delay 962 ms, IGT 3:49:07.580, RTA 7:14:32.978-7:14:33.940
Tick 275198(275021), Delay 1791 ms, IGT 3:49:08.930, RTA 7:14:35.241-7:14:37.032
Tick 275226(275049), Delay 619 ms, IGT 3:49:10.330, RTA 7:14:38.381-7:14:39.000
Tick 275238(275061), Delay 4111 ms, IGT 3:49:10.930, RTA 7:14:39.553-7:14:43.664
Tick 275374(275197), Delay 1359 ms, IGT 3:49:17.730, RTA 7:14:50.416-7:14:51.775
Tick 275387(275210), Delay 10592 ms, IGT 3:49:18.380, RTA 7:14:52.378-7:15:02.970
Tick 275446(275269), Delay 55 ms, IGT 3:49:21.330, RTA 7:15:05.868-7:15:05.923
Tick 275450(275273), Delay 45 ms, IGT 3:49:21.530, RTA 7:15:06.073-7:15:06.118
Tick 275461(275284), Delay 421 ms, IGT 3:49:22.080, RTA 7:15:06.620-7:15:07.041
Tick 275464(275287), Delay 55 ms, IGT 3:49:22.230, RTA 7:15:07.138-7:15:07.193
Tick 275467(275290), Delay 2984 ms, IGT 3:49:22.380, RTA 7:15:07.292-7:15:10.276
Tick 275513(275336), Delay 60 ms, IGT 3:49:24.680, RTA 7:15:12.528-7:15:12.588
Tick 275514(275337), Delay 35 ms, IGT 3:49:24.730, RTA 7:15:12.588-7:15:12.623
Tick 275566(275389), Delay 55 ms, IGT 3:49:27.330, RTA 7:15:15.175-7:15:15.230
Tick 275632(275455), Delay 45 ms, IGT 3:49:30.630, RTA 7:15:18.478-7:15:18.523
Tick 275658(275481), Delay 55 ms, IGT 3:49:31.930, RTA 7:15:19.775-7:15:19.830
Tick 275659(275482), Delay 45 ms, IGT 3:49:31.980, RTA 7:15:19.830-7:15:19.875
Tick 275669(275492), Delay 55 ms, IGT 3:49:32.480, RTA 7:15:20.323-7:15:20.378
Tick 275695(275518), Delay 55 ms, IGT 3:49:33.780, RTA 7:15:21.624-7:15:21.679
Tick 275855(275678), Delay 44 ms, IGT 3:49:41.780, RTA 7:15:29.631-7:15:29.675
Tick 275860(275683), Delay 55 ms, IGT 3:49:42.030, RTA 7:15:29.876-7:15:29.931
Tick 275861(275684), Delay 45 ms, IGT 3:49:42.080, RTA 7:15:29.931-7:15:29.976
Tick 275879(275702), Delay 58 ms, IGT 3:49:42.980, RTA 7:15:30.825-7:15:30.883
Tick 275888(275711), Delay 55 ms, IGT 3:49:43.430, RTA 7:15:31.276-7:15:31.331
Tick 275889(275712), Delay 45 ms, IGT 3:49:43.480, RTA 7:15:31.331-7:15:31.376
Tick 275986(275809), Delay 45 ms, IGT 3:49:48.330, RTA 7:15:36.182-7:15:36.227
Tick 276043(275866), Delay 23975 ms, IGT 3:49:51.180, RTA 7:15:39.026-7:16:03.001
Tick 276044(275867), Delay 44 ms, IGT 3:49:51.230, RTA 7:16:03.001-7:16:03.045
Tick 276228(276051), Delay 45 ms, IGT 3:50:00.430, RTA 7:16:12.198-7:16:12.243
Tick 276247(276070), Delay 55 ms, IGT 3:50:01.380, RTA 7:16:13.145-7:16:13.200
Tick 276352(276175), Delay 511 ms, IGT 3:50:06.630, RTA 7:16:18.396-7:16:18.907
Tick 276373(276196), Delay 45 ms, IGT 3:50:07.680, RTA 7:16:19.911-7:16:19.956
Tick 276380(276203), Delay 11411 ms, IGT 3:50:08.030, RTA 7:16:20.256-7:16:31.667
Tick 276423(276246), Delay 56 ms, IGT 3:50:10.180, RTA 7:16:33.768-7:16:33.824
Tick 276424(276247), Delay 44 ms, IGT 3:50:10.230, RTA 7:16:33.824-7:16:33.868
Tick 276431(276254), Delay 55 ms, IGT 3:50:10.580, RTA 7:16:34.167-7:16:34.222
Tick 276450(276273), Delay 56 ms, IGT 3:50:11.530, RTA 7:16:35.117-7:16:35.173
Tick 276467(276290), Delay 55 ms, IGT 3:50:12.380, RTA 7:16:35.967-7:16:36.022
Tick 276483(276306), Delay 45 ms, IGT 3:50:13.180, RTA 7:16:36.772-7:16:36.817
Tick 276484(276307), Delay 55 ms, IGT 3:50:13.230, RTA 7:16:36.817-7:16:36.872
Tick 276487(276310), Delay 55 ms, IGT 3:50:13.380, RTA 7:16:36.968-7:16:37.023
Tick 276516(276339), Delay 99645 ms, IGT 3:50:14.830, RTA 7:16:38.419-7:18:18.064
Tick 276547(276370), Delay 45 ms, IGT 3:50:16.380, RTA 7:18:19.568-7:18:19.613
Tick 276593(276416), Delay 55 ms, IGT 3:50:18.680, RTA 7:18:21.863-7:18:21.918
Tick 276598(276421), Delay 55 ms, IGT 3:50:18.930, RTA 7:18:22.114-7:18:22.169
Tick 276779(276602), Delay 45 ms, IGT 3:50:27.980, RTA 7:18:31.167-7:18:31.212
Tick 276926(276749), Delay 56 ms, IGT 3:50:35.330, RTA 7:18:38.512-7:18:38.568
Tick 277054(276877), Delay 4906 ms, IGT 3:50:41.730, RTA 7:18:44.915-7:18:49.821
Tick 277430(277253), Delay 56 ms, IGT 3:51:00.530, RTA 7:19:08.571-7:19:08.627
Tick 277431(277254), Delay 44 ms, IGT 3:51:00.580, RTA 7:19:08.627-7:19:08.671
Tick 277983(277806), Delay 69 ms, IGT 3:51:28.180, RTA 7:19:36.224-7:19:36.293
Tick 277985(277808), Delay 28 ms, IGT 3:51:28.280, RTA 7:19:36.345-7:19:36.373
Tick 278024(277847), Delay 62 ms, IGT 3:51:30.230, RTA 7:19:38.272-7:19:38.334
Tick 278025(277848), Delay 38 ms, IGT 3:51:30.280, RTA 7:19:38.334-7:19:38.372
Tick 278322(278145), Delay 64 ms, IGT 3:51:45.130, RTA 7:19:53.173-7:19:53.237
Tick 278323(278146), Delay 37 ms, IGT 3:51:45.180, RTA 7:19:53.237-7:19:53.274
Tick 278375(278198), Delay 55 ms, IGT 3:51:47.780, RTA 7:19:55.821-7:19:55.876
Tick 278418(278241), Delay 45 ms, IGT 3:51:49.930, RTA 7:19:57.976-7:19:58.021
Tick 278451(278274), Delay 59 ms, IGT 3:51:51.580, RTA 7:19:59.622-7:19:59.681
Tick 278452(278275), Delay 45 ms, IGT 3:51:51.630, RTA 7:19:59.681-7:19:59.726
Tick 278545(278368), Delay 44 ms, IGT 3:51:56.280, RTA 7:20:04.328-7:20:04.372
Tick 278562(278385), Delay 44 ms, IGT 3:51:57.130, RTA 7:20:05.177-7:20:05.221
Tick 278608(278431), Delay 12413 ms, IGT 3:51:59.430, RTA 7:20:07.472-7:20:19.885
Tick 278619(278442), Delay 34750 ms, IGT 3:51:59.980, RTA 7:20:20.383-7:20:55.133
Tick 278646(278469), Delay 59 ms, IGT 3:52:01.330, RTA 7:20:56.432-7:20:56.491
Tick 278647(278470), Delay 40 ms, IGT 3:52:01.380, RTA 7:20:56.491-7:20:56.531
Tick 278676(278499), Delay 27780 ms, IGT 3:52:02.830, RTA 7:20:57.931-7:21:25.711
Tick 278720(278543), Delay 56 ms, IGT 3:52:05.030, RTA 7:21:27.862-7:21:27.918
Tick 279075(278898), Delay 56 ms, IGT 3:52:22.780, RTA 7:21:45.611-7:21:45.667
Tick 279200(279023), Delay 45 ms, IGT 3:52:29.030, RTA 7:21:51.865-7:21:51.910
Tick 279201(279024), Delay 55 ms, IGT 3:52:29.080, RTA 7:21:51.910-7:21:51.965
Tick 279225(279048), Delay 20190 ms, IGT 3:52:30.280, RTA 7:21:53.112-7:22:13.302
Tick 279255(279078), Delay 17193 ms, IGT 3:52:31.780, RTA 7:22:14.754-7:22:31.947
Tick 279772(279595), Delay 60 ms, IGT 3:52:57.630, RTA 7:22:57.747-7:22:57.807
Tick 279773(279596), Delay 42 ms, IGT 3:52:57.680, RTA 7:22:57.807-7:22:57.849
Tick 280258(280081), Delay 74812 ms, IGT 3:53:21.930, RTA 7:23:22.047-7:24:36.859
Tick 280470(280293), Delay 63 ms, IGT 3:53:32.530, RTA 7:24:47.410-7:24:47.473
Tick 280477(280300), Delay 33 ms, IGT 3:53:32.880, RTA 7:24:47.777-7:24:47.810
Tick 280478(280301), Delay 64 ms, IGT 3:53:32.930, RTA 7:24:47.810-7:24:47.874
Tick 280589(280412), Delay 57 ms, IGT 3:53:38.480, RTA 7:24:53.372-7:24:53.429
Tick 280590(280413), Delay 36 ms, IGT 3:53:38.530, RTA 7:24:53.429-7:24:53.465
Tick 280591(280414), Delay 59 ms, IGT 3:53:38.580, RTA 7:24:53.465-7:24:53.524
Tick 280614(280437), Delay 41 ms, IGT 3:53:39.730, RTA 7:24:54.619-7:24:54.660
Tick 280615(280438), Delay 64 ms, IGT 3:53:39.780, RTA 7:24:54.660-7:24:54.724
Tick 280617(280440), Delay 42 ms, IGT 3:53:39.880, RTA 7:24:54.770-7:24:54.812
Tick 280628(280451), Delay 44 ms, IGT 3:53:40.430, RTA 7:24:55.313-7:24:55.357
Tick 280805(280628), Delay 45 ms, IGT 3:53:49.280, RTA 7:25:04.162-7:25:04.207
Tick 281640(281463), Delay 56 ms, IGT 3:54:31.030, RTA 7:25:45.907-7:25:45.963
Tick 281834(281657), Delay 45 ms, IGT 3:54:40.730, RTA 7:25:55.612-7:25:55.657
Tick 281870(281693), Delay 61 ms, IGT 3:54:42.530, RTA 7:25:57.412-7:25:57.473
Tick 282221(282044), Delay 40 ms, IGT 3:55:00.080, RTA 7:26:14.973-7:26:15.013
Tick 282224(282047), Delay 45 ms, IGT 3:55:00.230, RTA 7:26:15.115-7:26:15.160
Tick 282264(282087), Delay 62 ms, IGT 3:55:02.230, RTA 7:26:17.110-7:26:17.172
Tick 282365(282188), Delay 36 ms, IGT 3:55:07.280, RTA 7:26:22.174-7:26:22.210
Tick 282366(282189), Delay 63 ms, IGT 3:55:07.330, RTA 7:26:22.210-7:26:22.273
Tick 282585(282408), Delay 57 ms, IGT 3:55:18.280, RTA 7:26:33.172-7:26:33.229
Tick 282586(282409), Delay 39 ms, IGT 3:55:18.330, RTA 7:26:33.229-7:26:33.268
Tick 282587(282410), Delay 56 ms, IGT 3:55:18.380, RTA 7:26:33.268-7:26:33.324
Tick 282794(282617), Delay 35 ms, IGT 3:55:28.730, RTA 7:26:43.622-7:26:43.657
Tick 282796(282619), Delay 56 ms, IGT 3:55:28.830, RTA 7:26:43.710-7:26:43.766
Tick 282798(282621), Delay 40 ms, IGT 3:55:28.930, RTA 7:26:43.819-7:26:43.859
Tick 282918(282741), Delay 64 ms, IGT 3:55:34.930, RTA 7:26:49.809-7:26:49.873
Tick 282959(282782), Delay 35 ms, IGT 3:55:36.980, RTA 7:26:51.873-7:26:51.908
Tick 282960(282783), Delay 55 ms, IGT 3:55:37.030, RTA 7:26:51.908-7:26:51.963
Tick 282963(282786), Delay 56 ms, IGT 3:55:37.180, RTA 7:26:52.060-7:26:52.116
Tick 282964(282787), Delay 43 ms, IGT 3:55:37.230, RTA 7:26:52.116-7:26:52.159
Tick 283414(283237), Delay 56 ms, IGT 3:55:59.730, RTA 7:27:14.610-7:27:14.666
Tick 283415(283238), Delay 42 ms, IGT 3:55:59.780, RTA 7:27:14.666-7:27:14.708
Tick 284346(284169), Delay 55 ms, IGT 3:56:46.330, RTA 7:28:01.208-7:28:01.263
Tick 284372(284195), Delay 45 ms, IGT 3:56:47.630, RTA 7:28:02.512-7:28:02.557
Tick 284753(284576), Delay 55 ms, IGT 3:57:06.680, RTA 7:28:21.559-7:28:21.614
Tick 284947(284770), Delay 55 ms, IGT 3:57:16.380, RTA 7:28:31.257-7:28:31.312
Tick 285003(284826), Delay 55 ms, IGT 3:57:19.180, RTA 7:28:34.058-7:28:34.113
Tick 285234(285057), Delay 63 ms, IGT 3:57:30.730, RTA 7:28:45.609-7:28:45.672
Tick 285536(285359), Delay 36 ms, IGT 3:57:45.830, RTA 7:29:00.723-7:29:00.759
Tick 285537(285360), Delay 63 ms, IGT 3:57:45.880, RTA 7:29:00.759-7:29:00.822
Tick 285620(285443), Delay 36 ms, IGT 3:57:50.030, RTA 7:29:04.923-7:29:04.959
Tick 285625(285448), Delay 44 ms, IGT 3:57:50.280, RTA 7:29:05.166-7:29:05.210
Tick 286039(285862), Delay 59 ms, IGT 3:58:10.980, RTA 7:29:25.859-7:29:25.918
Tick 286040(285863), Delay 41 ms, IGT 3:58:11.030, RTA 7:29:25.918-7:29:25.959
Tick 286501(286324), Delay 45 ms, IGT 3:58:34.080, RTA 7:29:48.963-7:29:49.008
Tick 287181(287004), Delay 61 ms, IGT 3:59:08.080, RTA 7:30:22.957-7:30:23.018
Tick 287182(287005), Delay 55 ms, IGT 3:59:08.130, RTA 7:30:23.018-7:30:23.073
Tick 287188(287011), Delay 35 ms, IGT 3:59:08.430, RTA 7:30:23.323-7:30:23.358
Tick 287520(287343), Delay 2229 ms, IGT 3:59:25.030, RTA 7:30:39.911-7:30:42.140
Tick 287842(287665), Delay 26946 ms, IGT 3:59:41.130, RTA 7:30:58.191-7:31:25.137
Tick 287906(287729), Delay 424005 ms, IGT 3:59:44.330, RTA 7:31:28.287-7:38:32.292
Tick 287931(287754), Delay 2678 ms, IGT 3:59:45.580, RTA 7:38:33.492-7:38:36.170
Tick 287937(287760), Delay 3792 ms, IGT 3:59:45.880, RTA 7:38:36.421-7:38:40.213
Tick 288111(287933), Delay 9228 ms, IGT 3:59:54.530, RTA 7:38:48.865-7:38:58.093
Tick 288112(287933), Delay 2422 ms, IGT 3:59:54.530, RTA 7:38:58.093-7:39:00.515
Tick 288113(287933), Delay 93 ms, IGT 3:59:54.530, RTA 7:39:00.515-7:39:00.608, due world load
Tick 288114(287934), Delay 5 ms, IGT 3:59:54.570, RTA 7:39:00.608-7:39:00.613
Tick 288181(288001), Delay 69 ms, IGT 3:59:57.920, RTA 7:39:03.912-7:39:03.981
Tick 288182(288002), Delay 30 ms, IGT 3:59:57.970, RTA 7:39:03.981-7:39:04.011
Tick 288276(288096), Delay 9046 ms, IGT 4:00:02.670, RTA 7:39:08.662-7:39:17.708
Tick 288363(288183), Delay 45 ms, IGT 4:00:07.020, RTA 7:39:22.013-7:39:22.058
Tick 288402(288222), Delay 99 ms, IGT 4:00:08.970, RTA 7:39:23.958-7:39:24.057
Tick 288403(288223), Delay 6 ms, IGT 4:00:09.020, RTA 7:39:24.057-7:39:24.063
Tick 288411(288231), Delay 56 ms, IGT 4:00:09.420, RTA 7:39:24.406-7:39:24.462
Tick 288666(288486), Delay 55 ms, IGT 4:00:22.170, RTA 7:39:37.158-7:39:37.213
Tick 288668(288488), Delay 55 ms, IGT 4:00:22.270, RTA 7:39:37.260-7:39:37.315
Tick 288716(288536), Delay 45 ms, IGT 4:00:24.670, RTA 7:39:39.662-7:39:39.707
Tick 289018(288838), Delay 45 ms, IGT 4:00:39.770, RTA 7:39:54.763-7:39:54.808
Tick 289061(288881), Delay 45 ms, IGT 4:00:41.920, RTA 7:39:56.913-7:39:56.958
Tick 289121(288941), Delay 12998 ms, IGT 4:00:44.920, RTA 7:39:59.910-7:40:12.908
Tick 289130(288950), Delay 44 ms, IGT 4:00:45.370, RTA 7:40:13.313-7:40:13.357
Tick 289202(289022), Delay 55 ms, IGT 4:00:48.970, RTA 7:40:16.911-7:40:16.966
Tick 289203(289023), Delay 44 ms, IGT 4:00:49.020, RTA 7:40:16.966-7:40:17.010
Tick 289233(289053), Delay 55 ms, IGT 4:00:50.520, RTA 7:40:18.458-7:40:18.513
Tick 289286(289106), Delay 55 ms, IGT 4:00:53.170, RTA 7:40:21.108-7:40:21.163
Tick 289306(289126), Delay 57 ms, IGT 4:00:54.170, RTA 7:40:22.108-7:40:22.165
Tick 289307(289127), Delay 45 ms, IGT 4:00:54.220, RTA 7:40:22.165-7:40:22.210
Tick 289309(289129), Delay 55 ms, IGT 4:00:54.320, RTA 7:40:22.257-7:40:22.312
Tick 289314(289134), Delay 45 ms, IGT 4:00:54.570, RTA 7:40:22.512-7:40:22.557
Tick 289422(289242), Delay 9618 ms, IGT 4:00:59.970, RTA 7:40:27.910-7:40:37.528
Tick 289451(289271), Delay 45 ms, IGT 4:01:01.420, RTA 7:40:38.931-7:40:38.976
Tick 289697(289517), Delay 56 ms, IGT 4:01:13.720, RTA 7:40:51.226-7:40:51.282
Tick 289698(289518), Delay 44 ms, IGT 4:01:13.770, RTA 7:40:51.282-7:40:51.326
Tick 289720(289540), Delay 56 ms, IGT 4:01:14.870, RTA 7:40:52.377-7:40:52.433
Tick 289738(289558), Delay 45 ms, IGT 4:01:15.770, RTA 7:40:53.280-7:40:53.325
Tick 289777(289597), Delay 55 ms, IGT 4:01:17.720, RTA 7:40:55.225-7:40:55.280
Tick 289799(289619), Delay 45 ms, IGT 4:01:18.820, RTA 7:40:56.331-7:40:56.376
Tick 289816(289636), Delay 55 ms, IGT 4:01:19.670, RTA 7:40:57.177-7:40:57.232
Tick 289923(289743), Delay 45 ms, IGT 4:01:25.020, RTA 7:41:02.531-7:41:02.576
Tick 289936(289756), Delay 55 ms, IGT 4:01:25.670, RTA 7:41:03.176-7:41:03.231
Tick 289937(289757), Delay 45 ms, IGT 4:01:25.720, RTA 7:41:03.231-7:41:03.276
Tick 290048(289868), Delay 55 ms, IGT 4:01:31.270, RTA 7:41:08.776-7:41:08.831
Tick 290199(290019), Delay 55 ms, IGT 4:01:38.820, RTA 7:41:16.325-7:41:16.380
Tick 290203(290023), Delay 45 ms, IGT 4:01:39.020, RTA 7:41:16.532-7:41:16.577
Tick 290205(290025), Delay 17450 ms, IGT 4:01:39.120, RTA 7:41:16.627-7:41:34.077
Tick 290218(290038), Delay 25693 ms, IGT 4:01:39.770, RTA 7:41:34.678-7:42:00.371
Tick 290259(290079), Delay 4399 ms, IGT 4:01:41.820, RTA 7:42:02.372-7:42:06.771
Tick 290269(290089), Delay 58 ms, IGT 4:01:42.320, RTA 7:42:07.223-7:42:07.281
Tick 290289(290109), Delay 3054 ms, IGT 4:01:43.320, RTA 7:42:08.229-7:42:11.283
Tick 290719(290539), Delay 55 ms, IGT 4:02:04.820, RTA 7:42:32.732-7:42:32.787
Tick 290950(290770), Delay 55 ms, IGT 4:02:16.370, RTA 7:42:44.281-7:42:44.336
Tick 291005(290825), Delay 5545 ms, IGT 4:02:19.120, RTA 7:42:47.035-7:42:52.580
Tick 291033(290853), Delay 60 ms, IGT 4:02:20.520, RTA 7:42:53.930-7:42:53.990
Tick 291034(290854), Delay 41 ms, IGT 4:02:20.570, RTA 7:42:53.990-7:42:54.031
Tick 291110(290930), Delay 57 ms, IGT 4:02:24.370, RTA 7:42:57.780-7:42:57.837
Tick 291111(290931), Delay 43 ms, IGT 4:02:24.420, RTA 7:42:57.837-7:42:57.880
Tick 291134(290954), Delay 57 ms, IGT 4:02:25.570, RTA 7:42:58.980-7:42:59.037
Tick 291135(290955), Delay 45 ms, IGT 4:02:25.620, RTA 7:42:59.037-7:42:59.082
Tick 291211(291031), Delay 149 ms, IGT 4:02:29.420, RTA 7:43:02.833-7:43:02.982
Tick 291212(291032), Delay 0 ms, IGT 4:02:29.470, RTA 7:43:02.982-7:43:02.982
Tick 291213(291033), Delay 1 ms, IGT 4:02:29.520, RTA 7:43:02.982-7:43:02.983
Tick 291220(291040), Delay 55 ms, IGT 4:02:29.870, RTA 7:43:03.281-7:43:03.336
Tick 291221(291041), Delay 45 ms, IGT 4:02:29.920, RTA 7:43:03.336-7:43:03.381
Tick 291231(291051), Delay 55 ms, IGT 4:02:30.420, RTA 7:43:03.831-7:43:03.886
Tick 291241(291061), Delay 45 ms, IGT 4:02:30.920, RTA 7:43:04.336-7:43:04.381
Tick 291254(291074), Delay 45 ms, IGT 4:02:31.570, RTA 7:43:04.985-7:43:05.030
Tick 291369(291189), Delay 59 ms, IGT 4:02:37.320, RTA 7:43:10.731-7:43:10.790
Tick 291370(291190), Delay 41 ms, IGT 4:02:37.370, RTA 7:43:10.790-7:43:10.831
Tick 291470(291290), Delay 55 ms, IGT 4:02:42.370, RTA 7:43:15.780-7:43:15.835
Tick 291501(291321), Delay 45 ms, IGT 4:02:43.920, RTA 7:43:17.336-7:43:17.381
Tick 291623(291443), Delay 55 ms, IGT 4:02:50.020, RTA 7:43:23.430-7:43:23.485
Tick 291915(291735), Delay 24286 ms, IGT 4:03:04.620, RTA 7:43:38.033-7:44:02.319
Tick 291952(291772), Delay 79 ms, IGT 4:03:06.470, RTA 7:44:04.118-7:44:04.197
Tick 291953(291773), Delay 22 ms, IGT 4:03:06.520, RTA 7:44:04.197-7:44:04.219
Tick 291959(291779), Delay 12250 ms, IGT 4:03:06.820, RTA 7:44:04.470-7:44:16.720
Tick 292089(291909), Delay 71 ms, IGT 4:03:13.320, RTA 7:44:23.170-7:44:23.241
Tick 292090(291910), Delay 35 ms, IGT 4:03:13.370, RTA 7:44:23.241-7:44:23.276
Tick 292091(291911), Delay 45 ms, IGT 4:03:13.420, RTA 7:44:23.276-7:44:23.321
Tick 292093(291913), Delay 45 ms, IGT 4:03:13.520, RTA 7:44:23.375-7:44:23.420
Tick 292105(291925), Delay 159 ms, IGT 4:03:14.120, RTA 7:44:23.970-7:44:24.129
Tick 292106(291926), Delay 0 ms, IGT 4:03:14.170, RTA 7:44:24.129-7:44:24.129
Tick 292107(291927), Delay 1 ms, IGT 4:03:14.220, RTA 7:44:24.129-7:44:24.130
Tick 292108(291928), Delay 43 ms, IGT 4:03:14.270, RTA 7:44:24.130-7:44:24.173
Tick 292115(291935), Delay 55 ms, IGT 4:03:14.620, RTA 7:44:24.469-7:44:24.524
Tick 292117(291937), Delay 45 ms, IGT 4:03:14.720, RTA 7:44:24.575-7:44:24.620
Tick 292129(291949), Delay 57 ms, IGT 4:03:15.320, RTA 7:44:25.168-7:44:25.225
Tick 292130(291950), Delay 43 ms, IGT 4:03:15.370, RTA 7:44:25.225-7:44:25.268
Tick 292131(291951), Delay 56 ms, IGT 4:03:15.420, RTA 7:44:25.268-7:44:25.324
Tick 292136(291956), Delay 45 ms, IGT 4:03:15.670, RTA 7:44:25.524-7:44:25.569
Tick 292166(291986), Delay 44 ms, IGT 4:03:17.170, RTA 7:44:27.024-7:44:27.068
Tick 292350(292170), Delay 55 ms, IGT 4:03:26.370, RTA 7:44:36.218-7:44:36.273
Tick 292351(292171), Delay 64 ms, IGT 4:03:26.420, RTA 7:44:36.273-7:44:36.337
Tick 292352(292172), Delay 35 ms, IGT 4:03:26.470, RTA 7:44:36.337-7:44:36.372
Tick 292368(292188), Delay 55 ms, IGT 4:03:27.270, RTA 7:44:37.118-7:44:37.173
Tick 292373(292193), Delay 56 ms, IGT 4:03:27.520, RTA 7:44:37.370-7:44:37.426
Tick 292374(292194), Delay 44 ms, IGT 4:03:27.570, RTA 7:44:37.426-7:44:37.470
Tick 292428(292248), Delay 45 ms, IGT 4:03:30.270, RTA 7:44:40.128-7:44:40.173
Tick 292904(292724), Delay 55 ms, IGT 4:03:54.070, RTA 7:45:03.919-7:45:03.974
Tick 292964(292784), Delay 56 ms, IGT 4:03:57.070, RTA 7:45:06.919-7:45:06.975
Tick 293093(292913), Delay 55 ms, IGT 4:04:03.520, RTA 7:45:13.369-7:45:13.424
Tick 293094(292914), Delay 45 ms, IGT 4:04:03.570, RTA 7:45:13.424-7:45:13.469
Tick 293164(292984), Delay 55 ms, IGT 4:04:07.070, RTA 7:45:16.918-7:45:16.973
Tick 293208(293028), Delay 56 ms, IGT 4:04:09.270, RTA 7:45:19.118-7:45:19.174
Tick 293237(293057), Delay 45 ms, IGT 4:04:10.720, RTA 7:45:20.573-7:45:20.618
Tick 293285(293105), Delay 55 ms, IGT 4:04:13.120, RTA 7:45:22.968-7:45:23.023
Tick 293318(293138), Delay 45 ms, IGT 4:04:14.770, RTA 7:45:24.623-7:45:24.668
Tick 293386(293206), Delay 56 ms, IGT 4:04:18.170, RTA 7:45:28.018-7:45:28.074
Tick 293387(293207), Delay 45 ms, IGT 4:04:18.220, RTA 7:45:28.074-7:45:28.119
Tick 293443(293263), Delay 45 ms, IGT 4:04:21.020, RTA 7:45:30.874-7:45:30.919
Tick 293508(293328), Delay 45 ms, IGT 4:04:24.270, RTA 7:45:34.123-7:45:34.168
Tick 293509(293329), Delay 55 ms, IGT 4:04:24.320, RTA 7:45:34.168-7:45:34.223
Tick 293511(293331), Delay 45 ms, IGT 4:04:24.420, RTA 7:45:34.274-7:45:34.319
Tick 293532(293352), Delay 378 ms, IGT 4:04:25.470, RTA 7:45:35.322-7:45:35.700
Tick 293547(293367), Delay 4571 ms, IGT 4:04:26.220, RTA 7:45:36.400-7:45:40.971
Tick 293588(293408), Delay 16231 ms, IGT 4:04:28.270, RTA 7:45:42.971-7:45:59.202
Tick 293617(293437), Delay 55 ms, IGT 4:04:29.720, RTA 7:46:00.603-7:46:00.658
Tick 293619(293439), Delay 45 ms, IGT 4:04:29.820, RTA 7:46:00.707-7:46:00.752
Tick 293660(293480), Delay 3867 ms, IGT 4:04:31.870, RTA 7:46:02.753-7:46:06.620
Tick 293703(293523), Delay 57 ms, IGT 4:04:34.020, RTA 7:46:08.719-7:46:08.776
Tick 293704(293524), Delay 45 ms, IGT 4:04:34.070, RTA 7:46:08.776-7:46:08.821
Tick 294054(293874), Delay 56 ms, IGT 4:04:51.570, RTA 7:46:26.269-7:46:26.325
Tick 294055(293875), Delay 45 ms, IGT 4:04:51.620, RTA 7:46:26.325-7:46:26.370
Tick 294397(294217), Delay 55 ms, IGT 4:05:08.720, RTA 7:46:43.419-7:46:43.474
Tick 294439(294259), Delay 1542 ms, IGT 4:05:10.820, RTA 7:46:45.521-7:46:47.063
Tick 294744(294564), Delay 58 ms, IGT 4:05:26.070, RTA 7:47:02.262-7:47:02.320
Tick 294745(294565), Delay 42 ms, IGT 4:05:26.120, RTA 7:47:02.320-7:47:02.362
Tick 295130(294950), Delay 69 ms, IGT 4:05:45.370, RTA 7:47:21.562-7:47:21.631
Tick 295131(294951), Delay 35 ms, IGT 4:05:45.420, RTA 7:47:21.631-7:47:21.666
Tick 295145(294965), Delay 173 ms, IGT 4:05:46.120, RTA 7:47:22.314-7:47:22.487
Tick 295146(294966), Delay 1 ms, IGT 4:05:46.170, RTA 7:47:22.487-7:47:22.488
Tick 295147(294967), Delay 0 ms, IGT 4:05:46.220, RTA 7:47:22.488-7:47:22.488
Tick 295148(294968), Delay 28 ms, IGT 4:05:46.270, RTA 7:47:22.488-7:47:22.516
Tick 295157(294977), Delay 160 ms, IGT 4:05:46.720, RTA 7:47:22.915-7:47:23.075
Tick 295158(294978), Delay 0 ms, IGT 4:05:46.770, RTA 7:47:23.075-7:47:23.075
Tick 295159(294979), Delay 0 ms, IGT 4:05:46.820, RTA 7:47:23.075-7:47:23.075
Tick 295160(294980), Delay 38 ms, IGT 4:05:46.870, RTA 7:47:23.075-7:47:23.113
Tick 295321(295141), Delay 57 ms, IGT 4:05:54.920, RTA 7:47:31.111-7:47:31.168
Tick 295322(295142), Delay 45 ms, IGT 4:05:54.970, RTA 7:47:31.168-7:47:31.213
Tick 295444(295264), Delay 69 ms, IGT 4:06:01.070, RTA 7:47:37.261-7:47:37.330
Tick 295445(295265), Delay 34 ms, IGT 4:06:01.120, RTA 7:47:37.330-7:47:37.364
Tick 295561(295381), Delay 56 ms, IGT 4:06:06.920, RTA 7:47:43.113-7:47:43.169
Tick 295562(295382), Delay 43 ms, IGT 4:06:06.970, RTA 7:47:43.169-7:47:43.212
Tick 296103(295923), Delay 150 ms, IGT 4:06:34.020, RTA 7:48:10.212-7:48:10.362
Tick 296104(295924), Delay 1 ms, IGT 4:06:34.070, RTA 7:48:10.362-7:48:10.363
Tick 296105(295925), Delay 7 ms, IGT 4:06:34.120, RTA 7:48:10.363-7:48:10.370
Tick 296106(295926), Delay 41 ms, IGT 4:06:34.170, RTA 7:48:10.370-7:48:10.411
Tick 296107(295927), Delay 55 ms, IGT 4:06:34.220, RTA 7:48:10.411-7:48:10.466
Tick 296122(295942), Delay 44 ms, IGT 4:06:34.970, RTA 7:48:11.168-7:48:11.212
Tick 296181(296001), Delay 60 ms, IGT 4:06:37.920, RTA 7:48:14.114-7:48:14.174
Tick 296182(296002), Delay 39 ms, IGT 4:06:37.970, RTA 7:48:14.174-7:48:14.213
Tick 296190(296010), Delay 64 ms, IGT 4:06:38.370, RTA 7:48:14.564-7:48:14.628
Tick 296191(296011), Delay 152 ms, IGT 4:06:38.420, RTA 7:48:14.628-7:48:14.780
Tick 296192(296012), Delay 2 ms, IGT 4:06:38.470, RTA 7:48:14.780-7:48:14.782
Tick 296193(296013), Delay 0 ms, IGT 4:06:38.520, RTA 7:48:14.782-7:48:14.782
Tick 296194(296014), Delay 33 ms, IGT 4:06:38.570, RTA 7:48:14.782-7:48:14.815
Tick 296199(296019), Delay 55 ms, IGT 4:06:38.820, RTA 7:48:15.012-7:48:15.067
Tick 296228(296048), Delay 151 ms, IGT 4:06:40.270, RTA 7:48:16.462-7:48:16.613
Tick 296229(296049), Delay 18 ms, IGT 4:06:40.320, RTA 7:48:16.613-7:48:16.631
Tick 296230(296050), Delay 1 ms, IGT 4:06:40.370, RTA 7:48:16.631-7:48:16.632
Tick 296231(296051), Delay 32 ms, IGT 4:06:40.420, RTA 7:48:16.632-7:48:16.664
Tick 296241(296061), Delay 55 ms, IGT 4:06:40.920, RTA 7:48:17.113-7:48:17.168
Tick 296242(296062), Delay 44 ms, IGT 4:06:40.970, RTA 7:48:17.168-7:48:17.212
Tick 296260(296080), Delay 55 ms, IGT 4:06:41.870, RTA 7:48:18.061-7:48:18.116
Tick 296269(296089), Delay 143 ms, IGT 4:06:42.320, RTA 7:48:18.514-7:48:18.657
Tick 296270(296090), Delay 18 ms, IGT 4:06:42.370, RTA 7:48:18.656-7:48:18.674
Tick 296271(296091), Delay 1 ms, IGT 4:06:42.420, RTA 7:48:18.674-7:48:18.675
Tick 296272(296092), Delay 36 ms, IGT 4:06:42.470, RTA 7:48:18.675-7:48:18.711
Tick 296301(296121), Delay 69 ms, IGT 4:06:43.920, RTA 7:48:20.113-7:48:20.182
Tick 296302(296122), Delay 32 ms, IGT 4:06:43.970, RTA 7:48:20.182-7:48:20.214
Tick 296313(296133), Delay 69 ms, IGT 4:06:44.520, RTA 7:48:20.713-7:48:20.782
Tick 296314(296134), Delay 137 ms, IGT 4:06:44.570, RTA 7:48:20.782-7:48:20.919
Tick 296315(296135), Delay 1 ms, IGT 4:06:44.620, RTA 7:48:20.919-7:48:20.920
Tick 296316(296136), Delay 0 ms, IGT 4:06:44.670, RTA 7:48:20.920-7:48:20.920
Tick 296317(296137), Delay 45 ms, IGT 4:06:44.720, RTA 7:48:20.920-7:48:20.965
Tick 296319(296139), Delay 55 ms, IGT 4:06:44.820, RTA 7:48:21.012-7:48:21.067
Tick 296325(296145), Delay 45 ms, IGT 4:06:45.120, RTA 7:48:21.319-7:48:21.364
Tick 296332(296152), Delay 55 ms, IGT 4:06:45.470, RTA 7:48:21.661-7:48:21.716
Tick 296336(296156), Delay 55 ms, IGT 4:06:45.670, RTA 7:48:21.862-7:48:21.917
Tick 296337(296157), Delay 44 ms, IGT 4:06:45.720, RTA 7:48:21.917-7:48:21.961
Tick 296349(296169), Delay 144 ms, IGT 4:06:46.320, RTA 7:48:22.512-7:48:22.656
Tick 296350(296170), Delay 17 ms, IGT 4:06:46.370, RTA 7:48:22.656-7:48:22.673
Tick 296351(296171), Delay 1 ms, IGT 4:06:46.420, RTA 7:48:22.673-7:48:22.674
Tick 296352(296172), Delay 40 ms, IGT 4:06:46.470, RTA 7:48:22.674-7:48:22.714
Tick 296363(296183), Delay 78 ms, IGT 4:06:47.020, RTA 7:48:23.214-7:48:23.292
Tick 296364(296184), Delay 36 ms, IGT 4:06:47.070, RTA 7:48:23.292-7:48:23.328
Tick 296365(296185), Delay 37 ms, IGT 4:06:47.120, RTA 7:48:23.328-7:48:23.365
Tick 296367(296187), Delay 45 ms, IGT 4:06:47.220, RTA 7:48:23.416-7:48:23.461
Tick 296374(296194), Delay 45 ms, IGT 4:06:47.570, RTA 7:48:23.767-7:48:23.812
Tick 296393(296213), Delay 45 ms, IGT 4:06:48.520, RTA 7:48:24.716-7:48:24.761
Tick 296405(296225), Delay 64 ms, IGT 4:06:49.120, RTA 7:48:25.313-7:48:25.377
Tick 296406(296226), Delay 38 ms, IGT 4:06:49.170, RTA 7:48:25.377-7:48:25.415
Tick 296441(296261), Delay 55 ms, IGT 4:06:50.920, RTA 7:48:27.112-7:48:27.167
Tick 296502(296322), Delay 164 ms, IGT 4:06:53.970, RTA 7:48:30.163-7:48:30.327
Tick 296503(296323), Delay 0 ms, IGT 4:06:54.020, RTA 7:48:30.327-7:48:30.327
Tick 296504(296324), Delay 1 ms, IGT 4:06:54.070, RTA 7:48:30.327-7:48:30.328
Tick 296505(296325), Delay 38 ms, IGT 4:06:54.120, RTA 7:48:30.328-7:48:30.366
Tick 296514(296334), Delay 158 ms, IGT 4:06:54.570, RTA 7:48:30.765-7:48:30.923
Tick 296515(296335), Delay 1 ms, IGT 4:06:54.620, RTA 7:48:30.923-7:48:30.924
Tick 296516(296336), Delay 0 ms, IGT 4:06:54.670, RTA 7:48:30.924-7:48:30.924
Tick 296517(296337), Delay 37 ms, IGT 4:06:54.720, RTA 7:48:30.924-7:48:30.961
Tick 296540(296360), Delay 57 ms, IGT 4:06:55.870, RTA 7:48:32.061-7:48:32.118
Tick 296545(296365), Delay 69 ms, IGT 4:06:56.120, RTA 7:48:32.314-7:48:32.383
Tick 296546(296366), Delay 29 ms, IGT 4:06:56.170, RTA 7:48:32.383-7:48:32.412
Tick 296552(296372), Delay 160 ms, IGT 4:06:56.470, RTA 7:48:32.661-7:48:32.821
Tick 296553(296373), Delay 0 ms, IGT 4:06:56.520, RTA 7:48:32.821-7:48:32.821
Tick 296554(296374), Delay 1 ms, IGT 4:06:56.570, RTA 7:48:32.821-7:48:32.822
Tick 296555(296375), Delay 45 ms, IGT 4:06:56.620, RTA 7:48:32.822-7:48:32.867
Tick 296564(296384), Delay 161 ms, IGT 4:06:57.070, RTA 7:48:33.263-7:48:33.424
Tick 296565(296385), Delay 1 ms, IGT 4:06:57.120, RTA 7:48:33.424-7:48:33.425
Tick 296566(296386), Delay 0 ms, IGT 4:06:57.170, RTA 7:48:33.425-7:48:33.425
Tick 296567(296387), Delay 38 ms, IGT 4:06:57.220, RTA 7:48:33.425-7:48:33.463
Tick 296576(296396), Delay 163 ms, IGT 4:06:57.670, RTA 7:48:33.863-7:48:34.026
Tick 296577(296397), Delay 1 ms, IGT 4:06:57.720, RTA 7:48:34.026-7:48:34.027
Tick 296578(296398), Delay 1 ms, IGT 4:06:57.770, RTA 7:48:34.027-7:48:34.028
Tick 296579(296399), Delay 34 ms, IGT 4:06:57.820, RTA 7:48:34.028-7:48:34.062
Tick 296856(296676), Delay 165 ms, IGT 4:07:11.670, RTA 7:48:47.862-7:48:48.027
Tick 296857(296677), Delay 0 ms, IGT 4:07:11.720, RTA 7:48:48.027-7:48:48.027
Tick 296858(296678), Delay 1 ms, IGT 4:07:11.770, RTA 7:48:48.027-7:48:48.028
Tick 296859(296679), Delay 38 ms, IGT 4:07:11.820, RTA 7:48:48.028-7:48:48.066
Tick 296868(296688), Delay 188 ms, IGT 4:07:12.270, RTA 7:48:48.462-7:48:48.650
Tick 296869(296689), Delay 1 ms, IGT 4:07:12.320, RTA 7:48:48.650-7:48:48.651
Tick 296870(296690), Delay 1 ms, IGT 4:07:12.370, RTA 7:48:48.651-7:48:48.652
Tick 296871(296691), Delay 10 ms, IGT 4:07:12.420, RTA 7:48:48.652-7:48:48.662
Tick 296876(296696), Delay 45 ms, IGT 4:07:12.670, RTA 7:48:48.866-7:48:48.911
Tick 296883(296703), Delay 157 ms, IGT 4:07:13.020, RTA 7:48:49.213-7:48:49.370
Tick 296884(296704), Delay 1 ms, IGT 4:07:13.070, RTA 7:48:49.370-7:48:49.371
Tick 296885(296705), Delay 8 ms, IGT 4:07:13.120, RTA 7:48:49.371-7:48:49.379
Tick 296886(296706), Delay 34 ms, IGT 4:07:13.170, RTA 7:48:49.379-7:48:49.413
Tick 296895(296715), Delay 168 ms, IGT 4:07:13.620, RTA 7:48:49.813-7:48:49.981
Tick 296896(296716), Delay 1 ms, IGT 4:07:13.670, RTA 7:48:49.981-7:48:49.982
Tick 296897(296717), Delay 0 ms, IGT 4:07:13.720, RTA 7:48:49.982-7:48:49.982
Tick 296898(296718), Delay 32 ms, IGT 4:07:13.770, RTA 7:48:49.982-7:48:50.014
Tick 296986(296806), Delay 45 ms, IGT 4:07:18.170, RTA 7:48:54.366-7:48:54.411
Tick 297082(296902), Delay 57 ms, IGT 4:07:22.970, RTA 7:48:59.162-7:48:59.219
Tick 297094(296914), Delay 67 ms, IGT 4:07:23.570, RTA 7:48:59.763-7:48:59.830
Tick 297095(296915), Delay 32 ms, IGT 4:07:23.620, RTA 7:48:59.830-7:48:59.862
Tick 297112(296932), Delay 55 ms, IGT 4:07:24.470, RTA 7:49:00.661-7:49:00.716
Tick 297210(297029), Delay 77 ms, IGT 4:07:29.320, RTA 7:49:05.564-7:49:05.641, due world load
Tick 297211(297030), Delay 23 ms, IGT 4:07:29.364, RTA 7:49:05.641-7:49:05.664
Tick 297213(297032), Delay 68 ms, IGT 4:07:29.464, RTA 7:49:05.712-7:49:05.780
Tick 297214(297033), Delay 34 ms, IGT 4:07:29.514, RTA 7:49:05.780-7:49:05.814
Tick 297219(297038), Delay 55 ms, IGT 4:07:29.764, RTA 7:49:06.011-7:49:06.066
Tick 297242(297061), Delay 84 ms, IGT 4:07:30.914, RTA 7:49:07.164-7:49:07.248
Tick 297243(297062), Delay 14 ms, IGT 4:07:30.964, RTA 7:49:07.248-7:49:07.262
Tick 297244(297063), Delay 57 ms, IGT 4:07:31.014, RTA 7:49:07.262-7:49:07.319
Tick 297246(297065), Delay 44 ms, IGT 4:07:31.114, RTA 7:49:07.372-7:49:07.416
Tick 297254(297073), Delay 139 ms, IGT 4:07:31.466, RTA 7:49:07.764-7:49:07.903
Tick 297255(297074), Delay 0 ms, IGT 4:07:31.516, RTA 7:49:07.903-7:49:07.903
Tick 297256(297075), Delay 17 ms, IGT 4:07:31.566, RTA 7:49:07.903-7:49:07.920
Tick 297308(297126), Delay 90 ms, IGT 4:07:34.116, RTA 7:49:10.467-7:49:10.557, due world load
Tick 297309(297127), Delay 13 ms, IGT 4:07:34.163, RTA 7:49:10.557-7:49:10.570
Tick 297310(297128), Delay 43 ms, IGT 4:07:34.213, RTA 7:49:10.570-7:49:10.613
Tick 297311(297129), Delay 55 ms, IGT 4:07:34.263, RTA 7:49:10.613-7:49:10.668
Tick 297313(297131), Delay 81 ms, IGT 4:07:34.363, RTA 7:49:10.714-7:49:10.795
Tick 297314(297132), Delay 19 ms, IGT 4:07:34.413, RTA 7:49:10.795-7:49:10.814
Tick 297316(297134), Delay 96 ms, IGT 4:07:34.513, RTA 7:49:10.862-7:49:10.958
Tick 297317(297135), Delay 7 ms, IGT 4:07:34.563, RTA 7:49:10.958-7:49:10.965
Tick 297325(297143), Delay 55 ms, IGT 4:07:34.963, RTA 7:49:11.312-7:49:11.367
Tick 297338(297156), Delay 55 ms, IGT 4:07:35.613, RTA 7:49:11.963-7:49:12.018
Tick 297339(297157), Delay 45 ms, IGT 4:07:35.663, RTA 7:49:12.018-7:49:12.063
Tick 297386(297204), Delay 79 ms, IGT 4:07:38.013, RTA 7:49:14.366-7:49:14.445
Tick 297387(297205), Delay 20 ms, IGT 4:07:38.063, RTA 7:49:14.445-7:49:14.465
Tick 297470(297288), Delay 45 ms, IGT 4:07:42.213, RTA 7:49:18.567-7:49:18.612
Tick 297665(297483), Delay 55 ms, IGT 4:07:51.963, RTA 7:49:28.311-7:49:28.366
Tick 297787(297604), Delay 136 ms, IGT 4:07:58.013, RTA 7:49:34.413-7:49:34.549, due world load
Tick 297788(297604), Delay 1 ms, IGT 4:07:58.013, RTA 7:49:34.549-7:49:34.550, due world load
Tick 297789(297605), Delay 15 ms, IGT 4:07:58.053, RTA 7:49:34.550-7:49:34.565
Tick 297810(297626), Delay 79 ms, IGT 4:07:59.103, RTA 7:49:35.564-7:49:35.643
Tick 297811(297627), Delay 22 ms, IGT 4:07:59.153, RTA 7:49:35.643-7:49:35.665
Tick 297825(297641), Delay 55 ms, IGT 4:07:59.853, RTA 7:49:36.315-7:49:36.370
Tick 297885(297701), Delay 45 ms, IGT 4:08:02.853, RTA 7:49:39.319-7:49:39.364
Tick 298096(297912), Delay 55 ms, IGT 4:08:13.403, RTA 7:49:49.865-7:49:49.920
Tick 298223(298039), Delay 760 ms, IGT 4:08:19.753, RTA 7:49:56.217-7:49:56.977
Tick 298234(298050), Delay 289 ms, IGT 4:08:20.303, RTA 7:49:57.478-7:49:57.767
Tick 298246(298062), Delay 1134 ms, IGT 4:08:20.903, RTA 7:49:58.316-7:49:59.450
Tick 298288(298104), Delay 45 ms, IGT 4:08:23.003, RTA 7:50:01.505-7:50:01.550
Tick 298323(298139), Delay 55 ms, IGT 4:08:24.753, RTA 7:50:03.251-7:50:03.306
Tick 298324(298140), Delay 45 ms, IGT 4:08:24.803, RTA 7:50:03.306-7:50:03.351
Tick 299179(298995), Delay 57 ms, IGT 4:09:07.553, RTA 7:50:46.052-7:50:46.109
Tick 299180(298996), Delay 44 ms, IGT 4:09:07.603, RTA 7:50:46.109-7:50:46.153
Tick 299374(299190), Delay 56 ms, IGT 4:09:17.303, RTA 7:50:55.800-7:50:55.856
Tick 299375(299191), Delay 44 ms, IGT 4:09:17.353, RTA 7:50:55.856-7:50:55.900
Tick 299400(299216), Delay 55 ms, IGT 4:09:18.603, RTA 7:50:57.100-7:50:57.155
Tick 299416(299232), Delay 652 ms, IGT 4:09:19.403, RTA 7:50:57.904-7:50:58.556
Tick 299455(299271), Delay 1204 ms, IGT 4:09:21.353, RTA 7:51:00.455-7:51:01.659
Tick 299469(299285), Delay 895 ms, IGT 4:09:22.053, RTA 7:51:02.308-7:51:03.203
Tick 299475(299291), Delay 299 ms, IGT 4:09:22.353, RTA 7:51:03.453-7:51:03.752
Tick 299480(299296), Delay 248 ms, IGT 4:09:22.603, RTA 7:51:03.953-7:51:04.201
Tick 299486(299302), Delay 373 ms, IGT 4:09:22.903, RTA 7:51:04.452-7:51:04.825
Tick 299490(299306), Delay 499 ms, IGT 4:09:23.103, RTA 7:51:04.973-7:51:05.472
Tick 299495(299311), Delay 56 ms, IGT 4:09:23.353, RTA 7:51:05.670-7:51:05.726
Tick 299508(299324), Delay 55 ms, IGT 4:09:24.003, RTA 7:51:06.322-7:51:06.377
Tick 299509(299325), Delay 44 ms, IGT 4:09:24.053, RTA 7:51:06.377-7:51:06.421
Tick 299512(299328), Delay 928 ms, IGT 4:09:24.203, RTA 7:51:06.522-7:51:07.450
Tick 300064(299880), Delay 56 ms, IGT 4:09:51.803, RTA 7:51:35.002-7:51:35.058
Tick 300065(299881), Delay 42 ms, IGT 4:09:51.853, RTA 7:51:35.058-7:51:35.100
Tick 300183(299999), Delay 55 ms, IGT 4:09:57.753, RTA 7:51:40.949-7:51:41.004
Tick 300234(300050), Delay 45 ms, IGT 4:10:00.303, RTA 7:51:43.504-7:51:43.549
Tick 300361(300177), Delay 55 ms, IGT 4:10:06.653, RTA 7:51:49.849-7:51:49.904
Tick 300496(300312), Delay 44 ms, IGT 4:10:13.403, RTA 7:51:56.605-7:51:56.649
Tick 300851(300667), Delay 56 ms, IGT 4:10:31.153, RTA 7:52:14.349-7:52:14.405
Tick 300852(300668), Delay 45 ms, IGT 4:10:31.203, RTA 7:52:14.405-7:52:14.450
Tick 300863(300679), Delay 55 ms, IGT 4:10:31.753, RTA 7:52:14.948-7:52:15.003
Tick 300875(300691), Delay 45 ms, IGT 4:10:32.353, RTA 7:52:15.555-7:52:15.600
Tick 301074(300890), Delay 45 ms, IGT 4:10:42.303, RTA 7:52:25.504-7:52:25.549
Tick 301349(301165), Delay 61 ms, IGT 4:10:56.053, RTA 7:52:39.251-7:52:39.312
Tick 301350(301166), Delay 38 ms, IGT 4:10:56.103, RTA 7:52:39.312-7:52:39.350
Tick 301484(301300), Delay 45 ms, IGT 4:11:02.803, RTA 7:52:46.005-7:52:46.050
Tick 301607(301422), Delay 88 ms, IGT 4:11:08.903, RTA 7:52:52.151-7:52:52.239, due world load
Tick 301609(301424), Delay 81 ms, IGT 4:11:09.000, RTA 7:52:52.285-7:52:52.366
Tick 301610(301425), Delay 21 ms, IGT 4:11:09.050, RTA 7:52:52.366-7:52:52.387
Tick 301625(301440), Delay 56 ms, IGT 4:11:09.800, RTA 7:52:53.089-7:52:53.145
Tick 301636(301451), Delay 62 ms, IGT 4:11:10.350, RTA 7:52:53.636-7:52:53.698
Tick 301637(301452), Delay 38 ms, IGT 4:11:10.400, RTA 7:52:53.698-7:52:53.736
Tick 301642(301457), Delay 55 ms, IGT 4:11:10.650, RTA 7:52:53.935-7:52:53.990
Tick 301666(301481), Delay 55 ms, IGT 4:11:11.850, RTA 7:52:55.136-7:52:55.191
Tick 301720(301535), Delay 45 ms, IGT 4:11:14.550, RTA 7:52:57.841-7:52:57.886
Tick 301786(301601), Delay 92 ms, IGT 4:11:17.850, RTA 7:53:01.137-7:53:01.229
Tick 301787(301602), Delay 9 ms, IGT 4:11:17.900, RTA 7:53:01.229-7:53:01.238
Tick 301868(301683), Delay 57 ms, IGT 4:11:21.950, RTA 7:53:05.235-7:53:05.292
Tick 301871(301686), Delay 45 ms, IGT 4:11:22.100, RTA 7:53:05.392-7:53:05.437
Tick 301992(301807), Delay 45 ms, IGT 4:11:28.150, RTA 7:53:11.441-7:53:11.486
Tick 302189(302004), Delay 45 ms, IGT 4:11:38.000, RTA 7:53:21.292-7:53:21.337
Tick 302212(302027), Delay 55 ms, IGT 4:11:39.150, RTA 7:53:22.435-7:53:22.490
Tick 302216(302031), Delay 63 ms, IGT 4:11:39.350, RTA 7:53:22.638-7:53:22.701
Tick 302217(302032), Delay 41 ms, IGT 4:11:39.400, RTA 7:53:22.701-7:53:22.742
Tick 302254(302069), Delay 45 ms, IGT 4:11:41.250, RTA 7:53:24.540-7:53:24.585
Tick 302403(302218), Delay 56 ms, IGT 4:11:48.700, RTA 7:53:31.986-7:53:32.042
Tick 302404(302219), Delay 45 ms, IGT 4:11:48.750, RTA 7:53:32.042-7:53:32.087
Tick 302409(302224), Delay 45 ms, IGT 4:11:49.000, RTA 7:53:32.291-7:53:32.336
Tick 302410(302225), Delay 56 ms, IGT 4:11:49.050, RTA 7:53:32.336-7:53:32.392
Tick 302411(302226), Delay 44 ms, IGT 4:11:49.100, RTA 7:53:32.392-7:53:32.436
Tick 302420(302235), Delay 45 ms, IGT 4:11:49.550, RTA 7:53:32.842-7:53:32.887
Tick 302437(302252), Delay 55 ms, IGT 4:11:50.400, RTA 7:53:33.687-7:53:33.742
Tick 302445(302260), Delay 45 ms, IGT 4:11:50.800, RTA 7:53:34.090-7:53:34.135
Tick 302513(302328), Delay 45 ms, IGT 4:11:54.200, RTA 7:53:37.491-7:53:37.536
Tick 302514(302329), Delay 56 ms, IGT 4:11:54.250, RTA 7:53:37.536-7:53:37.592
Tick 302581(302396), Delay 57 ms, IGT 4:11:57.600, RTA 7:53:40.886-7:53:40.943
Tick 302660(302475), Delay 56 ms, IGT 4:12:01.550, RTA 7:53:44.836-7:53:44.892
Tick 302661(302476), Delay 44 ms, IGT 4:12:01.600, RTA 7:53:44.892-7:53:44.936
Tick 302767(302582), Delay 57 ms, IGT 4:12:06.900, RTA 7:53:50.185-7:53:50.242
Tick 302768(302583), Delay 45 ms, IGT 4:12:06.950, RTA 7:53:50.242-7:53:50.287
Tick 302916(302731), Delay 55 ms, IGT 4:12:14.350, RTA 7:53:57.636-7:53:57.691
Tick 302917(302732), Delay 45 ms, IGT 4:12:14.400, RTA 7:53:57.691-7:53:57.736
Tick 303023(302838), Delay 55 ms, IGT 4:12:19.700, RTA 7:54:02.985-7:54:03.040
Tick 303071(302886), Delay 45 ms, IGT 4:12:22.100, RTA 7:54:05.390-7:54:05.435
Tick 303101(302916), Delay 45 ms, IGT 4:12:23.600, RTA 7:54:06.891-7:54:06.936
Tick 303333(303148), Delay 45 ms, IGT 4:12:35.200, RTA 7:54:18.491-7:54:18.536
Tick 303341(303156), Delay 45 ms, IGT 4:12:35.600, RTA 7:54:18.891-7:54:18.936
Tick 303630(303445), Delay 45 ms, IGT 4:12:50.050, RTA 7:54:33.342-7:54:33.387
Tick 303658(303473), Delay 55 ms, IGT 4:12:51.450, RTA 7:54:34.737-7:54:34.792
Tick 303659(303474), Delay 44 ms, IGT 4:12:51.500, RTA 7:54:34.792-7:54:34.836
Tick 303802(303617), Delay 55 ms, IGT 4:12:58.650, RTA 7:54:41.936-7:54:41.991
Tick 303803(303618), Delay 45 ms, IGT 4:12:58.700, RTA 7:54:41.991-7:54:42.036
Tick 303834(303649), Delay 55 ms, IGT 4:13:00.250, RTA 7:54:43.536-7:54:43.591
Tick 303895(303710), Delay 45 ms, IGT 4:13:03.300, RTA 7:54:46.591-7:54:46.636
Tick 304234(304049), Delay 55 ms, IGT 4:13:20.250, RTA 7:55:03.537-7:55:03.592
Tick 304235(304050), Delay 44 ms, IGT 4:13:20.300, RTA 7:55:03.592-7:55:03.636
Tick 304407(304222), Delay 45 ms, IGT 4:13:28.900, RTA 7:55:12.191-7:55:12.236
Tick 304430(304245), Delay 45 ms, IGT 4:13:30.050, RTA 7:55:13.341-7:55:13.386
Tick 304494(304309), Delay 56 ms, IGT 4:13:33.250, RTA 7:55:16.536-7:55:16.592
Tick 304495(304310), Delay 44 ms, IGT 4:13:33.300, RTA 7:55:16.592-7:55:16.636
Tick 304561(304376), Delay 55 ms, IGT 4:13:36.600, RTA 7:55:19.885-7:55:19.940
Tick 305065(304880), Delay 44 ms, IGT 4:14:01.800, RTA 7:55:45.091-7:55:45.135
Tick 305099(304914), Delay 56 ms, IGT 4:14:03.500, RTA 7:55:46.786-7:55:46.842
Tick 305142(304957), Delay 55 ms, IGT 4:14:05.650, RTA 7:55:48.936-7:55:48.991
Tick 305182(304997), Delay 55 ms, IGT 4:14:07.650, RTA 7:55:50.935-7:55:50.990
Tick 305250(305065), Delay 71 ms, IGT 4:14:11.050, RTA 7:55:54.336-7:55:54.407
Tick 305251(305066), Delay 30 ms, IGT 4:14:11.100, RTA 7:55:54.407-7:55:54.437
Tick 305336(305151), Delay 55 ms, IGT 4:14:15.350, RTA 7:55:58.635-7:55:58.690
Tick 305438(305253), Delay 45 ms, IGT 4:14:20.450, RTA 7:56:03.740-7:56:03.785
Tick 305763(305578), Delay 55 ms, IGT 4:14:36.700, RTA 7:56:19.986-7:56:20.041
Tick 305806(305621), Delay 60 ms, IGT 4:14:38.850, RTA 7:56:22.135-7:56:22.195
Tick 305807(305622), Delay 44 ms, IGT 4:14:38.900, RTA 7:56:22.195-7:56:22.239
Tick 305924(305739), Delay 55 ms, IGT 4:14:44.750, RTA 7:56:28.037-7:56:28.092
Tick 305925(305740), Delay 45 ms, IGT 4:14:44.800, RTA 7:56:28.092-7:56:28.137
Tick 305940(305755), Delay 45 ms, IGT 4:14:45.550, RTA 7:56:28.841-7:56:28.886
Tick 305944(305759), Delay 55 ms, IGT 4:14:45.750, RTA 7:56:29.037-7:56:29.092
Tick 305945(305760), Delay 44 ms, IGT 4:14:45.800, RTA 7:56:29.092-7:56:29.136
Tick 306230(306045), Delay 45 ms, IGT 4:15:00.050, RTA 7:56:43.341-7:56:43.386
Tick 306318(306133), Delay 55 ms, IGT 4:15:04.450, RTA 7:56:47.735-7:56:47.790
Tick 306476(306291), Delay 57 ms, IGT 4:15:12.350, RTA 7:56:55.639-7:56:55.696
Tick 306477(306292), Delay 45 ms, IGT 4:15:12.400, RTA 7:56:55.696-7:56:55.741
Tick 306478(306293), Delay 44 ms, IGT 4:15:12.450, RTA 7:56:55.741-7:56:55.785
Tick 306530(306345), Delay 45 ms, IGT 4:15:15.050, RTA 7:56:58.341-7:56:58.386
Tick 306967(306782), Delay 55 ms, IGT 4:15:36.900, RTA 7:57:20.186-7:57:20.241
Tick 307167(306982), Delay 45 ms, IGT 4:15:46.900, RTA 7:57:30.190-7:57:30.235
Tick 307211(307026), Delay 57 ms, IGT 4:15:49.100, RTA 7:57:32.387-7:57:32.444
Tick 307212(307027), Delay 43 ms, IGT 4:15:49.150, RTA 7:57:32.444-7:57:32.487
Tick 307955(307770), Delay 55 ms, IGT 4:16:26.300, RTA 7:58:09.585-7:58:09.640
Tick 307969(307784), Delay 55 ms, IGT 4:16:27.000, RTA 7:58:10.285-7:58:10.340
Tick 308125(307940), Delay 56 ms, IGT 4:16:34.800, RTA 7:58:18.086-7:58:18.142
Tick 308132(307947), Delay 45 ms, IGT 4:16:35.150, RTA 7:58:18.441-7:58:18.486
Tick 308149(307964), Delay 45 ms, IGT 4:16:36.000, RTA 7:58:19.291-7:58:19.336
Tick 308210(308025), Delay 45 ms, IGT 4:16:39.050, RTA 7:58:22.342-7:58:22.387
Tick 308474(308289), Delay 45 ms, IGT 4:16:52.250, RTA 7:58:35.544-7:58:35.589
Tick 308479(308294), Delay 44 ms, IGT 4:16:52.500, RTA 7:58:35.793-7:58:35.837
Tick 308503(308318), Delay 45 ms, IGT 4:16:53.700, RTA 7:58:36.991-7:58:37.036
Tick 308504(308319), Delay 55 ms, IGT 4:16:53.750, RTA 7:58:37.036-7:58:37.091
Tick 308507(308322), Delay 55 ms, IGT 4:16:53.900, RTA 7:58:37.188-7:58:37.243
Tick 308536(308351), Delay 45 ms, IGT 4:16:55.350, RTA 7:58:38.642-7:58:38.687
Tick 308587(308402), Delay 55 ms, IGT 4:16:57.900, RTA 7:58:41.186-7:58:41.241
Tick 308703(308518), Delay 73 ms, IGT 4:17:03.700, RTA 7:58:46.987-7:58:47.060
Tick 308704(308519), Delay 26 ms, IGT 4:17:03.750, RTA 7:58:47.060-7:58:47.086
Tick 308784(308599), Delay 55 ms, IGT 4:17:07.750, RTA 7:58:51.036-7:58:51.091
Tick 308816(308631), Delay 45 ms, IGT 4:17:09.350, RTA 7:58:52.641-7:58:52.686
Tick 308906(308721), Delay 59 ms, IGT 4:17:13.850, RTA 7:58:57.137-7:58:57.196
Tick 308907(308722), Delay 41 ms, IGT 4:17:13.900, RTA 7:58:57.196-7:58:57.237
Tick 309321(309136), Delay 44 ms, IGT 4:17:34.600, RTA 7:59:17.892-7:59:17.936
Tick 309405(309220), Delay 57 ms, IGT 4:17:38.800, RTA 7:59:22.087-7:59:22.144
Tick 309406(309221), Delay 45 ms, IGT 4:17:38.850, RTA 7:59:22.144-7:59:22.189
Tick 309421(309236), Delay 44 ms, IGT 4:17:39.600, RTA 7:59:22.891-7:59:22.935
Tick 309440(309255), Delay 55 ms, IGT 4:17:40.550, RTA 7:59:23.836-7:59:23.891
Tick 309480(309295), Delay 45 ms, IGT 4:17:42.550, RTA 7:59:25.843-7:59:25.888
Tick 309558(309373), Delay 55 ms, IGT 4:17:46.450, RTA 7:59:29.735-7:59:29.790
Tick 309662(309477), Delay 56 ms, IGT 4:17:51.650, RTA 7:59:34.935-7:59:34.991
Tick 309730(309545), Delay 45 ms, IGT 4:17:55.050, RTA 7:59:38.342-7:59:38.387
Tick 309947(309762), Delay 60 ms, IGT 4:18:05.900, RTA 7:59:49.186-7:59:49.246
Tick 309948(309763), Delay 41 ms, IGT 4:18:05.950, RTA 7:59:49.246-7:59:49.287
Tick 309954(309769), Delay 45 ms, IGT 4:18:06.250, RTA 7:59:49.540-7:59:49.585
Tick 310216(310031), Delay 45 ms, IGT 4:18:19.350, RTA 8:00:02.641-8:00:02.686
Tick 310229(310044), Delay 45 ms, IGT 4:18:20.000, RTA 8:00:03.292-8:00:03.337
Tick 310245(310060), Delay 55 ms, IGT 4:18:20.800, RTA 8:00:04.086-8:00:04.141
Tick 310396(310211), Delay 55 ms, IGT 4:18:28.350, RTA 8:00:11.636-8:00:11.691
Tick 310425(310240), Delay 60 ms, IGT 4:18:29.800, RTA 8:00:13.087-8:00:13.147
Tick 310426(310241), Delay 40 ms, IGT 4:18:29.850, RTA 8:00:13.147-8:00:13.187
Tick 310594(310409), Delay 55 ms, IGT 4:18:38.250, RTA 8:00:21.536-8:00:21.591
Tick 310726(310541), Delay 12185 ms, IGT 4:18:44.850, RTA 8:00:28.138-8:00:40.323
Tick 311079(310894), Delay 2745 ms, IGT 4:19:02.500, RTA 8:00:57.923-8:01:00.668
Tick 311180(310995), Delay 4194 ms, IGT 4:19:07.550, RTA 8:01:05.666-8:01:09.860
Tick 311266(311081), Delay 2813 ms, IGT 4:19:11.850, RTA 8:01:14.111-8:01:16.924
Tick 313071(312886), Delay 55 ms, IGT 4:20:42.100, RTA 8:02:47.124-8:02:47.179
Tick 313072(312887), Delay 45 ms, IGT 4:20:42.150, RTA 8:02:47.179-8:02:47.224
Tick 313327(313142), Delay 55 ms, IGT 4:20:54.900, RTA 8:02:59.924-8:02:59.979
Tick 313431(313246), Delay 56 ms, IGT 4:21:00.100, RTA 8:03:05.124-8:03:05.180
Tick 313573(313388), Delay 45 ms, IGT 4:21:07.200, RTA 8:03:12.228-8:03:12.273
Tick 313651(313466), Delay 55 ms, IGT 4:21:11.100, RTA 8:03:16.123-8:03:16.178
Tick 313674(313489), Delay 45 ms, IGT 4:21:12.250, RTA 8:03:17.279-8:03:17.324
Tick 313675(313490), Delay 58 ms, IGT 4:21:12.300, RTA 8:03:17.324-8:03:17.382
Tick 313676(313491), Delay 44 ms, IGT 4:21:12.350, RTA 8:03:17.382-8:03:17.426
Tick 313779(313594), Delay 45 ms, IGT 4:21:17.500, RTA 8:03:22.528-8:03:22.573
Tick 313807(313621), Delay 82 ms, IGT 4:21:18.850, RTA 8:03:23.926-8:03:24.008, due world load
Tick 313808(313621), Delay 15 ms, IGT 4:21:18.850, RTA 8:03:24.008-8:03:24.023, due world load
Tick 313824(313636), Delay 56 ms, IGT 4:21:19.564, RTA 8:03:24.772-8:03:24.828
Tick 313826(313638), Delay 45 ms, IGT 4:21:19.664, RTA 8:03:24.879-8:03:24.924
Tick 313836(313648), Delay 57 ms, IGT 4:21:20.164, RTA 8:03:25.372-8:03:25.429
Tick 313837(313649), Delay 44 ms, IGT 4:21:20.214, RTA 8:03:25.429-8:03:25.473
Tick 313933(313745), Delay 92 ms, IGT 4:21:25.014, RTA 8:03:30.223-8:03:30.315
Tick 313934(313746), Delay 11 ms, IGT 4:21:25.064, RTA 8:03:30.315-8:03:30.326
Tick 313936(313748), Delay 59 ms, IGT 4:21:25.164, RTA 8:03:30.374-8:03:30.433
Tick 313937(313749), Delay 41 ms, IGT 4:21:25.214, RTA 8:03:30.433-8:03:30.474
Tick 313953(313765), Delay 44 ms, IGT 4:21:26.014, RTA 8:03:31.228-8:03:31.272
Tick 313957(313769), Delay 44 ms, IGT 4:21:26.214, RTA 8:03:31.428-8:03:31.472
Tick 313977(313789), Delay 56 ms, IGT 4:21:27.214, RTA 8:03:32.422-8:03:32.478
Tick 314276(314088), Delay 4011 ms, IGT 4:21:42.164, RTA 8:03:47.376-8:03:51.387
Tick 314336(314148), Delay 66 ms, IGT 4:21:45.164, RTA 8:03:54.338-8:03:54.404
Tick 314337(314149), Delay 33 ms, IGT 4:21:45.214, RTA 8:03:54.404-8:03:54.437
Tick 314377(314189), Delay 2042 ms, IGT 4:21:47.214, RTA 8:03:56.391-8:03:58.433
Tick 314399(314211), Delay 55 ms, IGT 4:21:48.314, RTA 8:03:59.483-8:03:59.538
Tick 314432(314244), Delay 1697 ms, IGT 4:21:49.964, RTA 8:04:01.135-8:04:02.832
Tick 314453(314265), Delay 16705 ms, IGT 4:21:51.014, RTA 8:04:03.833-8:04:20.538
Tick 314808(314620), Delay 73628 ms, IGT 4:22:08.764, RTA 8:04:38.239-8:05:51.867
Tick 314976(314788), Delay 9899 ms, IGT 4:22:17.164, RTA 8:06:00.217-8:06:10.116
Tick 315142(314954), Delay 63 ms, IGT 4:22:25.464, RTA 8:06:18.365-8:06:18.428
Tick 315143(314955), Delay 37 ms, IGT 4:22:25.514, RTA 8:06:18.428-8:06:18.465
Tick 315194(315006), Delay 10607 ms, IGT 4:22:28.064, RTA 8:06:20.968-8:06:31.575
Tick 315196(315008), Delay 55 ms, IGT 4:22:28.164, RTA 8:06:31.624-8:06:31.679
Tick 315197(315009), Delay 45 ms, IGT 4:22:28.214, RTA 8:06:31.679-8:06:31.724
Tick 315269(315080), Delay 44 ms, IGT 4:22:31.764, RTA 8:06:35.274-8:06:35.318, due world load
Tick 315270(315080), Delay 24 ms, IGT 4:22:31.764, RTA 8:06:35.318-8:06:35.342, due world load
Tick 315284(315093), Delay 57 ms, IGT 4:22:32.391, RTA 8:06:35.993-8:06:36.050
Tick 315287(315096), Delay 41 ms, IGT 4:22:32.541, RTA 8:06:36.151-8:06:36.192
Tick 315288(315097), Delay 55 ms, IGT 4:22:32.591, RTA 8:06:36.192-8:06:36.247
Tick 315291(315100), Delay 42 ms, IGT 4:22:32.741, RTA 8:06:36.352-8:06:36.394
Tick 315295(315104), Delay 44 ms, IGT 4:22:32.941, RTA 8:06:36.549-8:06:36.593
Tick 315297(315106), Delay 45 ms, IGT 4:22:33.041, RTA 8:06:36.647-8:06:36.692
Tick 315301(315110), Delay 44 ms, IGT 4:22:33.241, RTA 8:06:36.849-8:06:36.893
Tick 315309(315118), Delay 44 ms, IGT 4:22:33.641, RTA 8:06:37.249-8:06:37.293
Tick 315310(315119), Delay 55 ms, IGT 4:22:33.691, RTA 8:06:37.293-8:06:37.348
Tick 315311(315120), Delay 45 ms, IGT 4:22:33.741, RTA 8:06:37.348-8:06:37.393
Tick 315317(315126), Delay 56 ms, IGT 4:22:34.041, RTA 8:06:37.642-8:06:37.698
Tick 315322(315131), Delay 55 ms, IGT 4:22:34.291, RTA 8:06:37.893-8:06:37.948
Tick 315324(315133), Delay 56 ms, IGT 4:22:34.391, RTA 8:06:37.994-8:06:38.050
Tick 315358(315167), Delay 62 ms, IGT 4:22:36.091, RTA 8:06:39.692-8:06:39.754
Tick 315359(315168), Delay 37 ms, IGT 4:22:36.141, RTA 8:06:39.754-8:06:39.791
Tick 315404(315213), Delay 55 ms, IGT 4:22:38.391, RTA 8:06:41.992-8:06:42.047
Tick 315550(315359), Delay 85 ms, IGT 4:22:45.691, RTA 8:06:49.294-8:06:49.379
Tick 315551(315360), Delay 14 ms, IGT 4:22:45.741, RTA 8:06:49.379-8:06:49.393
Tick 315554(315363), Delay 27 ms, IGT 4:22:45.844, RTA 8:06:49.491-8:06:49.518
Tick 315575(315384), Delay 55 ms, IGT 4:22:46.894, RTA 8:06:50.516-8:06:50.571
Tick 315637(315446), Delay 81 ms, IGT 4:22:49.994, RTA 8:06:53.616-8:06:53.697
Tick 315638(315447), Delay 19 ms, IGT 4:22:50.044, RTA 8:06:53.697-8:06:53.716
Tick 315640(315449), Delay 83 ms, IGT 4:22:50.144, RTA 8:06:53.765-8:06:53.848
Tick 315641(315450), Delay 30 ms, IGT 4:22:50.194, RTA 8:06:53.848-8:06:53.878
Tick 315642(315451), Delay 57 ms, IGT 4:22:50.244, RTA 8:06:53.878-8:06:53.935
Tick 315643(315452), Delay 36 ms, IGT 4:22:50.294, RTA 8:06:53.935-8:06:53.971
Tick 315644(315453), Delay 45 ms, IGT 4:22:50.344, RTA 8:06:53.971-8:06:54.016
Tick 315670(315479), Delay 45 ms, IGT 4:22:51.644, RTA 8:06:55.271-8:06:55.316
Tick 315720(315529), Delay 45 ms, IGT 4:22:54.144, RTA 8:06:57.770-8:06:57.815
Tick 315838(315647), Delay 70 ms, IGT 4:23:00.044, RTA 8:07:03.666-8:07:03.736
Tick 315839(315648), Delay 31 ms, IGT 4:23:00.094, RTA 8:07:03.736-8:07:03.767
Tick 315953(315762), Delay 10214 ms, IGT 4:23:05.794, RTA 8:07:09.417-8:07:19.631
Tick 316023(315832), Delay 55 ms, IGT 4:23:09.294, RTA 8:07:23.082-8:07:23.137
Tick 316264(316073), Delay 45 ms, IGT 4:23:21.344, RTA 8:07:35.136-8:07:35.181
Tick 316281(316090), Delay 55 ms, IGT 4:23:22.194, RTA 8:07:35.982-8:07:36.037
Tick 316415(316223), Delay 45 ms, IGT 4:23:28.844, RTA 8:07:42.684-8:07:42.729, due world load
Tick 316425(316233), Delay 45 ms, IGT 4:23:29.331, RTA 8:07:43.185-8:07:43.230
Tick 316435(316243), Delay 45 ms, IGT 4:23:29.831, RTA 8:07:43.685-8:07:43.730
Tick 316491(316299), Delay 80 ms, IGT 4:23:32.631, RTA 8:07:46.481-8:07:46.561
Tick 316492(316300), Delay 19 ms, IGT 4:23:32.681, RTA 8:07:46.561-8:07:46.580
Tick 316578(316385), Delay 76 ms, IGT 4:23:36.931, RTA 8:07:50.831-8:07:50.907, due world load
Tick 316579(316386), Delay 25 ms, IGT 4:23:36.969, RTA 8:07:50.907-8:07:50.932
Tick 316583(316390), Delay 67 ms, IGT 4:23:37.169, RTA 8:07:51.087-8:07:51.154
Tick 316584(316391), Delay 32 ms, IGT 4:23:37.219, RTA 8:07:51.154-8:07:51.186
Tick 316585(316392), Delay 78 ms, IGT 4:23:37.269, RTA 8:07:51.186-8:07:51.264
Tick 316586(316393), Delay 21 ms, IGT 4:23:37.319, RTA 8:07:51.264-8:07:51.285
Tick 316603(316410), Delay 45 ms, IGT 4:23:38.169, RTA 8:07:52.086-8:07:52.131
Tick 316645(316452), Delay 56 ms, IGT 4:23:40.269, RTA 8:07:54.181-8:07:54.237
Tick 316791(316598), Delay 55 ms, IGT 4:23:47.569, RTA 8:08:01.481-8:08:01.536
Tick 316910(316717), Delay 45 ms, IGT 4:23:53.519, RTA 8:08:07.436-8:08:07.481
Tick 316923(316730), Delay 45 ms, IGT 4:23:54.169, RTA 8:08:08.086-8:08:08.131
Tick 316944(316751), Delay 55 ms, IGT 4:23:55.219, RTA 8:08:09.131-8:08:09.186
Tick 317026(316833), Delay 43 ms, IGT 4:23:59.319, RTA 8:08:13.238-8:08:13.281
Tick 317094(316901), Delay 55 ms, IGT 4:24:02.719, RTA 8:08:16.631-8:08:16.686
Tick 317226(317033), Delay 55 ms, IGT 4:24:09.319, RTA 8:08:23.231-8:08:23.286
Tick 317489(317296), Delay 3742 ms, IGT 4:24:22.469, RTA 8:08:36.384-8:08:40.126
Tick 317522(317329), Delay 55 ms, IGT 4:24:24.119, RTA 8:08:41.725-8:08:41.780
Tick 317582(317389), Delay 55 ms, IGT 4:24:27.119, RTA 8:08:44.726-8:08:44.781
Tick 317754(317560), Delay 45 ms, IGT 4:24:35.669, RTA 8:08:53.326-8:08:53.371, due world load
Tick 317755(317560), Delay 20 ms, IGT 4:24:35.669, RTA 8:08:53.371-8:08:53.391, due world load
Tick 317770(317575), Delay 57 ms, IGT 4:24:36.408, RTA 8:08:54.093-8:08:54.150
Tick 317771(317576), Delay 44 ms, IGT 4:24:36.458, RTA 8:08:54.150-8:08:54.194
Tick 317782(317587), Delay 45 ms, IGT 4:24:37.008, RTA 8:08:54.696-8:08:54.741
Tick 317815(317620), Delay 55 ms, IGT 4:24:38.658, RTA 8:08:56.341-8:08:56.396
Tick 317816(317621), Delay 44 ms, IGT 4:24:38.708, RTA 8:08:56.396-8:08:56.440
Tick 317944(317748), Delay 101 ms, IGT 4:24:45.058, RTA 8:09:02.790-8:09:02.891, due world load
Tick 317945(317748), Delay 1 ms, IGT 4:24:45.058, RTA 8:09:02.891-8:09:02.892, due world load
Tick 317946(317749), Delay 37 ms, IGT 4:24:45.100, RTA 8:09:02.892-8:09:02.929
Tick 317950(317753), Delay 57 ms, IGT 4:24:45.300, RTA 8:09:03.078-8:09:03.135
Tick 317951(317754), Delay 55 ms, IGT 4:24:45.350, RTA 8:09:03.135-8:09:03.190
Tick 317952(317755), Delay 36 ms, IGT 4:24:45.400, RTA 8:09:03.190-8:09:03.226
Tick 317953(317756), Delay 55 ms, IGT 4:24:45.450, RTA 8:09:03.226-8:09:03.281
Tick 317974(317777), Delay 45 ms, IGT 4:24:46.500, RTA 8:09:04.282-8:09:04.327
Tick 318011(317814), Delay 55 ms, IGT 4:24:48.350, RTA 8:09:06.126-8:09:06.181
Tick 318280(318083), Delay 59 ms, IGT 4:25:01.800, RTA 8:09:19.579-8:09:19.638
Tick 318281(318084), Delay 40 ms, IGT 4:25:01.850, RTA 8:09:19.638-8:09:19.678
Tick 318430(318233), Delay 55 ms, IGT 4:25:09.300, RTA 8:09:27.078-8:09:27.133
Tick 318431(318234), Delay 45 ms, IGT 4:25:09.350, RTA 8:09:27.133-8:09:27.178
Tick 318511(318314), Delay 57 ms, IGT 4:25:13.350, RTA 8:09:31.127-8:09:31.184
Tick 318512(318315), Delay 44 ms, IGT 4:25:13.400, RTA 8:09:31.184-8:09:31.228
Tick 318520(318323), Delay 56 ms, IGT 4:25:13.800, RTA 8:09:31.576-8:09:31.632
Tick 318542(318345), Delay 57 ms, IGT 4:25:14.900, RTA 8:09:32.676-8:09:32.733
Tick 318543(318346), Delay 44 ms, IGT 4:25:14.950, RTA 8:09:32.733-8:09:32.777
Tick 318583(318386), Delay 65 ms, IGT 4:25:16.950, RTA 8:09:34.727-8:09:34.792
Tick 318584(318387), Delay 39 ms, IGT 4:25:17.000, RTA 8:09:34.792-8:09:34.831
Tick 318773(318576), Delay 56 ms, IGT 4:25:26.450, RTA 8:09:44.226-8:09:44.282
Tick 318774(318577), Delay 44 ms, IGT 4:25:26.500, RTA 8:09:44.282-8:09:44.326
Tick 318831(318634), Delay 55 ms, IGT 4:25:29.350, RTA 8:09:47.126-8:09:47.181
Tick 318905(318708), Delay 64 ms, IGT 4:25:33.050, RTA 8:09:50.828-8:09:50.892
Tick 318906(318709), Delay 35 ms, IGT 4:25:33.100, RTA 8:09:50.892-8:09:50.927
Tick 319048(318851), Delay 45 ms, IGT 4:25:40.200, RTA 8:09:57.981-8:09:58.026
Tick 319178(318981), Delay 45 ms, IGT 4:25:46.700, RTA 8:10:04.481-8:10:04.526
Tick 319521(319324), Delay 45 ms, IGT 4:26:03.850, RTA 8:10:21.631-8:10:21.676
Tick 319576(319379), Delay 55 ms, IGT 4:26:06.600, RTA 8:10:24.376-8:10:24.431
Tick 319586(319389), Delay 45 ms, IGT 4:26:07.100, RTA 8:10:24.881-8:10:24.926
Tick 319761(319564), Delay 45 ms, IGT 4:26:15.850, RTA 8:10:33.631-8:10:33.676
Tick 319820(319623), Delay 55 ms, IGT 4:26:18.800, RTA 8:10:36.576-8:10:36.631
Tick 319846(319649), Delay 45 ms, IGT 4:26:20.100, RTA 8:10:37.881-8:10:37.926
Tick 319929(319732), Delay 55 ms, IGT 4:26:24.250, RTA 8:10:42.027-8:10:42.082
Tick 320024(319827), Delay 55 ms, IGT 4:26:29.000, RTA 8:10:46.777-8:10:46.832
Tick 320053(319856), Delay 43 ms, IGT 4:26:30.450, RTA 8:10:48.234-8:10:48.277
Tick 320130(319933), Delay 60 ms, IGT 4:26:34.300, RTA 8:10:52.081-8:10:52.141
Tick 320131(319934), Delay 38 ms, IGT 4:26:34.350, RTA 8:10:52.141-8:10:52.179
Tick 320162(319965), Delay 45 ms, IGT 4:26:35.900, RTA 8:10:53.681-8:10:53.726
Tick 320174(319977), Delay 45 ms, IGT 4:26:36.500, RTA 8:10:54.281-8:10:54.326
Tick 320202(320005), Delay 56 ms, IGT 4:26:37.900, RTA 8:10:55.676-8:10:55.732
Tick 320289(320092), Delay 45 ms, IGT 4:26:42.250, RTA 8:11:00.031-8:11:00.076
Tick 320463(320266), Delay 7009 ms, IGT 4:26:50.950, RTA 8:11:08.728-8:11:15.737
Tick 320466(320269), Delay 45 ms, IGT 4:26:51.100, RTA 8:11:15.841-8:11:15.886
Tick 320476(320279), Delay 4762 ms, IGT 4:26:51.600, RTA 8:11:16.340-8:11:21.102
Tick 320497(320300), Delay 55 ms, IGT 4:26:52.650, RTA 8:11:22.103-8:11:22.158
Tick 320513(320316), Delay 3810 ms, IGT 4:26:53.450, RTA 8:11:22.903-8:11:26.713
Tick 320532(320335), Delay 3168 ms, IGT 4:26:54.400, RTA 8:11:27.615-8:11:30.783
Tick 320554(320357), Delay 3490 ms, IGT 4:26:55.500, RTA 8:11:31.831-8:11:35.321
Tick 320572(320375), Delay 3607 ms, IGT 4:26:56.400, RTA 8:11:36.172-8:11:39.779
Tick 320845(320648), Delay 55 ms, IGT 4:27:10.050, RTA 8:11:53.378-8:11:53.433
Tick 320846(320649), Delay 45 ms, IGT 4:27:10.100, RTA 8:11:53.433-8:11:53.478
Tick 320937(320740), Delay 55 ms, IGT 4:27:14.650, RTA 8:11:57.978-8:11:58.033
Tick 320994(320797), Delay 45 ms, IGT 4:27:17.500, RTA 8:12:00.833-8:12:00.878
Tick 321086(320889), Delay 55 ms, IGT 4:27:22.100, RTA 8:12:05.429-8:12:05.484
Tick 321358(321161), Delay 60 ms, IGT 4:27:35.700, RTA 8:12:19.028-8:12:19.088
Tick 321359(321162), Delay 42 ms, IGT 4:27:35.750, RTA 8:12:19.088-8:12:19.130
Tick 321361(321164), Delay 45 ms, IGT 4:27:35.850, RTA 8:12:19.184-8:12:19.229
Tick 321378(321181), Delay 1349 ms, IGT 4:27:36.700, RTA 8:12:20.031-8:12:21.380
Tick 321392(321195), Delay 55 ms, IGT 4:27:37.400, RTA 8:12:22.030-8:12:22.085
Tick 321400(321203), Delay 55 ms, IGT 4:27:37.800, RTA 8:12:22.428-8:12:22.483
Tick 321401(321204), Delay 45 ms, IGT 4:27:37.850, RTA 8:12:22.483-8:12:22.528
Tick 321402(321205), Delay 56 ms, IGT 4:27:37.900, RTA 8:12:22.528-8:12:22.584
Tick 321403(321206), Delay 43 ms, IGT 4:27:37.950, RTA 8:12:22.584-8:12:22.627
Tick 321406(321209), Delay 57 ms, IGT 4:27:38.100, RTA 8:12:22.727-8:12:22.784
Tick 321407(321210), Delay 45 ms, IGT 4:27:38.150, RTA 8:12:22.784-8:12:22.829
Tick 321426(321229), Delay 55 ms, IGT 4:27:39.100, RTA 8:12:23.728-8:12:23.783
Tick 321439(321242), Delay 56 ms, IGT 4:27:39.750, RTA 8:12:24.379-8:12:24.435
Tick 321528(321331), Delay 55 ms, IGT 4:27:44.200, RTA 8:12:28.827-8:12:28.882
Tick 321539(321342), Delay 44330 ms, IGT 4:27:44.750, RTA 8:12:29.378-8:13:13.708
Tick 321547(321350), Delay 44 ms, IGT 4:27:45.150, RTA 8:13:14.064-8:13:14.108
Tick 321706(321509), Delay 55 ms, IGT 4:27:53.100, RTA 8:13:22.010-8:13:22.065
Tick 321709(321512), Delay 45 ms, IGT 4:27:53.250, RTA 8:13:22.166-8:13:22.211
Tick 321916(321719), Delay 55 ms, IGT 4:28:03.600, RTA 8:13:32.508-8:13:32.563
Tick 322537(322340), Delay 58 ms, IGT 4:28:34.650, RTA 8:14:03.559-8:14:03.617
Tick 322538(322341), Delay 44 ms, IGT 4:28:34.700, RTA 8:14:03.617-8:14:03.661
Tick 323184(322987), Delay 45 ms, IGT 4:29:07.000, RTA 8:14:35.912-8:14:35.957
Tick 323874(323677), Delay 55 ms, IGT 4:29:41.500, RTA 8:15:10.408-8:15:10.463
Tick 324495(324298), Delay 55 ms, IGT 4:30:12.550, RTA 8:15:41.459-8:15:41.514
Tick 324496(324299), Delay 44 ms, IGT 4:30:12.600, RTA 8:15:41.514-8:15:41.558
Tick 324500(324303), Delay 45 ms, IGT 4:30:12.800, RTA 8:15:41.713-8:15:41.758
Tick 324616(324419), Delay 45 ms, IGT 4:30:18.600, RTA 8:15:47.513-8:15:47.558
Tick 324746(324548), Delay 42 ms, IGT 4:30:25.050, RTA 8:15:54.009-8:15:54.051, due world load
Tick 324747(324548), Delay 39 ms, IGT 4:30:25.050, RTA 8:15:54.051-8:15:54.090, due world load
Tick 324769(324570), Delay 56 ms, IGT 4:30:26.128, RTA 8:15:55.141-8:15:55.197
Tick 325201(325002), Delay 55 ms, IGT 4:30:47.728, RTA 8:16:16.740-8:16:16.795
Tick 325202(325003), Delay 45 ms, IGT 4:30:47.778, RTA 8:16:16.795-8:16:16.840
Tick 325225(325026), Delay 2627 ms, IGT 4:30:48.928, RTA 8:16:17.943-8:16:20.570
Tick 325255(325056), Delay 45 ms, IGT 4:30:50.428, RTA 8:16:22.026-8:16:22.071
Tick 325257(325058), Delay 55 ms, IGT 4:30:50.528, RTA 8:16:22.125-8:16:22.180
Tick 325262(325063), Delay 1012 ms, IGT 4:30:50.778, RTA 8:16:22.373-8:16:23.385
Tick 325296(325097), Delay 67 ms, IGT 4:30:52.478, RTA 8:16:25.034-8:16:25.101
Tick 325297(325098), Delay 37 ms, IGT 4:30:52.528, RTA 8:16:25.101-8:16:25.138
Tick 325362(325163), Delay 11008 ms, IGT 4:30:55.778, RTA 8:16:28.335-8:16:39.343
Tick 325379(325180), Delay 56 ms, IGT 4:30:56.628, RTA 8:16:40.143-8:16:40.199
Tick 325380(325181), Delay 45 ms, IGT 4:30:56.678, RTA 8:16:40.199-8:16:40.244
Tick 325388(325189), Delay 662 ms, IGT 4:30:57.078, RTA 8:16:40.592-8:16:41.254
Tick 325398(325199), Delay 972 ms, IGT 4:30:57.578, RTA 8:16:41.705-8:16:42.677
Tick 325409(325210), Delay 55 ms, IGT 4:30:58.128, RTA 8:16:43.177-8:16:43.232
Tick 325413(325214), Delay 56 ms, IGT 4:30:58.328, RTA 8:16:43.377-8:16:43.433
Tick 325415(325216), Delay 40 ms, IGT 4:30:58.428, RTA 8:16:43.486-8:16:43.526
Tick 325422(325223), Delay 56 ms, IGT 4:30:58.778, RTA 8:16:43.828-8:16:43.884
Tick 325423(325224), Delay 45 ms, IGT 4:30:58.828, RTA 8:16:43.884-8:16:43.929
Tick 325440(325241), Delay 45 ms, IGT 4:30:59.678, RTA 8:16:44.731-8:16:44.776
Tick 325614(325415), Delay 11628 ms, IGT 4:31:08.378, RTA 8:16:53.427-8:17:05.055
Tick 325707(325508), Delay 45 ms, IGT 4:31:13.028, RTA 8:17:09.659-8:17:09.704
Tick 325951(325752), Delay 57 ms, IGT 4:31:25.228, RTA 8:17:21.856-8:17:21.913
Tick 325956(325757), Delay 55 ms, IGT 4:31:25.478, RTA 8:17:22.106-8:17:22.161
Tick 325957(325758), Delay 44 ms, IGT 4:31:25.528, RTA 8:17:22.161-8:17:22.205
Tick 326123(325924), Delay 14245 ms, IGT 4:31:33.828, RTA 8:17:30.457-8:17:44.702
Tick 326156(325957), Delay 44 ms, IGT 4:31:35.478, RTA 8:17:46.304-8:17:46.348
Tick 326161(325962), Delay 59 ms, IGT 4:31:35.728, RTA 8:17:46.548-8:17:46.607
Tick 326162(325963), Delay 45 ms, IGT 4:31:35.778, RTA 8:17:46.607-8:17:46.652
Tick 326166(325967), Delay 55 ms, IGT 4:31:35.978, RTA 8:17:46.799-8:17:46.854
Tick 326170(325971), Delay 45 ms, IGT 4:31:36.178, RTA 8:17:47.003-8:17:47.048
Tick 326275(326076), Delay 55 ms, IGT 4:31:41.428, RTA 8:17:52.247-8:17:52.302
Tick 326320(326121), Delay 45 ms, IGT 4:31:43.678, RTA 8:17:54.502-8:17:54.547
Tick 326340(326140), Delay 127 ms, IGT 4:31:44.628, RTA 8:17:55.499-8:17:55.626, due world load
Tick 326341(326140), Delay 0 ms, IGT 4:31:44.628, RTA 8:17:55.626-8:17:55.626, due world load
Tick 326342(326140), Delay 10 ms, IGT 4:31:44.628, RTA 8:17:55.626-8:17:55.636, due world load
Tick 326343(326141), Delay 58 ms, IGT 4:31:44.676, RTA 8:17:55.636-8:17:55.694
Tick 326344(326142), Delay 45 ms, IGT 4:31:44.726, RTA 8:17:55.694-8:17:55.739
Tick 326346(326144), Delay 55 ms, IGT 4:31:44.826, RTA 8:17:55.785-8:17:55.840
Tick 326360(326158), Delay 55 ms, IGT 4:31:45.526, RTA 8:17:56.485-8:17:56.540
Tick 326393(326191), Delay 62 ms, IGT 4:31:47.176, RTA 8:17:58.136-8:17:58.198
Tick 326394(326192), Delay 37 ms, IGT 4:31:47.226, RTA 8:17:58.198-8:17:58.235
Tick 326453(326251), Delay 55 ms, IGT 4:31:50.176, RTA 8:18:01.136-8:18:01.191
Tick 326454(326252), Delay 45 ms, IGT 4:31:50.226, RTA 8:18:01.191-8:18:01.236
Tick 326629(326427), Delay 70 ms, IGT 4:31:58.976, RTA 8:18:09.936-8:18:10.006
Tick 326630(326428), Delay 30 ms, IGT 4:31:59.026, RTA 8:18:10.006-8:18:10.036
Tick 326695(326493), Delay 74 ms, IGT 4:32:02.276, RTA 8:18:13.238-8:18:13.312
Tick 326696(326494), Delay 27 ms, IGT 4:32:02.326, RTA 8:18:13.312-8:18:13.339
Tick 326790(326587), Delay 39 ms, IGT 4:32:06.976, RTA 8:18:17.985-8:18:18.024, due world load
Tick 326792(326589), Delay 25 ms, IGT 4:32:07.029, RTA 8:18:18.076-8:18:18.101
Tick 326814(326611), Delay 55 ms, IGT 4:32:08.129, RTA 8:18:19.151-8:18:19.206
Tick 326870(326667), Delay 5962 ms, IGT 4:32:10.929, RTA 8:18:21.953-8:18:27.915
Tick 326878(326675), Delay 56 ms, IGT 4:32:11.329, RTA 8:18:28.266-8:18:28.322
Tick 326895(326692), Delay 45 ms, IGT 4:32:12.179, RTA 8:18:29.120-8:18:29.165
Tick 326933(326730), Delay 73 ms, IGT 4:32:14.079, RTA 8:18:31.015-8:18:31.088
Tick 326934(326731), Delay 28 ms, IGT 4:32:14.129, RTA 8:18:31.088-8:18:31.116
Tick 327060(326857), Delay 65 ms, IGT 4:32:20.429, RTA 8:18:37.366-8:18:37.431
Tick 327061(326858), Delay 38 ms, IGT 4:32:20.479, RTA 8:18:37.431-8:18:37.469
Tick 327118(326915), Delay 55 ms, IGT 4:32:23.329, RTA 8:18:40.265-8:18:40.320
Tick 327185(326982), Delay 55 ms, IGT 4:32:26.679, RTA 8:18:43.615-8:18:43.670
Tick 327186(326983), Delay 45 ms, IGT 4:32:26.729, RTA 8:18:43.670-8:18:43.715
Tick 327190(326987), Delay 44 ms, IGT 4:32:26.929, RTA 8:18:43.871-8:18:43.915
Tick 327238(327035), Delay 55 ms, IGT 4:32:29.329, RTA 8:18:46.265-8:18:46.320
Tick 327310(327107), Delay 55 ms, IGT 4:32:32.929, RTA 8:18:49.865-8:18:49.920
Tick 327558(327355), Delay 45 ms, IGT 4:32:45.329, RTA 8:19:02.270-8:19:02.315
Tick 327575(327372), Delay 18561 ms, IGT 4:32:46.179, RTA 8:19:03.116-8:19:21.677
Tick 327590(327387), Delay 55 ms, IGT 4:32:46.929, RTA 8:19:22.375-8:19:22.430
Tick 327634(327431), Delay 58 ms, IGT 4:32:49.129, RTA 8:19:24.575-8:19:24.633
Tick 327635(327432), Delay 42 ms, IGT 4:32:49.179, RTA 8:19:24.633-8:19:24.675
Tick 327825(327622), Delay 45 ms, IGT 4:32:58.679, RTA 8:19:34.130-8:19:34.175
Tick 327829(327626), Delay 56 ms, IGT 4:32:58.879, RTA 8:19:34.324-8:19:34.380
Tick 327866(327663), Delay 45 ms, IGT 4:33:00.729, RTA 8:19:36.180-8:19:36.225
Tick 327910(327706), Delay 136 ms, IGT 4:33:02.879, RTA 8:19:38.376-8:19:38.512, due world load
Tick 327911(327707), Delay 18 ms, IGT 4:33:02.913, RTA 8:19:38.512-8:19:38.530
Tick 327912(327708), Delay 42 ms, IGT 4:33:02.963, RTA 8:19:38.530-8:19:38.572
Tick 327913(327709), Delay 55 ms, IGT 4:33:03.013, RTA 8:19:38.572-8:19:38.627
Tick 327914(327710), Delay 35 ms, IGT 4:33:03.063, RTA 8:19:38.627-8:19:38.662
Tick 327925(327721), Delay 55 ms, IGT 4:33:03.613, RTA 8:19:39.160-8:19:39.215
Tick 327926(327722), Delay 42 ms, IGT 4:33:03.663, RTA 8:19:39.215-8:19:39.257
Tick 327927(327723), Delay 55 ms, IGT 4:33:03.713, RTA 8:19:39.257-8:19:39.312
Tick 327929(327725), Delay 45 ms, IGT 4:33:03.813, RTA 8:19:39.365-8:19:39.410
Tick 327942(327738), Delay 55 ms, IGT 4:33:04.463, RTA 8:19:40.009-8:19:40.064
Tick 327943(327739), Delay 45 ms, IGT 4:33:04.513, RTA 8:19:40.064-8:19:40.109
Tick 328039(327835), Delay 61 ms, IGT 4:33:09.313, RTA 8:19:44.859-8:19:44.920
Tick 328040(327836), Delay 40 ms, IGT 4:33:09.363, RTA 8:19:44.920-8:19:44.960
Tick 328067(327863), Delay 58 ms, IGT 4:33:10.713, RTA 8:19:46.259-8:19:46.317
Tick 328068(327864), Delay 44 ms, IGT 4:33:10.763, RTA 8:19:46.317-8:19:46.361
Tick 328138(327934), Delay 44 ms, IGT 4:33:14.263, RTA 8:19:49.815-8:19:49.859
Tick 328191(327987), Delay 55 ms, IGT 4:33:16.913, RTA 8:19:52.458-8:19:52.513
Tick 328239(328035), Delay 45 ms, IGT 4:33:19.313, RTA 8:19:54.863-8:19:54.908
Tick 328246(328042), Delay 55 ms, IGT 4:33:19.663, RTA 8:19:55.209-8:19:55.264
Tick 328265(328061), Delay 7543 ms, IGT 4:33:20.613, RTA 8:19:56.159-8:20:03.702
Tick 328306(328102), Delay 55 ms, IGT 4:33:22.663, RTA 8:20:05.702-8:20:05.757
Tick 328490(328286), Delay 124 ms, IGT 4:33:31.863, RTA 8:20:14.905-8:20:15.029
Tick 328491(328287), Delay 0 ms, IGT 4:33:31.913, RTA 8:20:15.029-8:20:15.029
Tick 328492(328288), Delay 25 ms, IGT 4:33:31.963, RTA 8:20:15.029-8:20:15.054
Tick 328520(328316), Delay 55 ms, IGT 4:33:33.363, RTA 8:20:16.402-8:20:16.457
Tick 328780(328576), Delay 55 ms, IGT 4:33:46.363, RTA 8:20:29.400-8:20:29.455
Tick 328933(328729), Delay 27202 ms, IGT 4:33:54.013, RTA 8:20:37.051-8:21:04.253
Tick 328948(328744), Delay 62 ms, IGT 4:33:54.763, RTA 8:21:04.949-8:21:05.011
Tick 328949(328745), Delay 41 ms, IGT 4:33:54.813, RTA 8:21:05.011-8:21:05.052
Tick 328981(328777), Delay 55 ms, IGT 4:33:56.413, RTA 8:21:06.599-8:21:06.654
Tick 329023(328819), Delay 57 ms, IGT 4:33:58.513, RTA 8:21:08.700-8:21:08.757
Tick 329024(328820), Delay 43 ms, IGT 4:33:58.563, RTA 8:21:08.757-8:21:08.800
Tick 329030(328826), Delay 56 ms, IGT 4:33:58.863, RTA 8:21:09.050-8:21:09.106
Tick 329031(328827), Delay 44 ms, IGT 4:33:58.913, RTA 8:21:09.106-8:21:09.150
Tick 329296(329092), Delay 45 ms, IGT 4:34:12.163, RTA 8:21:22.355-8:21:22.400
Tick 329299(329095), Delay 55 ms, IGT 4:34:12.313, RTA 8:21:22.500-8:21:22.555
Tick 329300(329096), Delay 45 ms, IGT 4:34:12.363, RTA 8:21:22.555-8:21:22.600
Tick 329301(329097), Delay 55 ms, IGT 4:34:12.413, RTA 8:21:22.600-8:21:22.655
Tick 329529(329325), Delay 56 ms, IGT 4:34:23.813, RTA 8:21:34.000-8:21:34.056
Tick 329530(329326), Delay 44 ms, IGT 4:34:23.863, RTA 8:21:34.056-8:21:34.100
Tick 330222(330018), Delay 44 ms, IGT 4:34:58.463, RTA 8:22:08.655-8:22:08.699
Tick 330275(330071), Delay 55 ms, IGT 4:35:01.113, RTA 8:22:11.299-8:22:11.354
Tick 330492(330288), Delay 58 ms, IGT 4:35:11.963, RTA 8:22:22.150-8:22:22.208
Tick 330519(330315), Delay 55 ms, IGT 4:35:13.313, RTA 8:22:23.499-8:22:23.554
Tick 330615(330411), Delay 45 ms, IGT 4:35:18.113, RTA 8:22:28.304-8:22:28.349
Tick 330869(330665), Delay 59 ms, IGT 4:35:30.813, RTA 8:22:41.000-8:22:41.059
Tick 330870(330666), Delay 41 ms, IGT 4:35:30.863, RTA 8:22:41.059-8:22:41.100
Tick 330882(330678), Delay 55 ms, IGT 4:35:31.463, RTA 8:22:41.649-8:22:41.704
Tick 331006(330802), Delay 45 ms, IGT 4:35:37.663, RTA 8:22:47.854-8:22:47.899
Tick 331141(330936), Delay 44 ms, IGT 4:35:44.363, RTA 8:22:54.599-8:22:54.643, due world load
Tick 331142(330936), Delay 28 ms, IGT 4:35:44.363, RTA 8:22:54.643-8:22:54.671, due world load
Tick 331153(330947), Delay 56 ms, IGT 4:35:44.865, RTA 8:22:55.171-8:22:55.227
Tick 331154(330948), Delay 44 ms, IGT 4:35:44.915, RTA 8:22:55.227-8:22:55.271
Tick 331159(330953), Delay 44 ms, IGT 4:35:45.165, RTA 8:22:55.476-8:22:55.520
Tick 331160(330954), Delay 56 ms, IGT 4:35:45.215, RTA 8:22:55.520-8:22:55.576
Tick 331162(330956), Delay 58 ms, IGT 4:35:45.315, RTA 8:22:55.623-8:22:55.681
Tick 331163(330957), Delay 45 ms, IGT 4:35:45.365, RTA 8:22:55.681-8:22:55.726
Tick 331166(330960), Delay 43 ms, IGT 4:35:45.515, RTA 8:22:55.831-8:22:55.874
Tick 331167(330961), Delay 55 ms, IGT 4:35:45.565, RTA 8:22:55.874-8:22:55.929
Tick 331168(330962), Delay 41 ms, IGT 4:35:45.615, RTA 8:22:55.929-8:22:55.970
Tick 331233(331027), Delay 2118 ms, IGT 4:35:48.865, RTA 8:22:59.172-8:23:01.290
Tick 331239(331033), Delay 209368 ms, IGT 4:35:49.165, RTA 8:23:01.539-8:26:30.907
Tick 331484(331278), Delay 56 ms, IGT 4:36:01.415, RTA 8:26:43.106-8:26:43.162
Tick 331485(331279), Delay 45 ms, IGT 4:36:01.465, RTA 8:26:43.162-8:26:43.207
Tick 331488(331282), Delay 57 ms, IGT 4:36:01.615, RTA 8:26:43.309-8:26:43.366
Tick 331489(331283), Delay 44 ms, IGT 4:36:01.665, RTA 8:26:43.366-8:26:43.410
Tick 331520(331314), Delay 55 ms, IGT 4:36:03.215, RTA 8:26:44.906-8:26:44.961
Tick 331545(331339), Delay 45 ms, IGT 4:36:04.465, RTA 8:26:46.161-8:26:46.206
Tick 331553(331347), Delay 57 ms, IGT 4:36:04.865, RTA 8:26:46.557-8:26:46.614
Tick 331554(331348), Delay 43 ms, IGT 4:36:04.915, RTA 8:26:46.614-8:26:46.657
Tick 331641(331435), Delay 56 ms, IGT 4:36:09.265, RTA 8:26:50.959-8:26:51.015
Tick 331642(331436), Delay 44 ms, IGT 4:36:09.315, RTA 8:26:51.015-8:26:51.059
Tick 331765(331559), Delay 45 ms, IGT 4:36:15.465, RTA 8:26:57.160-8:26:57.205
Tick 332006(331800), Delay 55 ms, IGT 4:36:27.515, RTA 8:27:09.206-8:27:09.261
Tick 332323(332117), Delay 55 ms, IGT 4:36:43.365, RTA 8:27:25.056-8:27:25.111
Tick 332324(332118), Delay 45 ms, IGT 4:36:43.415, RTA 8:27:25.111-8:27:25.156
Tick 332355(332149), Delay 65 ms, IGT 4:36:44.965, RTA 8:27:26.656-8:27:26.721
Tick 332356(332150), Delay 35 ms, IGT 4:36:45.015, RTA 8:27:26.721-8:27:26.756
Tick 332358(332152), Delay 48185 ms, IGT 4:36:45.115, RTA 8:27:26.808-8:28:14.993
Tick 332390(332184), Delay 58 ms, IGT 4:36:46.715, RTA 8:28:16.543-8:28:16.601
Tick 332391(332185), Delay 44 ms, IGT 4:36:46.765, RTA 8:28:16.601-8:28:16.645
Tick 332476(332270), Delay 45 ms, IGT 4:36:51.015, RTA 8:28:20.847-8:28:20.892
Tick 332508(332302), Delay 45 ms, IGT 4:36:52.615, RTA 8:28:22.447-8:28:22.492
Tick 332773(332567), Delay 45 ms, IGT 4:37:05.865, RTA 8:28:35.696-8:28:35.741
Tick 332808(332602), Delay 56 ms, IGT 4:37:07.615, RTA 8:28:37.445-8:28:37.501
Tick 332908(332702), Delay 56 ms, IGT 4:37:12.615, RTA 8:28:42.451-8:28:42.507
Tick 332909(332703), Delay 44 ms, IGT 4:37:12.665, RTA 8:28:42.507-8:28:42.551
Tick 332937(332731), Delay 55 ms, IGT 4:37:14.065, RTA 8:28:43.901-8:28:43.956
Tick 332961(332755), Delay 57 ms, IGT 4:37:15.265, RTA 8:28:45.101-8:28:45.158
Tick 332964(332758), Delay 43 ms, IGT 4:37:15.415, RTA 8:28:45.255-8:28:45.298
Tick 332965(332759), Delay 62 ms, IGT 4:37:15.465, RTA 8:28:45.298-8:28:45.360
Tick 332966(332760), Delay 36 ms, IGT 4:37:15.515, RTA 8:28:45.360-8:28:45.396
Tick 332967(332761), Delay 58 ms, IGT 4:37:15.565, RTA 8:28:45.396-8:28:45.454
Tick 333938(333732), Delay 61 ms, IGT 4:38:04.115, RTA 8:29:33.952-8:29:34.013
Tick 333939(333733), Delay 31 ms, IGT 4:38:04.165, RTA 8:29:34.013-8:29:34.044
Tick 333940(333734), Delay 57 ms, IGT 4:38:04.215, RTA 8:29:34.044-8:29:34.101
Tick 334120(333914), Delay 60 ms, IGT 4:38:13.215, RTA 8:29:43.051-8:29:43.111
Tick 334121(333915), Delay 35 ms, IGT 4:38:13.265, RTA 8:29:43.111-8:29:43.146
Tick 334551(334345), Delay 44 ms, IGT 4:38:34.765, RTA 8:30:04.600-8:30:04.644
Tick 334867(334661), Delay 44 ms, IGT 4:38:50.565, RTA 8:30:20.397-8:30:20.441
Tick 335110(334903), Delay 64520 ms, IGT 4:39:02.665, RTA 8:30:32.543-8:31:37.063
Tick 335111(334903), Delay 2602 ms, IGT 4:39:02.665, RTA 8:31:37.063-8:31:39.665
Tick 335112(334903), Delay 59 ms, IGT 4:39:02.665, RTA 8:31:39.665-8:31:39.724, due world load
Tick 335113(334904), Delay 27 ms, IGT 4:39:02.712, RTA 8:31:39.724-8:31:39.751
Tick 335114(334905), Delay 55 ms, IGT 4:39:02.762, RTA 8:31:39.751-8:31:39.806
Tick 335115(334906), Delay 45 ms, IGT 4:39:02.812, RTA 8:31:39.806-8:31:39.851
Tick 335116(334907), Delay 55 ms, IGT 4:39:02.862, RTA 8:31:39.851-8:31:39.906
Tick 335134(334925), Delay 55 ms, IGT 4:39:03.762, RTA 8:31:40.756-8:31:40.811
Tick 335135(334926), Delay 44 ms, IGT 4:39:03.812, RTA 8:31:40.811-8:31:40.855
Tick 335138(334929), Delay 55 ms, IGT 4:39:03.962, RTA 8:31:40.955-8:31:41.010
Tick 335139(334930), Delay 44 ms, IGT 4:39:04.012, RTA 8:31:41.010-8:31:41.054
Tick 335141(334932), Delay 56 ms, IGT 4:39:04.112, RTA 8:31:41.105-8:31:41.161
Tick 335142(334933), Delay 41 ms, IGT 4:39:04.162, RTA 8:31:41.161-8:31:41.202
Tick 335145(334936), Delay 55 ms, IGT 4:39:04.312, RTA 8:31:41.302-8:31:41.357
Tick 335146(334937), Delay 44 ms, IGT 4:39:04.362, RTA 8:31:41.357-8:31:41.401
Tick 335147(334938), Delay 55 ms, IGT 4:39:04.412, RTA 8:31:41.401-8:31:41.456
Tick 335168(334958), Delay 84 ms, IGT 4:39:05.412, RTA 8:31:42.454-8:31:42.538, due world load
Tick 335169(334958), Delay 43 ms, IGT 4:39:05.412, RTA 8:31:42.538-8:31:42.581, due world load
Tick 335176(334964), Delay 84 ms, IGT 4:39:05.687, RTA 8:31:42.881-8:31:42.965
Tick 335177(334965), Delay 18 ms, IGT 4:39:05.737, RTA 8:31:42.965-8:31:42.983
Tick 335183(334971), Delay 55 ms, IGT 4:39:06.037, RTA 8:31:43.232-8:31:43.287
Tick 335252(335040), Delay 55 ms, IGT 4:39:09.487, RTA 8:31:46.682-8:31:46.737
Tick 335253(335041), Delay 45 ms, IGT 4:39:09.537, RTA 8:31:46.737-8:31:46.782
Tick 335338(335126), Delay 98 ms, IGT 4:39:13.339, RTA 8:31:50.982-8:31:51.080
Tick 335339(335127), Delay 10 ms, IGT 4:39:13.389, RTA 8:31:51.080-8:31:51.090
Tick 335340(335128), Delay 43 ms, IGT 4:39:13.439, RTA 8:31:51.090-8:31:51.133
Tick 335353(335141), Delay 45 ms, IGT 4:39:14.089, RTA 8:31:51.736-8:31:51.781
Tick 335356(335144), Delay 73 ms, IGT 4:39:14.239, RTA 8:31:51.883-8:31:51.956
Tick 335357(335145), Delay 26 ms, IGT 4:39:14.289, RTA 8:31:51.956-8:31:51.982
Tick 335420(335208), Delay 55 ms, IGT 4:39:17.439, RTA 8:31:55.081-8:31:55.136
Tick 335437(335225), Delay 45 ms, IGT 4:39:18.289, RTA 8:31:55.937-8:31:55.982
Tick 335448(335236), Delay 45 ms, IGT 4:39:18.839, RTA 8:31:56.487-8:31:56.532
Tick 335526(335314), Delay 45 ms, IGT 4:39:22.739, RTA 8:32:00.386-8:32:00.431
Tick 335591(335379), Delay 55 ms, IGT 4:39:25.989, RTA 8:32:03.631-8:32:03.686
Tick 335877(335665), Delay 59 ms, IGT 4:39:40.289, RTA 8:32:17.932-8:32:17.991
Tick 335878(335666), Delay 41 ms, IGT 4:39:40.339, RTA 8:32:17.991-8:32:18.032
Tick 335881(335669), Delay 70 ms, IGT 4:39:40.489, RTA 8:32:18.133-8:32:18.203
Tick 335882(335670), Delay 31 ms, IGT 4:39:40.539, RTA 8:32:18.203-8:32:18.234
Tick 335948(335736), Delay 45 ms, IGT 4:39:43.839, RTA 8:32:21.486-8:32:21.531
Tick 336314(336102), Delay 56 ms, IGT 4:40:02.139, RTA 8:32:39.781-8:32:39.837
Tick 336317(336105), Delay 44 ms, IGT 4:40:02.289, RTA 8:32:39.937-8:32:39.981
Tick 336330(336118), Delay 55 ms, IGT 4:40:02.939, RTA 8:32:40.581-8:32:40.636
Tick 336380(336168), Delay 55 ms, IGT 4:40:05.439, RTA 8:32:43.082-8:32:43.137
Tick 336393(336181), Delay 45 ms, IGT 4:40:06.089, RTA 8:32:43.736-8:32:43.781
Tick 336462(336250), Delay 45 ms, IGT 4:40:09.539, RTA 8:32:47.188-8:32:47.233
Tick 336483(336271), Delay 45 ms, IGT 4:40:10.589, RTA 8:32:48.237-8:32:48.282
Tick 336491(336279), Delay 55 ms, IGT 4:40:10.989, RTA 8:32:48.634-8:32:48.689
Tick 336503(336291), Delay 55 ms, IGT 4:40:11.589, RTA 8:32:49.231-8:32:49.286
Tick 336607(336395), Delay 55 ms, IGT 4:40:16.789, RTA 8:32:54.432-8:32:54.487
Tick 336732(336520), Delay 55 ms, IGT 4:40:23.039, RTA 8:33:00.681-8:33:00.736
Tick 336919(336707), Delay 45 ms, IGT 4:40:32.389, RTA 8:33:10.036-8:33:10.081
Tick 336981(336769), Delay 45 ms, IGT 4:40:35.489, RTA 8:33:13.136-8:33:13.181
Tick 336984(336772), Delay 65 ms, IGT 4:40:35.639, RTA 8:33:13.286-8:33:13.351
Tick 336985(336773), Delay 35 ms, IGT 4:40:35.689, RTA 8:33:13.351-8:33:13.386
Tick 336994(336782), Delay 45 ms, IGT 4:40:36.139, RTA 8:33:13.787-8:33:13.832
Tick 337034(336822), Delay 55 ms, IGT 4:40:38.139, RTA 8:33:15.781-8:33:15.836
Tick 337107(336895), Delay 55 ms, IGT 4:40:41.789, RTA 8:33:19.431-8:33:19.486
Tick 337108(336896), Delay 45 ms, IGT 4:40:41.839, RTA 8:33:19.486-8:33:19.531
Tick 337115(336903), Delay 55 ms, IGT 4:40:42.189, RTA 8:33:19.831-8:33:19.886
Tick 337276(337064), Delay 55 ms, IGT 4:40:50.239, RTA 8:33:27.881-8:33:27.936
Tick 337487(337275), Delay 43 ms, IGT 4:41:00.789, RTA 8:33:38.439-8:33:38.482
Tick 337583(337371), Delay 55 ms, IGT 4:41:05.589, RTA 8:33:43.231-8:33:43.286
Tick 337766(337554), Delay 7076 ms, IGT 4:41:14.739, RTA 8:33:52.382-8:33:59.458
Tick 337904(337692), Delay 56 ms, IGT 4:41:21.639, RTA 8:34:06.308-8:34:06.364
Tick 337905(337693), Delay 43 ms, IGT 4:41:21.689, RTA 8:34:06.364-8:34:06.407
Tick 337908(337696), Delay 44 ms, IGT 4:41:21.839, RTA 8:34:06.514-8:34:06.558
Tick 338129(337917), Delay 63 ms, IGT 4:41:32.889, RTA 8:34:17.559-8:34:17.622
Tick 338130(337918), Delay 37 ms, IGT 4:41:32.939, RTA 8:34:17.622-8:34:17.659
Tick 338173(337961), Delay 55 ms, IGT 4:41:35.089, RTA 8:34:19.757-8:34:19.812
Tick 338419(338207), Delay 59 ms, IGT 4:41:47.389, RTA 8:34:32.057-8:34:32.116
Tick 338420(338208), Delay 43 ms, IGT 4:41:47.439, RTA 8:34:32.116-8:34:32.159
Tick 338677(338465), Delay 64 ms, IGT 4:42:00.289, RTA 8:34:44.958-8:34:45.022
Tick 338678(338466), Delay 36 ms, IGT 4:42:00.339, RTA 8:34:45.022-8:34:45.058
Tick 338941(338729), Delay 55 ms, IGT 4:42:13.489, RTA 8:34:58.159-8:34:58.214
Tick 338946(338734), Delay 55 ms, IGT 4:42:13.739, RTA 8:34:58.408-8:34:58.463
Tick 338969(338757), Delay 55 ms, IGT 4:42:14.889, RTA 8:34:59.557-8:34:59.612
Tick 338970(338758), Delay 45 ms, IGT 4:42:14.939, RTA 8:34:59.612-8:34:59.657
Tick 339033(338821), Delay 56 ms, IGT 4:42:18.089, RTA 8:35:02.758-8:35:02.814
Tick 339034(338822), Delay 43 ms, IGT 4:42:18.139, RTA 8:35:02.814-8:35:02.857
Tick 339120(338908), Delay 55 ms, IGT 4:42:22.439, RTA 8:35:07.108-8:35:07.163
Tick 339121(338909), Delay 44 ms, IGT 4:42:22.489, RTA 8:35:07.163-8:35:07.207
Tick 339183(338971), Delay 55 ms, IGT 4:42:25.589, RTA 8:35:10.258-8:35:10.313
Tick 339520(339308), Delay 45 ms, IGT 4:42:42.439, RTA 8:35:27.113-8:35:27.158
Tick 339579(339367), Delay 55 ms, IGT 4:42:45.389, RTA 8:35:30.057-8:35:30.112
Tick 339588(339376), Delay 55 ms, IGT 4:42:45.839, RTA 8:35:30.507-8:35:30.562
Tick 339608(339396), Delay 57 ms, IGT 4:42:46.839, RTA 8:35:31.508-8:35:31.565
Tick 339609(339397), Delay 45 ms, IGT 4:42:46.889, RTA 8:35:31.565-8:35:31.610
Tick 339612(339400), Delay 55 ms, IGT 4:42:47.039, RTA 8:35:31.709-8:35:31.764
Tick 339613(339401), Delay 44 ms, IGT 4:42:47.089, RTA 8:35:31.764-8:35:31.808
Tick 339895(339682), Delay 42 ms, IGT 4:43:01.139, RTA 8:35:45.858-8:35:45.900, due world load
Tick 339896(339683), Delay 26 ms, IGT 4:43:01.157, RTA 8:35:45.900-8:35:45.926
Tick 339917(339704), Delay 59 ms, IGT 4:43:02.207, RTA 8:35:46.929-8:35:46.988
Tick 339919(339706), Delay 43 ms, IGT 4:43:02.307, RTA 8:35:47.036-8:35:47.079
Tick 339920(339707), Delay 55 ms, IGT 4:43:02.357, RTA 8:35:47.079-8:35:47.134
Tick 339921(339708), Delay 43 ms, IGT 4:43:02.407, RTA 8:35:47.134-8:35:47.177
Tick 339927(339714), Delay 45 ms, IGT 4:43:02.707, RTA 8:35:47.431-8:35:47.476
Tick 339962(339749), Delay 45 ms, IGT 4:43:04.457, RTA 8:35:49.182-8:35:49.227
Tick 339976(339763), Delay 45 ms, IGT 4:43:05.157, RTA 8:35:49.883-8:35:49.928
Tick 339978(339765), Delay 45 ms, IGT 4:43:05.257, RTA 8:35:49.982-8:35:50.027
Tick 340017(339804), Delay 78 ms, IGT 4:43:07.207, RTA 8:35:51.928-8:35:52.006
Tick 340018(339805), Delay 22 ms, IGT 4:43:07.257, RTA 8:35:52.006-8:35:52.028
Tick 340062(339849), Delay 55 ms, IGT 4:43:09.457, RTA 8:35:54.177-8:35:54.232
Tick 340315(340102), Delay 45 ms, IGT 4:43:22.107, RTA 8:36:06.831-8:36:06.876
Tick 340605(340392), Delay 45 ms, IGT 4:43:36.607, RTA 8:36:21.332-8:36:21.377
Tick 340613(340400), Delay 55 ms, IGT 4:43:37.007, RTA 8:36:21.726-8:36:21.781
Tick 340640(340427), Delay 55 ms, IGT 4:43:38.357, RTA 8:36:23.078-8:36:23.133
Tick 340643(340430), Delay 45 ms, IGT 4:43:38.507, RTA 8:36:23.232-8:36:23.277
Tick 340677(340464), Delay 55 ms, IGT 4:43:40.207, RTA 8:36:24.926-8:36:24.981
Tick 340699(340486), Delay 45 ms, IGT 4:43:41.307, RTA 8:36:26.031-8:36:26.076
Tick 340700(340487), Delay 56 ms, IGT 4:43:41.357, RTA 8:36:26.076-8:36:26.132
Tick 340701(340488), Delay 45 ms, IGT 4:43:41.407, RTA 8:36:26.132-8:36:26.177
Tick 340902(340689), Delay 57 ms, IGT 4:43:51.457, RTA 8:36:36.179-8:36:36.236
Tick 340903(340690), Delay 42 ms, IGT 4:43:51.507, RTA 8:36:36.236-8:36:36.278
Tick 341105(340892), Delay 56 ms, IGT 4:44:01.607, RTA 8:36:46.327-8:36:46.383
Tick 341106(340893), Delay 45 ms, IGT 4:44:01.657, RTA 8:36:46.383-8:36:46.428
Tick 341119(340906), Delay 45 ms, IGT 4:44:02.307, RTA 8:36:47.031-8:36:47.076
Tick 341476(341263), Delay 55 ms, IGT 4:44:20.157, RTA 8:37:04.877-8:37:04.932
Tick 341520(341307), Delay 45 ms, IGT 4:44:22.357, RTA 8:37:07.083-8:37:07.128
Tick 341524(341311), Delay 55 ms, IGT 4:44:22.557, RTA 8:37:07.278-8:37:07.333
Tick 341603(341390), Delay 55 ms, IGT 4:44:26.507, RTA 8:37:11.228-8:37:11.283
Tick 341604(341391), Delay 45 ms, IGT 4:44:26.557, RTA 8:37:11.283-8:37:11.328
Tick 341775(341562), Delay 45 ms, IGT 4:44:35.107, RTA 8:37:19.832-8:37:19.877
Tick 341913(341700), Delay 56 ms, IGT 4:44:42.007, RTA 8:37:26.727-8:37:26.783
Tick 341914(341701), Delay 45 ms, IGT 4:44:42.057, RTA 8:37:26.783-8:37:26.828
Tick 342036(341823), Delay 56 ms, IGT 4:44:48.157, RTA 8:37:32.876-8:37:32.932
Tick 342050(341837), Delay 45 ms, IGT 4:44:48.857, RTA 8:37:33.583-8:37:33.628
Tick 342262(342049), Delay 44 ms, IGT 4:44:59.457, RTA 8:37:44.183-8:37:44.227
Tick 342639(342426), Delay 44 ms, IGT 4:45:18.307, RTA 8:38:03.033-8:38:03.077
Tick 342669(342456), Delay 45 ms, IGT 4:45:19.807, RTA 8:38:04.532-8:38:04.577
Tick 342698(342485), Delay 55 ms, IGT 4:45:21.257, RTA 8:38:05.976-8:38:06.031
Tick 342699(342486), Delay 45 ms, IGT 4:45:21.307, RTA 8:38:06.031-8:38:06.076
Tick 342816(342603), Delay 55 ms, IGT 4:45:27.157, RTA 8:38:11.877-8:38:11.932
Tick 342906(342693), Delay 45 ms, IGT 4:45:31.657, RTA 8:38:16.382-8:38:16.427
Tick 342995(342782), Delay 55 ms, IGT 4:45:36.107, RTA 8:38:20.828-8:38:20.883
Tick 343021(342808), Delay 55 ms, IGT 4:45:37.407, RTA 8:38:22.127-8:38:22.182
Tick 343023(342810), Delay 44 ms, IGT 4:45:37.507, RTA 8:38:22.232-8:38:22.276
Tick 343024(342811), Delay 56 ms, IGT 4:45:37.557, RTA 8:38:22.276-8:38:22.332
Tick 343082(342869), Delay 57 ms, IGT 4:45:40.457, RTA 8:38:25.177-8:38:25.234
Tick 343219(343006), Delay 44 ms, IGT 4:45:47.307, RTA 8:38:32.034-8:38:32.078
Tick 343331(343117), Delay 119 ms, IGT 4:45:52.857, RTA 8:38:37.627-8:38:37.746, due world load
Tick 343332(343117), Delay 1 ms, IGT 4:45:52.857, RTA 8:38:37.746-8:38:37.747, due world load
Tick 343333(343118), Delay 41 ms, IGT 4:45:52.892, RTA 8:38:37.747-8:38:37.788
Tick 343334(343119), Delay 57 ms, IGT 4:45:52.942, RTA 8:38:37.788-8:38:37.845
Tick 343335(343120), Delay 25 ms, IGT 4:45:52.992, RTA 8:38:37.845-8:38:37.870
Tick 343527(343311), Delay 41 ms, IGT 4:46:02.542, RTA 8:38:47.419-8:38:47.460, due world load
Tick 343528(343312), Delay 32 ms, IGT 4:46:02.585, RTA 8:38:47.460-8:38:47.492
Tick 343548(343332), Delay 55 ms, IGT 4:46:03.585, RTA 8:38:48.442-8:38:48.497
Tick 343549(343333), Delay 45 ms, IGT 4:46:03.635, RTA 8:38:48.497-8:38:48.542
Tick 343558(343342), Delay 55 ms, IGT 4:46:04.085, RTA 8:38:48.941-8:38:48.996
Tick 343561(343345), Delay 5293 ms, IGT 4:46:04.235, RTA 8:38:49.092-8:38:54.385
Tick 343615(343399), Delay 55 ms, IGT 4:46:06.935, RTA 8:38:57.034-8:38:57.089
Tick 343616(343400), Delay 45 ms, IGT 4:46:06.985, RTA 8:38:57.089-8:38:57.134
Tick 343618(343402), Delay 60 ms, IGT 4:46:07.085, RTA 8:38:57.184-8:38:57.244
Tick 343619(343403), Delay 43 ms, IGT 4:46:07.135, RTA 8:38:57.244-8:38:57.287
Tick 343623(343407), Delay 44 ms, IGT 4:46:07.335, RTA 8:38:57.440-8:38:57.484
Tick 343717(343501), Delay 44 ms, IGT 4:46:12.035, RTA 8:39:02.141-8:39:02.185
Tick 343765(343549), Delay 55 ms, IGT 4:46:14.435, RTA 8:39:04.535-8:39:04.590
Tick 343766(343550), Delay 45 ms, IGT 4:46:14.485, RTA 8:39:04.590-8:39:04.635
Tick 343784(343568), Delay 6630 ms, IGT 4:46:15.385, RTA 8:39:05.484-8:39:12.114
Tick 343813(343596), Delay 144 ms, IGT 4:46:16.785, RTA 8:39:13.513-8:39:13.657, due world load
Tick 343814(343596), Delay 1 ms, IGT 4:46:16.785, RTA 8:39:13.657-8:39:13.658, due world load
Tick 343815(343596), Delay 34 ms, IGT 4:46:16.785, RTA 8:39:13.658-8:39:13.692, due world load
Tick 343816(343597), Delay 22 ms, IGT 4:46:16.797, RTA 8:39:13.692-8:39:13.714
Tick 343817(343598), Delay 36 ms, IGT 4:46:16.847, RTA 8:39:13.714-8:39:13.750
Tick 343850(343631), Delay 9665 ms, IGT 4:46:18.497, RTA 8:39:15.350-8:39:25.015
Tick 343853(343634), Delay 55 ms, IGT 4:46:18.647, RTA 8:39:25.113-8:39:25.168
Tick 343879(343660), Delay 45 ms, IGT 4:46:19.947, RTA 8:39:26.418-8:39:26.463
Tick 343917(343698), Delay 55 ms, IGT 4:46:21.847, RTA 8:39:28.314-8:39:28.369
Tick 343918(343699), Delay 45 ms, IGT 4:46:21.897, RTA 8:39:28.369-8:39:28.414
Tick 343974(343755), Delay 63 ms, IGT 4:46:24.697, RTA 8:39:31.164-8:39:31.227
Tick 343975(343756), Delay 37 ms, IGT 4:46:24.747, RTA 8:39:31.227-8:39:31.264
Tick 344277(344058), Delay 7448 ms, IGT 4:46:39.847, RTA 8:39:46.314-8:39:53.762
Tick 344301(344082), Delay 55 ms, IGT 4:46:41.047, RTA 8:39:54.911-8:39:54.966
Tick 344466(344247), Delay 45 ms, IGT 4:46:49.297, RTA 8:40:03.168-8:40:03.213
Tick 344470(344250), Delay 66 ms, IGT 4:46:49.447, RTA 8:40:03.364-8:40:03.430, due world load
Tick 344471(344250), Delay 19 ms, IGT 4:46:49.447, RTA 8:40:03.430-8:40:03.449, due world load
Tick 344475(344253), Delay 81 ms, IGT 4:46:49.549, RTA 8:40:03.599-8:40:03.680
Tick 344476(344254), Delay 20 ms, IGT 4:46:49.599, RTA 8:40:03.680-8:40:03.700
Tick 344484(344262), Delay 56 ms, IGT 4:46:49.999, RTA 8:40:04.049-8:40:04.105
Tick 344485(344263), Delay 45 ms, IGT 4:46:50.049, RTA 8:40:04.105-8:40:04.150
Tick 344490(344268), Delay 62 ms, IGT 4:46:50.299, RTA 8:40:04.352-8:40:04.414
Tick 344491(344269), Delay 38 ms, IGT 4:46:50.349, RTA 8:40:04.414-8:40:04.452
Tick 344493(344271), Delay 56 ms, IGT 4:46:50.449, RTA 8:40:04.502-8:40:04.558
Tick 344497(344275), Delay 57 ms, IGT 4:46:50.649, RTA 8:40:04.700-8:40:04.757
Tick 344546(344324), Delay 45 ms, IGT 4:46:53.099, RTA 8:40:07.154-8:40:07.199
Tick 344559(344337), Delay 92 ms, IGT 4:46:53.749, RTA 8:40:07.800-8:40:07.892
Tick 344560(344338), Delay 7 ms, IGT 4:46:53.799, RTA 8:40:07.892-8:40:07.899
Tick 344592(344370), Delay 45 ms, IGT 4:46:55.399, RTA 8:40:09.456-8:40:09.501
Tick 344630(344408), Delay 56 ms, IGT 4:46:57.299, RTA 8:40:11.349-8:40:11.405
Tick 344633(344411), Delay 45 ms, IGT 4:46:57.449, RTA 8:40:11.504-8:40:11.549
Tick 344649(344427), Delay 55 ms, IGT 4:46:58.249, RTA 8:40:12.299-8:40:12.354
Tick 344686(344464), Delay 55 ms, IGT 4:47:00.099, RTA 8:40:14.150-8:40:14.205
Tick 344750(344528), Delay 79 ms, IGT 4:47:03.299, RTA 8:40:17.350-8:40:17.429
Tick 344751(344529), Delay 21 ms, IGT 4:47:03.349, RTA 8:40:17.429-8:40:17.450
Tick 344895(344673), Delay 56 ms, IGT 4:47:10.549, RTA 8:40:24.600-8:40:24.656
Tick 345405(345183), Delay 55 ms, IGT 4:47:36.049, RTA 8:40:50.098-8:40:50.153
Tick 345433(345211), Delay 45 ms, IGT 4:47:37.449, RTA 8:40:51.504-8:40:51.549
Tick 345691(345469), Delay 45 ms, IGT 4:47:50.349, RTA 8:41:04.404-8:41:04.449
Tick 345696(345474), Delay 55 ms, IGT 4:47:50.599, RTA 8:41:04.649-8:41:04.704
Tick 345704(345482), Delay 55 ms, IGT 4:47:50.999, RTA 8:41:05.050-8:41:05.105
Tick 345705(345483), Delay 45 ms, IGT 4:47:51.049, RTA 8:41:05.105-8:41:05.150
Tick 345804(345582), Delay 45 ms, IGT 4:47:55.999, RTA 8:41:10.053-8:41:10.098
Tick 346150(345928), Delay 55 ms, IGT 4:48:13.299, RTA 8:41:27.352-8:41:27.407
Tick 346151(345929), Delay 44 ms, IGT 4:48:13.349, RTA 8:41:27.407-8:41:27.451
Tick 346155(345933), Delay 56 ms, IGT 4:48:13.549, RTA 8:41:27.598-8:41:27.654
Tick 346518(346296), Delay 55 ms, IGT 4:48:31.699, RTA 8:41:45.749-8:41:45.804
Tick 346528(346306), Delay 57 ms, IGT 4:48:32.199, RTA 8:41:46.250-8:41:46.307
Tick 346529(346307), Delay 43 ms, IGT 4:48:32.249, RTA 8:41:46.307-8:41:46.350
Tick 346540(346318), Delay 55 ms, IGT 4:48:32.799, RTA 8:41:46.849-8:41:46.904
Tick 346559(346337), Delay 55 ms, IGT 4:48:33.749, RTA 8:41:47.800-8:41:47.855
Tick 346560(346338), Delay 44 ms, IGT 4:48:33.799, RTA 8:41:47.855-8:41:47.899
Tick 346593(346371), Delay 45 ms, IGT 4:48:35.449, RTA 8:41:49.503-8:41:49.548
Tick 346594(346372), Delay 55 ms, IGT 4:48:35.499, RTA 8:41:49.548-8:41:49.603
Tick 346606(346384), Delay 24256 ms, IGT 4:48:36.099, RTA 8:41:50.153-8:42:14.409
Tick 346682(346460), Delay 55 ms, IGT 4:48:39.899, RTA 8:42:18.159-8:42:18.214
Tick 346801(346579), Delay 55 ms, IGT 4:48:45.849, RTA 8:42:24.110-8:42:24.165
Tick 346829(346607), Delay 55 ms, IGT 4:48:47.249, RTA 8:42:25.508-8:42:25.563
Tick 347081(346859), Delay 55 ms, IGT 4:48:59.849, RTA 8:42:38.110-8:42:38.165
Tick 347082(346860), Delay 44 ms, IGT 4:48:59.899, RTA 8:42:38.165-8:42:38.209
Tick 347093(346871), Delay 57 ms, IGT 4:49:00.449, RTA 8:42:38.709-8:42:38.766
Tick 347094(346872), Delay 43 ms, IGT 4:49:00.499, RTA 8:42:38.766-8:42:38.809
Tick 347115(346893), Delay 923 ms, IGT 4:49:01.549, RTA 8:42:39.811-8:42:40.734
Tick 347118(346896), Delay 55 ms, IGT 4:49:01.699, RTA 8:42:40.834-8:42:40.889
Tick 347119(346897), Delay 45 ms, IGT 4:49:01.749, RTA 8:42:40.889-8:42:40.934
Tick 347128(346906), Delay 815 ms, IGT 4:49:02.199, RTA 8:42:41.335-8:42:42.150
Tick 347658(347436), Delay 57 ms, IGT 4:49:28.699, RTA 8:43:08.599-8:43:08.656
Tick 347659(347437), Delay 41 ms, IGT 4:49:28.749, RTA 8:43:08.656-8:43:08.697
Tick 347743(347521), Delay 45 ms, IGT 4:49:32.949, RTA 8:43:12.853-8:43:12.898
Tick 347801(347579), Delay 55 ms, IGT 4:49:35.849, RTA 8:43:15.749-8:43:15.804
Tick 347802(347580), Delay 44 ms, IGT 4:49:35.899, RTA 8:43:15.804-8:43:15.848
Tick 347911(347689), Delay 57 ms, IGT 4:49:41.349, RTA 8:43:21.247-8:43:21.304
Tick 347912(347690), Delay 45 ms, IGT 4:49:41.399, RTA 8:43:21.304-8:43:21.349
Tick 348075(347853), Delay 56 ms, IGT 4:49:49.549, RTA 8:43:29.448-8:43:29.504
Tick 348161(347939), Delay 57 ms, IGT 4:49:53.849, RTA 8:43:33.748-8:43:33.805
Tick 348162(347940), Delay 43 ms, IGT 4:49:53.899, RTA 8:43:33.805-8:43:33.848
Tick 348387(348165), Delay 55 ms, IGT 4:50:05.149, RTA 8:43:45.049-8:43:45.104
Tick 348388(348166), Delay 45 ms, IGT 4:50:05.199, RTA 8:43:45.104-8:43:45.149
Tick 348445(348223), Delay 56 ms, IGT 4:50:08.049, RTA 8:43:47.948-8:43:48.004
Tick 348446(348224), Delay 45 ms, IGT 4:50:08.099, RTA 8:43:48.004-8:43:48.049
Tick 348520(348298), Delay 55 ms, IGT 4:50:11.799, RTA 8:43:51.698-8:43:51.753
Tick 348738(348516), Delay 55 ms, IGT 4:50:22.699, RTA 8:44:02.598-8:44:02.653
Tick 348766(348544), Delay 55 ms, IGT 4:50:24.099, RTA 8:44:03.997-8:44:04.052
Tick 348808(348586), Delay 55 ms, IGT 4:50:26.199, RTA 8:44:06.098-8:44:06.153
Tick 348907(348685), Delay 56 ms, IGT 4:50:31.149, RTA 8:44:11.047-8:44:11.103
Tick 348915(348693), Delay 55 ms, IGT 4:50:31.549, RTA 8:44:11.448-8:44:11.503
Tick 349068(348846), Delay 55 ms, IGT 4:50:39.199, RTA 8:44:19.099-8:44:19.154
Tick 349069(348847), Delay 44 ms, IGT 4:50:39.249, RTA 8:44:19.154-8:44:19.198
Tick 349289(349067), Delay 59 ms, IGT 4:50:50.249, RTA 8:44:30.150-8:44:30.209
Tick 349290(349068), Delay 39 ms, IGT 4:50:50.299, RTA 8:44:30.209-8:44:30.248
Tick 349489(349267), Delay 6960 ms, IGT 4:51:00.249, RTA 8:44:40.147-8:44:47.107
Tick 349589(349367), Delay 62 ms, IGT 4:51:05.249, RTA 8:44:52.055-8:44:52.117
Tick 349590(349368), Delay 41 ms, IGT 4:51:05.299, RTA 8:44:52.117-8:44:52.158
Tick 349681(349459), Delay 45 ms, IGT 4:51:09.849, RTA 8:44:56.661-8:44:56.706
Tick 349727(349505), Delay 45 ms, IGT 4:51:12.149, RTA 8:44:58.960-8:44:59.005
Tick 349831(349609), Delay 45 ms, IGT 4:51:17.349, RTA 8:45:04.162-8:45:04.207
Tick 349953(349731), Delay 56 ms, IGT 4:51:23.449, RTA 8:45:10.254-8:45:10.310
Tick 349954(349732), Delay 45 ms, IGT 4:51:23.499, RTA 8:45:10.310-8:45:10.355
Tick 349988(349766), Delay 55 ms, IGT 4:51:25.199, RTA 8:45:12.005-8:45:12.060
Tick 349989(349767), Delay 44 ms, IGT 4:51:25.249, RTA 8:45:12.060-8:45:12.104
Tick 350094(349872), Delay 55 ms, IGT 4:51:30.499, RTA 8:45:17.304-8:45:17.359
Tick 350105(349883), Delay 59440 ms, IGT 4:51:31.049, RTA 8:45:17.855-8:46:17.295
Tick 350142(349920), Delay 64 ms, IGT 4:51:32.899, RTA 8:46:19.096-8:46:19.160
Tick 350143(349921), Delay 35 ms, IGT 4:51:32.949, RTA 8:46:19.160-8:46:19.195
Tick 350182(349959), Delay 185 ms, IGT 4:51:34.849, RTA 8:46:21.095-8:46:21.280, due world load
Tick 350183(349959), Delay 0 ms, IGT 4:51:34.849, RTA 8:46:21.280-8:46:21.280, due world load
Tick 350184(349959), Delay 21 ms, IGT 4:51:34.849, RTA 8:46:21.280-8:46:21.301, due world load
Tick 350185(349960), Delay 11 ms, IGT 4:51:34.877, RTA 8:46:21.301-8:46:21.312
Tick 350204(349979), Delay 44 ms, IGT 4:51:35.827, RTA 8:46:22.218-8:46:22.262
Tick 350205(349980), Delay 55 ms, IGT 4:51:35.877, RTA 8:46:22.262-8:46:22.317
Tick 350248(350023), Delay 56 ms, IGT 4:51:38.027, RTA 8:46:24.411-8:46:24.467
Tick 350249(350024), Delay 78 ms, IGT 4:51:38.077, RTA 8:46:24.467-8:46:24.545
Tick 350250(350025), Delay 16 ms, IGT 4:51:38.127, RTA 8:46:24.545-8:46:24.561
Tick 350254(350029), Delay 57 ms, IGT 4:51:38.327, RTA 8:46:24.711-8:46:24.768
Tick 350255(350030), Delay 45 ms, IGT 4:51:38.377, RTA 8:46:24.768-8:46:24.813
Tick 350432(350207), Delay 45 ms, IGT 4:51:47.227, RTA 8:46:33.615-8:46:33.660
Tick 350460(350235), Delay 1523 ms, IGT 4:51:48.627, RTA 8:46:35.011-8:46:36.534
Tick 350471(350246), Delay 71 ms, IGT 4:51:49.177, RTA 8:46:37.032-8:46:37.103
Tick 350472(350247), Delay 31 ms, IGT 4:51:49.227, RTA 8:46:37.103-8:46:37.134
Tick 350533(350308), Delay 3512 ms, IGT 4:51:52.277, RTA 8:46:40.134-8:46:43.646
Tick 350659(350434), Delay 56 ms, IGT 4:51:58.577, RTA 8:46:49.896-8:46:49.952
Tick 350713(350488), Delay 45 ms, IGT 4:52:01.277, RTA 8:46:52.600-8:46:52.645
Tick 350801(350576), Delay 2803 ms, IGT 4:52:05.677, RTA 8:46:56.997-8:46:59.800
Tick 350828(350603), Delay 4359 ms, IGT 4:52:07.027, RTA 8:47:01.103-8:47:05.462
Tick 350930(350705), Delay 1326 ms, IGT 4:52:12.127, RTA 8:47:10.512-8:47:11.838
Tick 350948(350723), Delay 6419 ms, IGT 4:52:13.027, RTA 8:47:12.690-8:47:19.109
Tick 350963(350738), Delay 95456 ms, IGT 4:52:13.777, RTA 8:47:19.810-8:48:55.266
Tick 350983(350758), Delay 55 ms, IGT 4:52:14.777, RTA 8:48:56.215-8:48:56.270
Tick 351084(350859), Delay 13228 ms, IGT 4:52:19.827, RTA 8:49:01.266-8:49:14.494
Tick 351131(350906), Delay 57 ms, IGT 4:52:22.177, RTA 8:49:16.795-8:49:16.852
Tick 351132(350907), Delay 45 ms, IGT 4:52:22.227, RTA 8:49:16.852-8:49:16.897
Tick 351299(351074), Delay 37026 ms, IGT 4:52:30.577, RTA 8:49:25.194-8:50:02.220
Tick 351307(351082), Delay 33506 ms, IGT 4:52:30.977, RTA 8:50:02.572-8:50:36.078
Tick 351323(351098), Delay 55 ms, IGT 4:52:31.777, RTA 8:50:36.825-8:50:36.880
Tick 351324(351099), Delay 45 ms, IGT 4:52:31.827, RTA 8:50:36.880-8:50:36.925
Tick 351448(351223), Delay 1518 ms, IGT 4:52:38.027, RTA 8:50:43.078-8:50:44.596
Tick 351576(351351), Delay 61 ms, IGT 4:52:44.427, RTA 8:50:50.948-8:50:51.009
Tick 351577(351352), Delay 39 ms, IGT 4:52:44.477, RTA 8:50:51.009-8:50:51.048
Tick 351661(351436), Delay 65 ms, IGT 4:52:48.677, RTA 8:50:55.196-8:50:55.261
Tick 351662(351437), Delay 35 ms, IGT 4:52:48.727, RTA 8:50:55.261-8:50:55.296
Tick 351698(351473), Delay 55 ms, IGT 4:52:50.527, RTA 8:50:57.048-8:50:57.103
Tick 351746(351521), Delay 60 ms, IGT 4:52:52.927, RTA 8:50:59.447-8:50:59.507
Tick 351747(351522), Delay 41 ms, IGT 4:52:52.977, RTA 8:50:59.507-8:50:59.548
Tick 351789(351564), Delay 42 ms, IGT 4:52:55.077, RTA 8:51:01.603-8:51:01.645
Tick 351839(351614), Delay 57 ms, IGT 4:52:57.577, RTA 8:51:04.097-8:51:04.154
Tick 351842(351617), Delay 55 ms, IGT 4:52:57.727, RTA 8:51:04.246-8:51:04.301
Tick 351905(351680), Delay 10058 ms, IGT 4:53:00.877, RTA 8:51:07.397-8:51:17.455
Tick 351936(351711), Delay 32728 ms, IGT 4:53:02.427, RTA 8:51:18.954-8:51:51.682
Tick 351937(351712), Delay 45 ms, IGT 4:53:02.477, RTA 8:51:51.682-8:51:51.727
Tick 351966(351741), Delay 55 ms, IGT 4:53:03.927, RTA 8:51:53.128-8:51:53.183
Tick 351967(351742), Delay 45 ms, IGT 4:53:03.977, RTA 8:51:53.183-8:51:53.228
Tick 352093(351868), Delay 55 ms, IGT 4:53:10.277, RTA 8:51:59.478-8:51:59.533
Tick 352197(351972), Delay 45 ms, IGT 4:53:15.477, RTA 8:52:04.682-8:52:04.727
Tick 352237(352012), Delay 44 ms, IGT 4:53:17.477, RTA 8:52:06.683-8:52:06.727
Tick 352317(352091), Delay 64 ms, IGT 4:53:21.427, RTA 8:52:10.677-8:52:10.741, due world load
Tick 352318(352091), Delay 1 ms, IGT 4:53:21.427, RTA 8:52:10.741-8:52:10.742, due world load
Tick 352320(352093), Delay 75 ms, IGT 4:53:21.520, RTA 8:52:10.794-8:52:10.869
Tick 352321(352094), Delay 23 ms, IGT 4:53:21.570, RTA 8:52:10.869-8:52:10.892
Tick 352343(352116), Delay 56 ms, IGT 4:53:22.670, RTA 8:52:11.944-8:52:12.000
Tick 352344(352117), Delay 44 ms, IGT 4:53:22.720, RTA 8:52:12.000-8:52:12.044
Tick 352345(352118), Delay 57 ms, IGT 4:53:22.770, RTA 8:52:12.044-8:52:12.101
Tick 352349(352122), Delay 45 ms, IGT 4:53:22.970, RTA 8:52:12.252-8:52:12.297
Tick 352365(352138), Delay 101 ms, IGT 4:53:23.770, RTA 8:52:13.045-8:52:13.146
Tick 352366(352139), Delay 2 ms, IGT 4:53:23.820, RTA 8:52:13.146-8:52:13.148
Tick 352371(352144), Delay 58 ms, IGT 4:53:24.070, RTA 8:52:13.344-8:52:13.402
Tick 352372(352145), Delay 45 ms, IGT 4:53:24.120, RTA 8:52:13.402-8:52:13.447
Tick 352381(352154), Delay 45 ms, IGT 4:53:24.570, RTA 8:52:13.850-8:52:13.895
Tick 352385(352158), Delay 56 ms, IGT 4:53:24.770, RTA 8:52:14.048-8:52:14.104
Tick 352386(352159), Delay 42 ms, IGT 4:53:24.820, RTA 8:52:14.104-8:52:14.146
Tick 352388(352161), Delay 45 ms, IGT 4:53:24.920, RTA 8:52:14.200-8:52:14.245
Tick 352433(352206), Delay 45 ms, IGT 4:53:27.170, RTA 8:52:16.449-8:52:16.494
Tick 352437(352210), Delay 45 ms, IGT 4:53:27.370, RTA 8:52:16.648-8:52:16.693
Tick 352438(352211), Delay 55 ms, IGT 4:53:27.420, RTA 8:52:16.693-8:52:16.748
Tick 352439(352212), Delay 45 ms, IGT 4:53:27.470, RTA 8:52:16.748-8:52:16.793
Tick 352465(352238), Delay 55 ms, IGT 4:53:28.770, RTA 8:52:18.043-8:52:18.098
Tick 352466(352239), Delay 45 ms, IGT 4:53:28.820, RTA 8:52:18.098-8:52:18.143
Tick 352468(352241), Delay 58 ms, IGT 4:53:28.920, RTA 8:52:18.192-8:52:18.250
Tick 352490(352263), Delay 44 ms, IGT 4:53:30.020, RTA 8:52:19.298-8:52:19.342
Tick 352491(352264), Delay 55 ms, IGT 4:53:30.070, RTA 8:52:19.342-8:52:19.397
Tick 352508(352281), Delay 55 ms, IGT 4:53:30.920, RTA 8:52:20.195-8:52:20.250
Tick 352509(352282), Delay 45 ms, IGT 4:53:30.970, RTA 8:52:20.250-8:52:20.295
Tick 352513(352286), Delay 45 ms, IGT 4:53:31.170, RTA 8:52:20.447-8:52:20.492
Tick 352514(352287), Delay 56 ms, IGT 4:53:31.220, RTA 8:52:20.492-8:52:20.548
Tick 352553(352326), Delay 56 ms, IGT 4:53:33.170, RTA 8:52:22.442-8:52:22.498
Tick 352556(352329), Delay 90 ms, IGT 4:53:33.320, RTA 8:52:22.595-8:52:22.685
Tick 352557(352330), Delay 9 ms, IGT 4:53:33.370, RTA 8:52:22.685-8:52:22.694
Tick 352704(352477), Delay 55 ms, IGT 4:53:40.720, RTA 8:52:29.992-8:52:30.047
Tick 352728(352501), Delay 55 ms, IGT 4:53:41.920, RTA 8:52:31.193-8:52:31.248
Tick 352809(352582), Delay 55 ms, IGT 4:53:45.970, RTA 8:52:35.242-8:52:35.297
Tick 352848(352621), Delay 57 ms, IGT 4:53:47.920, RTA 8:52:37.192-8:52:37.249
Tick 352849(352622), Delay 44 ms, IGT 4:53:47.970, RTA 8:52:37.249-8:52:37.293
Tick 352973(352746), Delay 65 ms, IGT 4:53:54.170, RTA 8:52:43.444-8:52:43.509
Tick 352974(352747), Delay 36 ms, IGT 4:53:54.220, RTA 8:52:43.509-8:52:43.545
Tick 352999(352772), Delay 44 ms, IGT 4:53:55.470, RTA 8:52:44.750-8:52:44.794
Tick 353154(352927), Delay 61 ms, IGT 4:54:03.220, RTA 8:52:52.492-8:52:52.553
Tick 353155(352928), Delay 41 ms, IGT 4:54:03.270, RTA 8:52:52.553-8:52:52.594
Tick 353180(352953), Delay 45 ms, IGT 4:54:04.520, RTA 8:52:53.797-8:52:53.842
Tick 353261(353034), Delay 45 ms, IGT 4:54:08.570, RTA 8:52:57.847-8:52:57.892
Tick 353362(353135), Delay 56 ms, IGT 4:54:13.620, RTA 8:53:02.894-8:53:02.950
Tick 353363(353136), Delay 43 ms, IGT 4:54:13.670, RTA 8:53:02.950-8:53:02.993
Tick 353454(353227), Delay 55 ms, IGT 4:54:18.220, RTA 8:53:07.493-8:53:07.548
Tick 353455(353228), Delay 45 ms, IGT 4:54:18.270, RTA 8:53:07.548-8:53:07.593
Tick 353637(353409), Delay 170 ms, IGT 4:54:27.320, RTA 8:53:16.644-8:53:16.814, due world load
Tick 353638(353409), Delay 1 ms, IGT 4:54:27.320, RTA 8:53:16.814-8:53:16.815, due world load
Tick 353639(353409), Delay 0 ms, IGT 4:54:27.320, RTA 8:53:16.815-8:53:16.815, due world load
Tick 353640(353409), Delay 23 ms, IGT 4:54:27.320, RTA 8:53:16.815-8:53:16.838, due world load
Tick 353641(353410), Delay 31 ms, IGT 4:54:27.364, RTA 8:53:16.838-8:53:16.869
Tick 353654(353423), Delay 56 ms, IGT 4:54:28.014, RTA 8:53:17.464-8:53:17.520
Tick 353662(353431), Delay 55 ms, IGT 4:54:28.414, RTA 8:53:17.866-8:53:17.921
Tick 353693(353462), Delay 56 ms, IGT 4:54:29.964, RTA 8:53:19.416-8:53:19.472
Tick 353778(353547), Delay 7336 ms, IGT 4:54:34.214, RTA 8:53:23.664-8:53:31.000
Tick 353828(353597), Delay 57 ms, IGT 4:54:36.714, RTA 8:53:33.450-8:53:33.507
Tick 353829(353598), Delay 44 ms, IGT 4:54:36.764, RTA 8:53:33.507-8:53:33.551
Tick 354238(354007), Delay 62 ms, IGT 4:54:57.214, RTA 8:53:53.949-8:53:54.011
Tick 354239(354008), Delay 39 ms, IGT 4:54:57.264, RTA 8:53:54.011-8:53:54.050
Tick 354245(354014), Delay 45 ms, IGT 4:54:57.564, RTA 8:53:54.305-8:53:54.350
Tick 354970(354739), Delay 57 ms, IGT 4:55:33.814, RTA 8:54:30.551-8:54:30.608
Tick 354971(354740), Delay 41 ms, IGT 4:55:33.864, RTA 8:54:30.608-8:54:30.649
Tick 354994(354763), Delay 55 ms, IGT 4:55:35.014, RTA 8:54:31.750-8:54:31.805
Tick 355404(355173), Delay 56 ms, IGT 4:55:55.514, RTA 8:54:52.250-8:54:52.306
Tick 355405(355174), Delay 43 ms, IGT 4:55:55.564, RTA 8:54:52.306-8:54:52.349
Tick 355819(355588), Delay 55 ms, IGT 4:56:16.264, RTA 8:55:13.000-8:55:13.055
Tick 356126(355895), Delay 55 ms, IGT 4:56:31.614, RTA 8:55:28.351-8:55:28.406
Tick 356141(355910), Delay 56 ms, IGT 4:56:32.364, RTA 8:55:29.100-8:55:29.156
Tick 356142(355911), Delay 45 ms, IGT 4:56:32.414, RTA 8:55:29.156-8:55:29.201
Tick 356230(355998), Delay 40 ms, IGT 4:56:36.764, RTA 8:55:33.551-8:55:33.591, due world load
Tick 356231(355999), Delay 41 ms, IGT 4:56:36.805, RTA 8:55:33.591-8:55:33.632
Tick 356245(356013), Delay 55 ms, IGT 4:56:37.505, RTA 8:55:34.281-8:55:34.336
Tick 356251(356019), Delay 45 ms, IGT 4:56:37.805, RTA 8:55:34.587-8:55:34.632
Tick 356259(356027), Delay 55 ms, IGT 4:56:38.205, RTA 8:55:34.982-8:55:35.037
Tick 356260(356028), Delay 44 ms, IGT 4:56:38.255, RTA 8:55:35.037-8:55:35.081
Tick 356281(356049), Delay 88 ms, IGT 4:56:39.305, RTA 8:55:36.082-8:55:36.170
Tick 356282(356050), Delay 13 ms, IGT 4:56:39.355, RTA 8:55:36.170-8:55:36.183
Tick 356337(356104), Delay 96 ms, IGT 4:56:42.055, RTA 8:55:38.882-8:55:38.978, due world load
Tick 356338(356105), Delay 7 ms, IGT 4:56:42.070, RTA 8:55:38.978-8:55:38.985
Tick 356343(356110), Delay 90 ms, IGT 4:56:42.320, RTA 8:55:39.186-8:55:39.276
Tick 356344(356111), Delay 10 ms, IGT 4:56:42.370, RTA 8:55:39.276-8:55:39.286
Tick 356357(356124), Delay 55 ms, IGT 4:56:43.020, RTA 8:55:39.884-8:55:39.939
Tick 356393(356160), Delay 55 ms, IGT 4:56:44.820, RTA 8:55:41.685-8:55:41.740
Tick 356396(356163), Delay 44 ms, IGT 4:56:44.970, RTA 8:55:41.841-8:55:41.885
Tick 356397(356164), Delay 56 ms, IGT 4:56:45.020, RTA 8:55:41.884-8:55:41.940
Tick 356398(356165), Delay 44 ms, IGT 4:56:45.070, RTA 8:55:41.940-8:55:41.984
Tick 356536(356302), Delay 40 ms, IGT 4:56:51.920, RTA 8:55:48.835-8:55:48.875, due world load
Tick 356537(356303), Delay 42 ms, IGT 4:56:51.957, RTA 8:55:48.875-8:55:48.917
Tick 356538(356304), Delay 57 ms, IGT 4:56:52.007, RTA 8:55:48.917-8:55:48.974
Tick 356539(356305), Delay 43 ms, IGT 4:56:52.057, RTA 8:55:48.974-8:55:49.017
Tick 356551(356317), Delay 55 ms, IGT 4:56:52.657, RTA 8:55:49.568-8:55:49.623
Tick 356555(356321), Delay 58 ms, IGT 4:56:52.857, RTA 8:55:49.769-8:55:49.827
Tick 356556(356322), Delay 42 ms, IGT 4:56:52.907, RTA 8:55:49.827-8:55:49.869
Tick 356565(356331), Delay 44 ms, IGT 4:56:53.357, RTA 8:55:50.273-8:55:50.317
Tick 356587(356353), Delay 55 ms, IGT 4:56:54.457, RTA 8:55:51.367-8:55:51.422
Tick 356635(356401), Delay 55 ms, IGT 4:56:56.857, RTA 8:55:53.768-8:55:53.823
Tick 356648(356414), Delay 45 ms, IGT 4:56:57.507, RTA 8:55:54.421-8:55:54.466
Tick 356657(356423), Delay 74 ms, IGT 4:56:57.957, RTA 8:55:54.868-8:55:54.942
Tick 356658(356424), Delay 25 ms, IGT 4:56:58.007, RTA 8:55:54.942-8:55:54.967
Tick 356730(356496), Delay 45 ms, IGT 4:57:01.607, RTA 8:55:58.523-8:55:58.568
Tick 356738(356504), Delay 45 ms, IGT 4:57:02.007, RTA 8:55:58.923-8:55:58.968
Tick 356770(356536), Delay 55 ms, IGT 4:57:03.607, RTA 8:56:00.518-8:56:00.573
Tick 356843(356608), Delay 84 ms, IGT 4:57:07.207, RTA 8:56:04.168-8:56:04.252, due world load
Tick 356844(356609), Delay 6 ms, IGT 4:57:07.216, RTA 8:56:04.252-8:56:04.258
Tick 356848(356613), Delay 55 ms, IGT 4:57:07.416, RTA 8:56:04.406-8:56:04.461
Tick 356851(356616), Delay 65 ms, IGT 4:57:07.566, RTA 8:56:04.561-8:56:04.626
Tick 356852(356617), Delay 35 ms, IGT 4:57:07.616, RTA 8:56:04.626-8:56:04.661
Tick 356983(356748), Delay 45 ms, IGT 4:57:14.166, RTA 8:56:11.161-8:56:11.206
Tick 357237(357002), Delay 71 ms, IGT 4:57:26.866, RTA 8:56:23.857-8:56:23.928
Tick 357238(357003), Delay 30 ms, IGT 4:57:26.916, RTA 8:56:23.928-8:56:23.958
Tick 357281(357046), Delay 45 ms, IGT 4:57:29.066, RTA 8:56:26.061-8:56:26.106
Tick 357340(357105), Delay 6201 ms, IGT 4:57:32.016, RTA 8:56:29.007-8:56:35.208
Tick 357930(357695), Delay 55 ms, IGT 4:58:01.516, RTA 8:57:04.658-8:57:04.713
Tick 357931(357696), Delay 45 ms, IGT 4:58:01.566, RTA 8:57:04.713-8:57:04.758
Tick 357973(357738), Delay 45 ms, IGT 4:58:03.666, RTA 8:57:06.812-8:57:06.857
Tick 358011(357776), Delay 45 ms, IGT 4:58:05.566, RTA 8:57:08.712-8:57:08.757
Tick 358038(357803), Delay 45 ms, IGT 4:58:06.916, RTA 8:57:10.062-8:57:10.107
Tick 358068(357832), Delay 61 ms, IGT 4:58:08.366, RTA 8:57:11.558-8:57:11.619, due world load
Tick 358084(357848), Delay 44 ms, IGT 4:58:09.161, RTA 8:57:12.373-8:57:12.417
Tick 358085(357849), Delay 58 ms, IGT 4:58:09.211, RTA 8:57:12.417-8:57:12.475
Tick 358089(357853), Delay 43 ms, IGT 4:58:09.411, RTA 8:57:12.623-8:57:12.666
Tick 358090(357854), Delay 57 ms, IGT 4:58:09.461, RTA 8:57:12.666-8:57:12.723
Tick 358215(357979), Delay 59 ms, IGT 4:58:15.711, RTA 8:57:18.917-8:57:18.976
Tick 358216(357980), Delay 39 ms, IGT 4:58:15.761, RTA 8:57:18.976-8:57:19.015
Tick 358253(358016), Delay 115 ms, IGT 4:58:17.561, RTA 8:57:20.816-8:57:20.931, due world load
Tick 358254(358017), Delay 16 ms, IGT 4:58:17.593, RTA 8:57:20.931-8:57:20.947
Tick 358259(358022), Delay 68 ms, IGT 4:58:17.843, RTA 8:57:21.152-8:57:21.220
Tick 358260(358023), Delay 27 ms, IGT 4:58:17.893, RTA 8:57:21.220-8:57:21.247
Tick 358274(358037), Delay 55 ms, IGT 4:58:18.593, RTA 8:57:21.899-8:57:21.954
Tick 358275(358038), Delay 43 ms, IGT 4:58:18.643, RTA 8:57:21.954-8:57:21.997
Tick 358279(358042), Delay 56 ms, IGT 4:58:18.843, RTA 8:57:22.146-8:57:22.202
Tick 358285(358048), Delay 44 ms, IGT 4:58:19.143, RTA 8:57:22.451-8:57:22.495
Tick 358286(358049), Delay 55 ms, IGT 4:58:19.193, RTA 8:57:22.495-8:57:22.550
Tick 358291(358054), Delay 55 ms, IGT 4:58:19.443, RTA 8:57:22.745-8:57:22.800
Tick 358374(358137), Delay 56 ms, IGT 4:58:23.593, RTA 8:57:26.897-8:57:26.953
Tick 358375(358138), Delay 44 ms, IGT 4:58:23.643, RTA 8:57:26.953-8:57:26.997
Tick 358722(358485), Delay 67 ms, IGT 4:58:40.993, RTA 8:57:44.299-8:57:44.366
Tick 358723(358486), Delay 31 ms, IGT 4:58:41.043, RTA 8:57:44.366-8:57:44.397
Tick 358896(358659), Delay 56 ms, IGT 4:58:49.693, RTA 8:57:52.995-8:57:53.051
Tick 358897(358660), Delay 45 ms, IGT 4:58:49.743, RTA 8:57:53.051-8:57:53.096
Tick 358921(358684), Delay 57 ms, IGT 4:58:50.943, RTA 8:57:54.247-8:57:54.304
Tick 358922(358685), Delay 44 ms, IGT 4:58:50.993, RTA 8:57:54.304-8:57:54.348
Tick 359057(358820), Delay 78 ms, IGT 4:58:57.702, RTA 8:58:01.050-8:58:01.128
Tick 359058(358821), Delay 21 ms, IGT 4:58:57.752, RTA 8:58:01.128-8:58:01.149
Tick 359182(358944), Delay 123 ms, IGT 4:59:03.902, RTA 8:58:07.298-8:58:07.421, due world load
Tick 359183(358944), Delay 1 ms, IGT 4:59:03.902, RTA 8:58:07.421-8:58:07.422, due world load
Tick 359184(358945), Delay 58 ms, IGT 4:59:03.903, RTA 8:58:07.422-8:58:07.480
Tick 359185(358946), Delay 30 ms, IGT 4:59:03.953, RTA 8:58:07.480-8:58:07.510
Tick 359206(358967), Delay 55 ms, IGT 4:59:05.003, RTA 8:58:08.508-8:58:08.563
Tick 359261(359022), Delay 55 ms, IGT 4:59:07.753, RTA 8:58:11.257-8:58:11.312
Tick 359469(359230), Delay 44 ms, IGT 4:59:18.153, RTA 8:58:21.663-8:58:21.707
Tick 359562(359323), Delay 55 ms, IGT 4:59:22.803, RTA 8:58:26.308-8:58:26.363
Tick 359582(359343), Delay 45 ms, IGT 4:59:23.803, RTA 8:58:27.313-8:58:27.358
Tick 359636(359396), Delay 45 ms, IGT 4:59:26.453, RTA 8:58:30.008-8:58:30.053, due world load
Tick 359638(359398), Delay 57 ms, IGT 4:59:26.537, RTA 8:58:30.104-8:58:30.161
Tick 359639(359399), Delay 42 ms, IGT 4:59:26.587, RTA 8:58:30.161-8:58:30.203
Tick 359654(359414), Delay 70 ms, IGT 4:59:27.337, RTA 8:58:30.908-8:58:30.978
Tick 359655(359415), Delay 31 ms, IGT 4:59:27.387, RTA 8:58:30.978-8:58:31.009
Tick 359711(359470), Delay 83 ms, IGT 4:59:30.137, RTA 8:58:33.756-8:58:33.839, due world load
Tick 359712(359471), Delay 14 ms, IGT 4:59:30.173, RTA 8:58:33.839-8:58:33.853
Tick 359718(359477), Delay 40 ms, IGT 4:59:30.473, RTA 8:58:34.113-8:58:34.153
Tick 359721(359480), Delay 55 ms, IGT 4:59:30.623, RTA 8:58:34.253-8:58:34.308
Tick 359722(359481), Delay 45 ms, IGT 4:59:30.673, RTA 8:58:34.308-8:58:34.353
Tick 359725(359484), Delay 45 ms, IGT 4:59:30.823, RTA 8:58:34.457-8:58:34.502
Tick 359727(359486), Delay 55 ms, IGT 4:59:30.923, RTA 8:58:34.553-8:58:34.608
Tick 359728(359487), Delay 45 ms, IGT 4:59:30.973, RTA 8:58:34.608-8:58:34.653
Tick 359730(359489), Delay 71 ms, IGT 4:59:31.073, RTA 8:58:34.703-8:58:34.774
Tick 359731(359490), Delay 29 ms, IGT 4:59:31.123, RTA 8:58:34.774-8:58:34.803
Tick 359744(359503), Delay 45 ms, IGT 4:59:31.773, RTA 8:58:35.407-8:58:35.452
Tick 359763(359522), Delay 57 ms, IGT 4:59:32.723, RTA 8:58:36.353-8:58:36.410
Tick 359764(359523), Delay 42 ms, IGT 4:59:32.773, RTA 8:58:36.410-8:58:36.452
Tick 359809(359568), Delay 55 ms, IGT 4:59:34.980, RTA 8:58:38.651-8:58:38.706
Tick 359811(359570), Delay 45 ms, IGT 4:59:35.080, RTA 8:58:38.756-8:58:38.801
Tick 359816(359575), Delay 57 ms, IGT 4:59:35.330, RTA 8:58:39.002-8:58:39.059
Tick 359817(359576), Delay 44 ms, IGT 4:59:35.380, RTA 8:58:39.059-8:58:39.103
Tick 359819(359578), Delay 60 ms, IGT 4:59:35.480, RTA 8:58:39.155-8:58:39.215
Tick 359820(359579), Delay 35 ms, IGT 4:59:35.530, RTA 8:58:39.215-8:58:39.250
Tick 359849(359608), Delay 55 ms, IGT 4:59:36.980, RTA 8:58:40.649-8:58:40.704
Tick 359860(359618), Delay 159 ms, IGT 4:59:37.480, RTA 8:58:41.200-8:58:41.359, due world load
Tick 359861(359618), Delay 0 ms, IGT 4:59:37.480, RTA 8:58:41.359-8:58:41.359, due world load
Tick 359862(359619), Delay 29 ms, IGT 4:59:37.524, RTA 8:58:41.359-8:58:41.388
Tick 359865(359622), Delay 98 ms, IGT 4:59:37.674, RTA 8:58:41.487-8:58:41.585
Tick 359866(359623), Delay 9 ms, IGT 4:59:37.724, RTA 8:58:41.585-8:58:41.594
Tick 359870(359627), Delay 55 ms, IGT 4:59:37.924, RTA 8:58:41.737-8:58:41.792
Tick 359947(359704), Delay 64 ms, IGT 4:59:41.774, RTA 8:58:45.587-8:58:45.651
Tick 359948(359705), Delay 36 ms, IGT 4:59:41.824, RTA 8:58:45.651-8:58:45.687
Tick 359951(359708), Delay 70 ms, IGT 4:59:41.974, RTA 8:58:45.787-8:58:45.857
Tick 359952(359709), Delay 30 ms, IGT 4:59:42.024, RTA 8:58:45.857-8:58:45.887
Tick 360381(360138), Delay 55 ms, IGT 5:00:03.474, RTA 8:59:07.286-8:59:07.341
Tick 360383(360140), Delay 45 ms, IGT 5:00:03.574, RTA 8:59:07.391-8:59:07.436
Tick 360384(360141), Delay 55 ms, IGT 5:00:03.624, RTA 8:59:07.436-8:59:07.491
Tick 360465(360222), Delay 56 ms, IGT 5:00:07.674, RTA 8:59:11.486-8:59:11.542
Tick 360473(360229), Delay 45 ms, IGT 5:00:08.024, RTA 8:59:11.888-8:59:11.933, due world load
Tick 360475(360231), Delay 60 ms, IGT 5:00:08.120, RTA 8:59:11.981-8:59:12.041
Tick 360476(360232), Delay 40 ms, IGT 5:00:08.170, RTA 8:59:12.041-8:59:12.081
Tick 360514(360269), Delay 74 ms, IGT 5:00:10.020, RTA 8:59:13.932-8:59:14.006, due world load
Tick 360515(360270), Delay 23 ms, IGT 5:00:10.060, RTA 8:59:14.006-8:59:14.029
Tick 360518(360273), Delay 60 ms, IGT 5:00:10.210, RTA 8:59:14.130-8:59:14.190
Tick 360519(360274), Delay 43 ms, IGT 5:00:10.260, RTA 8:59:14.190-8:59:14.233
Tick 360520(360275), Delay 67 ms, IGT 5:00:10.310, RTA 8:59:14.233-8:59:14.300
Tick 360521(360276), Delay 29 ms, IGT 5:00:10.360, RTA 8:59:14.300-8:59:14.329
Tick 360562(360317), Delay 64 ms, IGT 5:00:12.410, RTA 8:59:16.329-8:59:16.393
Tick 360563(360318), Delay 38 ms, IGT 5:00:12.460, RTA 8:59:16.393-8:59:16.431
Tick 360566(360321), Delay 55 ms, IGT 5:00:12.610, RTA 8:59:16.531-8:59:16.586
Tick 360569(360323), Delay 56 ms, IGT 5:00:12.710, RTA 8:59:16.682-8:59:16.738, due world load
Tick 360570(360324), Delay 42 ms, IGT 5:00:12.755, RTA 8:59:16.738-8:59:16.780
Tick 360579(360333), Delay 57 ms, IGT 5:00:13.205, RTA 8:59:17.181-8:59:17.238
Tick 360580(360334), Delay 45 ms, IGT 5:00:13.255, RTA 8:59:17.238-8:59:17.283
Tick 360586(360340), Delay 55 ms, IGT 5:00:13.555, RTA 8:59:17.531-8:59:17.586
Tick 360589(360343), Delay 57 ms, IGT 5:00:13.705, RTA 8:59:17.681-8:59:17.738
Tick 360592(360346), Delay 42 ms, IGT 5:00:13.855, RTA 8:59:17.838-8:59:17.880
Tick 360593(360347), Delay 55 ms, IGT 5:00:13.905, RTA 8:59:17.880-8:59:17.935
Tick 360670(360424), Delay 155 ms, IGT 5:00:17.706, RTA 8:59:21.732-8:59:21.887
Tick 360671(360425), Delay 1 ms, IGT 5:00:17.756, RTA 8:59:21.887-8:59:21.888
Tick 360672(360426), Delay 0 ms, IGT 5:00:17.806, RTA 8:59:21.888-8:59:21.888
Tick 360676(360430), Delay 64 ms, IGT 5:00:18.006, RTA 8:59:22.036-8:59:22.100
Tick 360677(360431), Delay 37 ms, IGT 5:00:18.056, RTA 8:59:22.100-8:59:22.137
Tick 360678(360432), Delay 61 ms, IGT 5:00:18.106, RTA 8:59:22.137-8:59:22.198
Tick 360679(360433), Delay 40 ms, IGT 5:00:18.156, RTA 8:59:22.198-8:59:22.238
Tick 360694(360448), Delay 45 ms, IGT 5:00:18.906, RTA 8:59:22.942-8:59:22.987
Tick 360715(360469), Delay 60 ms, IGT 5:00:19.956, RTA 8:59:23.986-8:59:24.046
Tick 360716(360470), Delay 41 ms, IGT 5:00:20.006, RTA 8:59:24.046-8:59:24.087
Tick 360814(360568), Delay 60 ms, IGT 5:00:24.906, RTA 8:59:28.938-8:59:28.998
Tick 360815(360569), Delay 40 ms, IGT 5:00:24.956, RTA 8:59:28.998-8:59:29.038
Tick 360848(360602), Delay 45 ms, IGT 5:00:26.606, RTA 8:59:30.640-8:59:30.685
Tick 360882(360636), Delay 1043 ms, IGT 5:00:28.306, RTA 8:59:32.337-8:59:33.380
Tick 360886(360640), Delay 55 ms, IGT 5:00:28.506, RTA 8:59:33.529-8:59:33.584
Tick 360888(360642), Delay 981 ms, IGT 5:00:28.606, RTA 8:59:33.631-8:59:34.612
Tick 360889(360643), Delay 45 ms, IGT 5:00:28.656, RTA 8:59:34.612-8:59:34.657
Tick 360894(360648), Delay 1239 ms, IGT 5:00:28.906, RTA 8:59:34.858-8:59:36.097
Tick 360903(360657), Delay 6044 ms, IGT 5:00:29.356, RTA 8:59:36.499-8:59:42.543
Tick 361074(360827), Delay 43 ms, IGT 5:00:37.840, RTA 8:59:51.039-8:59:51.082
Tick 361081(360834), Delay 45 ms, IGT 5:00:38.190, RTA 8:59:51.386-8:59:51.431
Tick 361099(360852), Delay 45 ms, IGT 5:00:39.090, RTA 8:59:52.290-8:59:52.335
Tick 361105(360858), Delay 57 ms, IGT 5:00:39.390, RTA 8:59:52.582-8:59:52.639
Tick 361106(360859), Delay 42 ms, IGT 5:00:39.440, RTA 8:59:52.639-8:59:52.681
Tick 361208(360961), Delay 44 ms, IGT 5:00:44.540, RTA 8:59:57.736-8:59:57.780
Tick 361240(360993), Delay 57 ms, IGT 5:00:46.140, RTA 8:59:59.337-8:59:59.394
Tick 361241(360994), Delay 39 ms, IGT 5:00:46.190, RTA 8:59:59.394-8:59:59.433
Tick 361248(361001), Delay 45 ms, IGT 5:00:46.540, RTA 8:59:59.736-8:59:59.781
Tick 361322(361075), Delay 55 ms, IGT 5:00:50.240, RTA 9:00:03.434-9:00:03.489
Tick 361323(361076), Delay 40 ms, IGT 5:00:50.290, RTA 9:00:03.489-9:00:03.529
Tick 361324(361077), Delay 55 ms, IGT 5:00:50.340, RTA 9:00:03.529-9:00:03.584
Tick 361467(361219), Delay 105 ms, IGT 5:00:57.440, RTA 9:00:10.684-9:00:10.789, due world load
Tick 361468(361220), Delay 14 ms, IGT 5:00:57.469, RTA 9:00:10.789-9:00:10.803
Tick 361473(361225), Delay 74 ms, IGT 5:00:57.719, RTA 9:00:11.005-9:00:11.079
Tick 361474(361226), Delay 25 ms, IGT 5:00:57.769, RTA 9:00:11.079-9:00:11.104
Tick 361490(361242), Delay 79 ms, IGT 5:00:58.569, RTA 9:00:11.849-9:00:11.928
Tick 361491(361243), Delay 23 ms, IGT 5:00:58.619, RTA 9:00:11.928-9:00:11.951
Tick 361523(361274), Delay 40 ms, IGT 5:01:00.169, RTA 9:00:13.500-9:00:13.540, due world load
Tick 361524(361275), Delay 45 ms, IGT 5:01:00.218, RTA 9:00:13.540-9:00:13.585
Tick 361559(361310), Delay 55 ms, IGT 5:01:01.968, RTA 9:00:15.286-9:00:15.341
Tick 361568(361319), Delay 84 ms, IGT 5:01:02.418, RTA 9:00:15.737-9:00:15.821
Tick 361569(361320), Delay 19 ms, IGT 5:01:02.468, RTA 9:00:15.821-9:00:15.840
Tick 361619(361370), Delay 55 ms, IGT 5:01:04.968, RTA 9:00:18.286-9:00:18.341
Tick 361620(361371), Delay 45 ms, IGT 5:01:05.018, RTA 9:00:18.341-9:00:18.386
Tick 361631(361382), Delay 45 ms, IGT 5:01:05.568, RTA 9:00:18.890-9:00:18.935
Tick 361632(361383), Delay 55 ms, IGT 5:01:05.618, RTA 9:00:18.935-9:00:18.990
Tick 361669(361420), Delay 71 ms, IGT 5:01:07.468, RTA 9:00:20.786-9:00:20.857
Tick 361670(361421), Delay 31 ms, IGT 5:01:07.518, RTA 9:00:20.857-9:00:20.888
Tick 361696(361447), Delay 55 ms, IGT 5:01:08.818, RTA 9:00:22.136-9:00:22.191
Tick 361709(361459), Delay 91 ms, IGT 5:01:09.418, RTA 9:00:22.788-9:00:22.879, due world load
Tick 361710(361459), Delay 3 ms, IGT 5:01:09.418, RTA 9:00:22.879-9:00:22.882, due world load
Tick 361714(361463), Delay 62 ms, IGT 5:01:09.616, RTA 9:00:23.032-9:00:23.094
Tick 361716(361465), Delay 34 ms, IGT 5:01:09.716, RTA 9:00:23.147-9:00:23.181
Tick 361726(361475), Delay 64 ms, IGT 5:01:10.216, RTA 9:00:23.632-9:00:23.696
Tick 361727(361476), Delay 36 ms, IGT 5:01:10.266, RTA 9:00:23.696-9:00:23.732
Tick 362251(362000), Delay 685 ms, IGT 5:01:36.466, RTA 9:00:49.884-9:00:50.569
Tick 362260(362009), Delay 40032 ms, IGT 5:01:36.916, RTA 9:00:50.967-9:01:30.999
Tick 362375(362123), Delay 56 ms, IGT 5:01:42.592, RTA 9:01:36.698-9:01:36.754
Tick 362376(362124), Delay 43 ms, IGT 5:01:42.642, RTA 9:01:36.754-9:01:36.797
Tick 362381(362129), Delay 45 ms, IGT 5:01:42.892, RTA 9:01:37.004-9:01:37.049
Tick 362449(362197), Delay 61 ms, IGT 5:01:46.292, RTA 9:01:40.398-9:01:40.459
Tick 362450(362198), Delay 36 ms, IGT 5:01:46.342, RTA 9:01:40.459-9:01:40.495
Tick 362466(362214), Delay 45 ms, IGT 5:01:47.142, RTA 9:01:41.250-9:01:41.295
Tick 362845(362592), Delay 117 ms, IGT 5:02:06.042, RTA 9:02:00.195-9:02:00.312, due world load
Tick 362846(362593), Delay 20 ms, IGT 5:02:06.077, RTA 9:02:00.312-9:02:00.332
Tick 362851(362598), Delay 72 ms, IGT 5:02:06.327, RTA 9:02:00.534-9:02:00.606
Tick 362852(362599), Delay 26 ms, IGT 5:02:06.377, RTA 9:02:00.606-9:02:00.632
Tick 362955(362702), Delay 9892 ms, IGT 5:02:11.527, RTA 9:02:05.734-9:02:15.626
Tick 363067(362813), Delay 24 ms, IGT 5:02:17.075, RTA 9:02:21.172-9:02:21.196
Tick 363075(362821), Delay 56 ms, IGT 5:02:17.475, RTA 9:02:21.547-9:02:21.603
Tick 363076(362822), Delay 45 ms, IGT 5:02:17.525, RTA 9:02:21.603-9:02:21.648
Tick 363077(362823), Delay 55 ms, IGT 5:02:17.575, RTA 9:02:21.648-9:02:21.703
Tick 363079(362825), Delay 43 ms, IGT 5:02:17.675, RTA 9:02:21.756-9:02:21.799
Tick 363083(362829), Delay 55 ms, IGT 5:02:17.875, RTA 9:02:21.949-9:02:22.004
Tick 363084(362830), Delay 45 ms, IGT 5:02:17.925, RTA 9:02:22.004-9:02:22.049
Tick 363090(362836), Delay 56 ms, IGT 5:02:18.225, RTA 9:02:22.299-9:02:22.355
Tick 363092(362838), Delay 45 ms, IGT 5:02:18.325, RTA 9:02:22.404-9:02:22.449
Tick 363094(362840), Delay 59 ms, IGT 5:02:18.425, RTA 9:02:22.498-9:02:22.557
Tick 363095(362841), Delay 42 ms, IGT 5:02:18.475, RTA 9:02:22.557-9:02:22.599
Tick 363100(362846), Delay 56 ms, IGT 5:02:18.725, RTA 9:02:22.797-9:02:22.853
Tick 363108(362854), Delay 56 ms, IGT 5:02:19.125, RTA 9:02:23.198-9:02:23.254
Tick 363147(362893), Delay 112 ms, IGT 5:02:21.075, RTA 9:02:25.147-9:02:25.259
Tick 363148(362894), Delay 2 ms, IGT 5:02:21.125, RTA 9:02:25.259-9:02:25.261
Tick 363149(362895), Delay 37 ms, IGT 5:02:21.175, RTA 9:02:25.261-9:02:25.298
Tick 363177(362923), Delay 55 ms, IGT 5:02:22.575, RTA 9:02:26.646-9:02:26.701
Tick 363313(363059), Delay 55 ms, IGT 5:02:29.375, RTA 9:02:33.446-9:02:33.501
Tick 363326(363072), Delay 63 ms, IGT 5:02:30.025, RTA 9:02:34.097-9:02:34.160
Tick 363327(363073), Delay 38 ms, IGT 5:02:30.075, RTA 9:02:34.160-9:02:34.198
Tick 363549(363295), Delay 55 ms, IGT 5:02:41.175, RTA 9:02:45.247-9:02:45.302
Tick 363552(363298), Delay 42 ms, IGT 5:02:41.325, RTA 9:02:45.406-9:02:45.448
Tick 363553(363299), Delay 55 ms, IGT 5:02:41.375, RTA 9:02:45.448-9:02:45.503
Tick 363564(363310), Delay 55 ms, IGT 5:02:41.925, RTA 9:02:45.999-9:02:46.054
Tick 363567(363313), Delay 45 ms, IGT 5:02:42.075, RTA 9:02:46.153-9:02:46.198
Tick 363711(363457), Delay 55 ms, IGT 5:02:49.275, RTA 9:02:53.351-9:02:53.406
Tick 363813(363559), Delay 580 ms, IGT 5:02:54.375, RTA 9:02:58.448-9:02:59.028
Tick 363849(363595), Delay 55 ms, IGT 5:02:56.175, RTA 9:03:00.775-9:03:00.830
Tick 364066(363812), Delay 57 ms, IGT 5:03:07.025, RTA 9:03:11.626-9:03:11.683
Tick 364067(363813), Delay 43 ms, IGT 5:03:07.075, RTA 9:03:11.683-9:03:11.726
Tick 364094(363840), Delay 45 ms, IGT 5:03:08.425, RTA 9:03:13.033-9:03:13.078
Tick 364252(363998), Delay 55 ms, IGT 5:03:16.325, RTA 9:03:20.926-9:03:20.981
Tick 364274(364019), Delay 89 ms, IGT 5:03:17.375, RTA 9:03:22.026-9:03:22.115, due world load
Tick 364275(364019), Delay 12 ms, IGT 5:03:17.375, RTA 9:03:22.115-9:03:22.127, due world load
Tick 364276(364020), Delay 71 ms, IGT 5:03:17.422, RTA 9:03:22.127-9:03:22.198
Tick 364277(364021), Delay 41 ms, IGT 5:03:17.472, RTA 9:03:22.198-9:03:22.239
Tick 364278(364022), Delay 35 ms, IGT 5:03:17.522, RTA 9:03:22.239-9:03:22.274
Tick 364319(364063), Delay 70 ms, IGT 5:03:19.572, RTA 9:03:24.269-9:03:24.339
Tick 364320(364064), Delay 33 ms, IGT 5:03:19.622, RTA 9:03:24.339-9:03:24.372
Tick 364380(364123), Delay 45 ms, IGT 5:03:22.572, RTA 9:03:27.320-9:03:27.365, due world load
Tick 364439(364181), Delay 78 ms, IGT 5:03:25.440, RTA 9:03:30.264-9:03:30.342
Tick 364440(364182), Delay 21 ms, IGT 5:03:25.490, RTA 9:03:30.342-9:03:30.363
Tick 364450(364192), Delay 45 ms, IGT 5:03:25.990, RTA 9:03:30.816-9:03:30.861
Tick 364456(364197), Delay 77 ms, IGT 5:03:26.240, RTA 9:03:31.112-9:03:31.189, due world load
Tick 364457(364198), Delay 18 ms, IGT 5:03:26.279, RTA 9:03:31.189-9:03:31.207
Tick 364462(364203), Delay 65 ms, IGT 5:03:26.529, RTA 9:03:31.408-9:03:31.473
Tick 364463(364204), Delay 36 ms, IGT 5:03:26.579, RTA 9:03:31.473-9:03:31.509
Tick 364482(364223), Delay 57 ms, IGT 5:03:27.529, RTA 9:03:32.406-9:03:32.463
Tick 364483(364224), Delay 44 ms, IGT 5:03:27.579, RTA 9:03:32.463-9:03:32.507
Tick 364528(364269), Delay 5489 ms, IGT 5:03:29.829, RTA 9:03:34.708-9:03:40.197
Tick 364805(364545), Delay 56 ms, IGT 5:03:43.612, RTA 9:03:53.992-9:03:54.048
Tick 364815(364555), Delay 45 ms, IGT 5:03:44.112, RTA 9:03:54.497-9:03:54.542
Tick 365009(364749), Delay 55 ms, IGT 5:03:53.812, RTA 9:04:04.192-9:04:04.247
Tick 365010(364750), Delay 44 ms, IGT 5:03:53.862, RTA 9:04:04.247-9:04:04.291
Tick 365016(364756), Delay 44 ms, IGT 5:03:54.162, RTA 9:04:04.548-9:04:04.592
Tick 365112(364852), Delay 42 ms, IGT 5:03:58.962, RTA 9:04:09.349-9:04:09.391
Tick 365114(364854), Delay 56 ms, IGT 5:03:59.062, RTA 9:04:09.442-9:04:09.498
Tick 365115(364855), Delay 45 ms, IGT 5:03:59.112, RTA 9:04:09.498-9:04:09.543
Tick 365126(364866), Delay 45 ms, IGT 5:03:59.662, RTA 9:04:10.048-9:04:10.093
Tick 365184(364924), Delay 45 ms, IGT 5:04:02.562, RTA 9:04:12.946-9:04:12.991
Tick 365300(365040), Delay 56 ms, IGT 5:04:08.362, RTA 9:04:18.742-9:04:18.798
Tick 365321(365061), Delay 64 ms, IGT 5:04:09.412, RTA 9:04:19.795-9:04:19.859
Tick 365322(365062), Delay 32 ms, IGT 5:04:09.462, RTA 9:04:19.859-9:04:19.891
Tick 365350(365090), Delay 55 ms, IGT 5:04:10.862, RTA 9:04:21.241-9:04:21.296
Tick 365398(365138), Delay 55 ms, IGT 5:04:13.262, RTA 9:04:23.641-9:04:23.696
Tick 365434(365174), Delay 45 ms, IGT 5:04:15.062, RTA 9:04:25.446-9:04:25.491
Tick 365452(365192), Delay 55 ms, IGT 5:04:15.962, RTA 9:04:26.341-9:04:26.396
Tick 365524(365264), Delay 56 ms, IGT 5:04:19.562, RTA 9:04:29.944-9:04:30.000
Tick 365525(365265), Delay 44 ms, IGT 5:04:19.612, RTA 9:04:30.000-9:04:30.044
Tick 365634(365374), Delay 55 ms, IGT 5:04:25.062, RTA 9:04:35.442-9:04:35.497
Tick 365639(365379), Delay 45 ms, IGT 5:04:25.312, RTA 9:04:35.697-9:04:35.742
Tick 365759(365499), Delay 55 ms, IGT 5:04:31.312, RTA 9:04:41.692-9:04:41.747
Tick 365900(365640), Delay 45 ms, IGT 5:04:38.362, RTA 9:04:48.747-9:04:48.792
Tick 366013(365753), Delay 58 ms, IGT 5:04:44.012, RTA 9:04:54.393-9:04:54.451
Tick 366014(365754), Delay 44 ms, IGT 5:04:44.062, RTA 9:04:54.451-9:04:54.495
Tick 366017(365757), Delay 45 ms, IGT 5:04:44.212, RTA 9:04:54.596-9:04:54.641
Tick 366085(365825), Delay 55 ms, IGT 5:04:47.612, RTA 9:04:57.993-9:04:58.048
Tick 366086(365826), Delay 45 ms, IGT 5:04:47.662, RTA 9:04:58.048-9:04:58.093
Tick 366137(365877), Delay 4895 ms, IGT 5:04:50.212, RTA 9:05:00.593-9:05:05.488
Tick 366149(365889), Delay 63 ms, IGT 5:04:50.812, RTA 9:05:06.038-9:05:06.101
Tick 366150(365890), Delay 39 ms, IGT 5:04:50.862, RTA 9:05:06.101-9:05:06.140
Tick 366152(365892), Delay 44 ms, IGT 5:04:50.962, RTA 9:05:06.193-9:05:06.237
Tick 366156(365896), Delay 45 ms, IGT 5:04:51.162, RTA 9:05:06.392-9:05:06.437
Tick 366231(365971), Delay 55 ms, IGT 5:04:54.912, RTA 9:05:10.138-9:05:10.193
Tick 366232(365972), Delay 45 ms, IGT 5:04:54.962, RTA 9:05:10.193-9:05:10.238
Tick 366240(365980), Delay 56 ms, IGT 5:04:55.362, RTA 9:05:10.587-9:05:10.643
Tick 366256(365996), Delay 55 ms, IGT 5:04:56.162, RTA 9:05:11.386-9:05:11.441
Tick 366312(366052), Delay 45 ms, IGT 5:04:58.962, RTA 9:05:14.191-9:05:14.236
Tick 366591(366331), Delay 55 ms, IGT 5:05:12.912, RTA 9:05:28.137-9:05:28.192
Tick 366620(366360), Delay 56 ms, IGT 5:05:14.362, RTA 9:05:29.587-9:05:29.643
Tick 366678(366418), Delay 55 ms, IGT 5:05:17.262, RTA 9:05:32.488-9:05:32.543
Tick 366679(366419), Delay 45 ms, IGT 5:05:17.312, RTA 9:05:32.543-9:05:32.588
Tick 366775(366515), Delay 55 ms, IGT 5:05:22.112, RTA 9:05:37.337-9:05:37.392
Tick 366808(366548), Delay 55 ms, IGT 5:05:23.762, RTA 9:05:38.989-9:05:39.044
Tick 366988(366728), Delay 56 ms, IGT 5:05:32.762, RTA 9:05:47.988-9:05:48.044
Tick 366989(366729), Delay 44 ms, IGT 5:05:32.812, RTA 9:05:48.044-9:05:48.088
Tick 367118(366858), Delay 62 ms, IGT 5:05:39.262, RTA 9:05:54.489-9:05:54.551
Tick 367119(366859), Delay 36 ms, IGT 5:05:39.312, RTA 9:05:54.551-9:05:54.587
Tick 367338(367078), Delay 57 ms, IGT 5:05:50.262, RTA 9:06:05.486-9:06:05.543
Tick 367339(367079), Delay 45 ms, IGT 5:05:50.312, RTA 9:06:05.543-9:06:05.588
Tick 367354(367094), Delay 55 ms, IGT 5:05:51.062, RTA 9:06:06.286-9:06:06.341
Tick 367418(367158), Delay 45 ms, IGT 5:05:54.262, RTA 9:06:09.491-9:06:09.536
Tick 367475(367215), Delay 55 ms, IGT 5:05:57.112, RTA 9:06:12.337-9:06:12.392
Tick 367560(367300), Delay 44 ms, IGT 5:06:01.362, RTA 9:06:16.593-9:06:16.637
Tick 367852(367592), Delay 45 ms, IGT 5:06:15.962, RTA 9:06:31.193-9:06:31.238
Tick 367873(367613), Delay 55 ms, IGT 5:06:17.012, RTA 9:06:32.240-9:06:32.295
Tick 367874(367614), Delay 44 ms, IGT 5:06:17.062, RTA 9:06:32.295-9:06:32.339
Tick 367895(367635), Delay 56 ms, IGT 5:06:18.112, RTA 9:06:33.337-9:06:33.393
Tick 367957(367697), Delay 56 ms, IGT 5:06:21.212, RTA 9:06:36.436-9:06:36.492
Tick 368111(367851), Delay 55 ms, IGT 5:06:28.912, RTA 9:06:44.137-9:06:44.192
Tick 368171(367911), Delay 55 ms, IGT 5:06:31.912, RTA 9:06:47.137-9:06:47.192
Tick 368281(368021), Delay 45 ms, IGT 5:06:37.412, RTA 9:06:52.641-9:06:52.686
Tick 368519(368259), Delay 13946 ms, IGT 5:06:49.312, RTA 9:07:04.539-9:07:18.485
Tick 368537(368277), Delay 55 ms, IGT 5:06:50.212, RTA 9:07:19.332-9:07:19.387
Tick 368542(368282), Delay 45 ms, IGT 5:06:50.462, RTA 9:07:19.587-9:07:19.632
Tick 368556(368296), Delay 55 ms, IGT 5:06:51.162, RTA 9:07:20.283-9:07:20.338
Tick 368593(368333), Delay 55 ms, IGT 5:06:53.012, RTA 9:07:22.132-9:07:22.187
Tick 368598(368338), Delay 45 ms, IGT 5:06:53.262, RTA 9:07:22.389-9:07:22.434
Tick 368602(368342), Delay 45 ms, IGT 5:06:53.462, RTA 9:07:22.587-9:07:22.632
Tick 368606(368346), Delay 43 ms, IGT 5:06:53.662, RTA 9:07:22.790-9:07:22.833
Tick 368608(368348), Delay 55 ms, IGT 5:06:53.762, RTA 9:07:22.883-9:07:22.938
Tick 368614(368354), Delay 56 ms, IGT 5:06:54.062, RTA 9:07:23.181-9:07:23.237
Tick 368645(368385), Delay 44 ms, IGT 5:06:55.612, RTA 9:07:24.737-9:07:24.781
Tick 368679(368419), Delay 55 ms, IGT 5:06:57.312, RTA 9:07:26.431-9:07:26.486
Tick 368707(368447), Delay 55 ms, IGT 5:06:58.712, RTA 9:07:27.831-9:07:27.886
Tick 368784(368524), Delay 55 ms, IGT 5:07:02.562, RTA 9:07:31.681-9:07:31.736
Tick 368883(368623), Delay 45 ms, IGT 5:07:07.512, RTA 9:07:36.637-9:07:36.682
Tick 368884(368624), Delay 56 ms, IGT 5:07:07.562, RTA 9:07:36.682-9:07:36.738
Tick 368885(368625), Delay 45 ms, IGT 5:07:07.612, RTA 9:07:36.738-9:07:36.783
Tick 368920(368660), Delay 45 ms, IGT 5:07:09.362, RTA 9:07:38.486-9:07:38.531
Tick 368921(368661), Delay 55 ms, IGT 5:07:09.412, RTA 9:07:38.531-9:07:38.586
Tick 368940(368680), Delay 56 ms, IGT 5:07:10.362, RTA 9:07:39.483-9:07:39.539
Tick 368943(368683), Delay 55 ms, IGT 5:07:10.512, RTA 9:07:39.633-9:07:39.688
Tick 368952(368692), Delay 55 ms, IGT 5:07:10.962, RTA 9:07:40.080-9:07:40.135
Tick 369074(368814), Delay 45 ms, IGT 5:07:17.062, RTA 9:07:46.186-9:07:46.231
Tick 369075(368815), Delay 55 ms, IGT 5:07:17.112, RTA 9:07:46.231-9:07:46.286
Tick 369111(368851), Delay 57 ms, IGT 5:07:18.912, RTA 9:07:48.033-9:07:48.090
Tick 369112(368852), Delay 43 ms, IGT 5:07:18.962, RTA 9:07:48.090-9:07:48.133
Tick 369126(368866), Delay 45 ms, IGT 5:07:19.662, RTA 9:07:48.789-9:07:48.834
Tick 369134(368874), Delay 57 ms, IGT 5:07:20.062, RTA 9:07:49.183-9:07:49.240
Tick 369135(368875), Delay 43 ms, IGT 5:07:20.112, RTA 9:07:49.240-9:07:49.283
Tick 369173(368913), Delay 45 ms, IGT 5:07:22.012, RTA 9:07:51.136-9:07:51.181
Tick 369175(368915), Delay 63 ms, IGT 5:07:22.112, RTA 9:07:51.234-9:07:51.297
Tick 369176(368916), Delay 34 ms, IGT 5:07:22.162, RTA 9:07:51.297-9:07:51.331
Tick 369268(369008), Delay 45 ms, IGT 5:07:26.762, RTA 9:07:55.887-9:07:55.932
Tick 369472(369212), Delay 55 ms, IGT 5:07:36.962, RTA 9:08:06.083-9:08:06.138
Tick 369473(369213), Delay 45 ms, IGT 5:07:37.012, RTA 9:08:06.138-9:08:06.183
Tick 369523(369263), Delay 55 ms, IGT 5:07:39.512, RTA 9:08:08.631-9:08:08.686
Tick 369573(369313), Delay 44 ms, IGT 5:07:42.012, RTA 9:08:11.137-9:08:11.181
Tick 369585(369325), Delay 56 ms, IGT 5:07:42.612, RTA 9:08:11.731-9:08:11.787
Tick 369644(369384), Delay 55 ms, IGT 5:07:45.562, RTA 9:08:14.683-9:08:14.738
Tick 369671(369411), Delay 56 ms, IGT 5:07:46.912, RTA 9:08:16.033-9:08:16.089
Tick 369684(369424), Delay 55 ms, IGT 5:07:47.562, RTA 9:08:16.681-9:08:16.736
Tick 369764(369504), Delay 45 ms, IGT 5:07:51.562, RTA 9:08:20.686-9:08:20.731
Tick 369786(369526), Delay 55 ms, IGT 5:07:52.662, RTA 9:08:21.782-9:08:21.837
Tick 369792(369532), Delay 79 ms, IGT 5:07:52.962, RTA 9:08:22.083-9:08:22.162
Tick 369793(369533), Delay 21 ms, IGT 5:07:53.012, RTA 9:08:22.162-9:08:22.183
Tick 369865(369605), Delay 55 ms, IGT 5:07:56.612, RTA 9:08:25.730-9:08:25.785
Tick 370108(369848), Delay 55 ms, IGT 5:08:08.762, RTA 9:08:37.880-9:08:37.935
Tick 370309(370049), Delay 55 ms, IGT 5:08:18.812, RTA 9:08:47.932-9:08:47.987
Tick 370310(370050), Delay 45 ms, IGT 5:08:18.862, RTA 9:08:47.987-9:08:48.032
Tick 370339(370079), Delay 55 ms, IGT 5:08:20.312, RTA 9:08:49.431-9:08:49.486
Tick 370444(370184), Delay 55 ms, IGT 5:08:25.562, RTA 9:08:54.681-9:08:54.736
Tick 370692(370432), Delay 55 ms, IGT 5:08:37.962, RTA 9:09:07.081-9:09:07.136
Tick 370733(370473), Delay 56 ms, IGT 5:08:40.012, RTA 9:09:09.133-9:09:09.189
Tick 370754(370494), Delay 44 ms, IGT 5:08:41.062, RTA 9:09:10.188-9:09:10.232
Tick 370772(370512), Delay 55 ms, IGT 5:08:41.962, RTA 9:09:11.086-9:09:11.141
Tick 370773(370513), Delay 44 ms, IGT 5:08:42.012, RTA 9:09:11.141-9:09:11.185
Tick 370816(370556), Delay 45 ms, IGT 5:08:44.162, RTA 9:09:13.288-9:09:13.333
Tick 370883(370623), Delay 55 ms, IGT 5:08:47.512, RTA 9:09:16.633-9:09:16.688
Tick 370884(370624), Delay 44 ms, IGT 5:08:47.562, RTA 9:09:16.688-9:09:16.732
Tick 370918(370658), Delay 45 ms, IGT 5:08:49.262, RTA 9:09:18.387-9:09:18.432
Tick 370919(370659), Delay 56 ms, IGT 5:08:49.312, RTA 9:09:18.432-9:09:18.488
Tick 370920(370660), Delay 44 ms, IGT 5:08:49.362, RTA 9:09:18.488-9:09:18.532
Tick 371019(370759), Delay 55 ms, IGT 5:08:54.312, RTA 9:09:23.432-9:09:23.487
Tick 371020(370760), Delay 45 ms, IGT 5:08:54.362, RTA 9:09:23.487-9:09:23.532
Tick 371032(370772), Delay 45 ms, IGT 5:08:54.962, RTA 9:09:24.086-9:09:24.131
Tick 371043(370783), Delay 55 ms, IGT 5:08:55.512, RTA 9:09:24.631-9:09:24.686
Tick 371133(370873), Delay 56 ms, IGT 5:09:00.012, RTA 9:09:29.131-9:09:29.187
Tick 371134(370874), Delay 45 ms, IGT 5:09:00.062, RTA 9:09:29.187-9:09:29.232
Tick 371256(370996), Delay 56 ms, IGT 5:09:06.162, RTA 9:09:35.283-9:09:35.339
Tick 371257(370997), Delay 44 ms, IGT 5:09:06.212, RTA 9:09:35.339-9:09:35.383
Tick 371720(371460), Delay 1308 ms, IGT 5:09:29.362, RTA 9:09:58.483-9:09:59.791
Tick 371743(371483), Delay 55 ms, IGT 5:09:30.512, RTA 9:10:00.892-9:10:00.947
Tick 371787(371527), Delay 44 ms, IGT 5:09:32.712, RTA 9:10:03.096-9:10:03.140
Tick 371819(371559), Delay 55 ms, IGT 5:09:34.312, RTA 9:10:04.692-9:10:04.747
Tick 371820(371560), Delay 44 ms, IGT 5:09:34.362, RTA 9:10:04.747-9:10:04.791
Tick 372138(371878), Delay 45 ms, IGT 5:09:50.262, RTA 9:10:20.646-9:10:20.691
Tick 372139(371879), Delay 55 ms, IGT 5:09:50.312, RTA 9:10:20.691-9:10:20.746
Tick 372157(371897), Delay 55 ms, IGT 5:09:51.212, RTA 9:10:21.591-9:10:21.646
Tick 372270(372010), Delay 58 ms, IGT 5:09:56.862, RTA 9:10:27.243-9:10:27.301
Tick 372271(372011), Delay 42 ms, IGT 5:09:56.912, RTA 9:10:27.301-9:10:27.343
Tick 372407(372147), Delay 3051 ms, IGT 5:10:03.712, RTA 9:10:34.095-9:10:37.146
Tick 372488(372228), Delay 61 ms, IGT 5:10:07.762, RTA 9:10:41.143-9:10:41.204
Tick 372489(372229), Delay 44 ms, IGT 5:10:07.812, RTA 9:10:41.204-9:10:41.248
Tick 372514(372254), Delay 2305 ms, IGT 5:10:09.062, RTA 9:10:42.445-9:10:44.750
Tick 372614(372354), Delay 55 ms, IGT 5:10:14.062, RTA 9:10:49.701-9:10:49.756
Tick 372629(372369), Delay 55 ms, IGT 5:10:14.812, RTA 9:10:50.450-9:10:50.505
Tick 372743(372483), Delay 56 ms, IGT 5:10:20.512, RTA 9:10:56.150-9:10:56.206
Tick 372744(372484), Delay 44 ms, IGT 5:10:20.562, RTA 9:10:56.206-9:10:56.250
Tick 372888(372628), Delay 55 ms, IGT 5:10:27.762, RTA 9:11:03.401-9:11:03.456
Tick 372889(372629), Delay 45 ms, IGT 5:10:27.812, RTA 9:11:03.456-9:11:03.501
Tick 372943(372683), Delay 6106 ms, IGT 5:10:30.512, RTA 9:11:06.150-9:11:12.256
Tick 373038(372778), Delay 45 ms, IGT 5:10:35.262, RTA 9:11:16.959-9:11:17.004
Tick 373141(372881), Delay 56 ms, IGT 5:10:40.412, RTA 9:11:22.105-9:11:22.161
Tick 373163(372903), Delay 45 ms, IGT 5:10:41.512, RTA 9:11:23.210-9:11:23.255
Tick 373233(372973), Delay 56 ms, IGT 5:10:45.012, RTA 9:11:26.705-9:11:26.761
Tick 373234(372974), Delay 44 ms, IGT 5:10:45.062, RTA 9:11:26.761-9:11:26.805
Tick 373262(373002), Delay 61 ms, IGT 5:10:46.462, RTA 9:11:28.154-9:11:28.215
Tick 373263(373003), Delay 41 ms, IGT 5:10:46.512, RTA 9:11:28.215-9:11:28.256
Tick 373286(373026), Delay 1909 ms, IGT 5:10:47.662, RTA 9:11:29.357-9:11:31.266
Tick 373297(373037), Delay 409 ms, IGT 5:10:48.212, RTA 9:11:31.765-9:11:32.174
Tick 373315(373055), Delay 3006 ms, IGT 5:10:49.112, RTA 9:11:33.025-9:11:36.031
Tick 373427(373167), Delay 4880 ms, IGT 5:10:54.712, RTA 9:11:41.582-9:11:46.462
Tick 373513(373253), Delay 3674 ms, IGT 5:10:59.012, RTA 9:11:50.710-9:11:54.384
Tick 373615(373355), Delay 56 ms, IGT 5:11:04.112, RTA 9:11:59.433-9:11:59.489
Tick 373616(373356), Delay 45 ms, IGT 5:11:04.162, RTA 9:11:59.489-9:11:59.534
Tick 373618(373358), Delay 55 ms, IGT 5:11:04.262, RTA 9:11:59.582-9:11:59.637
Tick 373745(373485), Delay 55 ms, IGT 5:11:10.612, RTA 9:12:05.932-9:12:05.987
Tick 373751(373491), Delay 45 ms, IGT 5:11:10.912, RTA 9:12:06.238-9:12:06.283
Tick 373810(373550), Delay 43 ms, IGT 5:11:13.862, RTA 9:12:09.190-9:12:09.233
Tick 373839(373579), Delay 55 ms, IGT 5:11:15.312, RTA 9:12:10.633-9:12:10.688
Tick 374040(373780), Delay 45 ms, IGT 5:11:25.362, RTA 9:12:20.688-9:12:20.733
Tick 374170(373910), Delay 56 ms, IGT 5:11:31.862, RTA 9:12:27.186-9:12:27.242
Tick 374171(373911), Delay 45 ms, IGT 5:11:31.912, RTA 9:12:27.242-9:12:27.287
Tick 374177(373917), Delay 45 ms, IGT 5:11:32.212, RTA 9:12:27.538-9:12:27.583
Tick 374213(373953), Delay 55 ms, IGT 5:11:34.012, RTA 9:12:29.333-9:12:29.388
Tick 374221(373961), Delay 55 ms, IGT 5:11:34.412, RTA 9:12:29.734-9:12:29.789
Tick 374469(374209), Delay 55 ms, IGT 5:11:46.812, RTA 9:12:42.133-9:12:42.188
Tick 374529(374269), Delay 55 ms, IGT 5:11:49.812, RTA 9:12:45.134-9:12:45.189
Tick 374561(374301), Delay 55 ms, IGT 5:11:51.412, RTA 9:12:46.734-9:12:46.789
Tick 374562(374302), Delay 43 ms, IGT 5:11:51.462, RTA 9:12:46.789-9:12:46.832
Tick 374633(374373), Delay 55 ms, IGT 5:11:55.012, RTA 9:12:50.332-9:12:50.387
Tick 374958(374698), Delay 56 ms, IGT 5:12:11.262, RTA 9:13:06.583-9:13:06.639
Tick 374959(374699), Delay 44 ms, IGT 5:12:11.312, RTA 9:13:06.639-9:13:06.683
Tick 375086(374826), Delay 58 ms, IGT 5:12:17.662, RTA 9:13:12.983-9:13:13.041
Tick 375087(374827), Delay 43 ms, IGT 5:12:17.712, RTA 9:13:13.041-9:13:13.084
Tick 375094(374834), Delay 56 ms, IGT 5:12:18.062, RTA 9:13:13.385-9:13:13.441
Tick 375095(374835), Delay 42 ms, IGT 5:12:18.112, RTA 9:13:13.441-9:13:13.483
Tick 375149(374889), Delay 44 ms, IGT 5:12:20.812, RTA 9:13:16.139-9:13:16.183
Tick 375427(375167), Delay 45 ms, IGT 5:12:34.712, RTA 9:13:30.039-9:13:30.084
Tick 375615(375355), Delay 44 ms, IGT 5:12:44.112, RTA 9:13:39.439-9:13:39.483
Tick 375624(375364), Delay 55 ms, IGT 5:12:44.562, RTA 9:13:39.883-9:13:39.938
Tick 375642(375382), Delay 45 ms, IGT 5:12:45.462, RTA 9:13:40.789-9:13:40.834
Tick 375646(375386), Delay 55 ms, IGT 5:12:45.662, RTA 9:13:40.983-9:13:41.038
Tick 375904(375644), Delay 55 ms, IGT 5:12:58.562, RTA 9:13:53.883-9:13:53.938
Tick 376160(375900), Delay 45 ms, IGT 5:13:11.362, RTA 9:14:06.688-9:14:06.733
Tick 376662(376402), Delay 55 ms, IGT 5:13:36.462, RTA 9:14:31.785-9:14:31.840
Tick 376663(376403), Delay 44 ms, IGT 5:13:36.512, RTA 9:14:31.840-9:14:31.884
Tick 377359(377099), Delay 45 ms, IGT 5:14:11.312, RTA 9:15:06.638-9:15:06.683
Tick 377466(377206), Delay 55 ms, IGT 5:14:16.662, RTA 9:15:11.983-9:15:12.038
Tick 377791(377531), Delay 55 ms, IGT 5:14:32.912, RTA 9:15:28.232-9:15:28.287
Tick 378329(378069), Delay 45 ms, IGT 5:14:59.812, RTA 9:15:55.138-9:15:55.183
Tick 378382(378122), Delay 59 ms, IGT 5:15:02.462, RTA 9:15:57.785-9:15:57.844
Tick 378383(378123), Delay 44 ms, IGT 5:15:02.512, RTA 9:15:57.844-9:15:57.888
Tick 378456(378196), Delay 470 ms, IGT 5:15:06.162, RTA 9:16:01.484-9:16:01.954
Tick 378463(378203), Delay 9922 ms, IGT 5:15:06.512, RTA 9:16:02.257-9:16:12.179
Tick 378467(378207), Delay 55 ms, IGT 5:15:06.712, RTA 9:16:12.329-9:16:12.384
Tick 378523(378263), Delay 56 ms, IGT 5:15:09.512, RTA 9:16:15.129-9:16:15.185
Tick 378723(378463), Delay 56 ms, IGT 5:15:19.512, RTA 9:16:25.129-9:16:25.185
Tick 378843(378583), Delay 56 ms, IGT 5:15:25.512, RTA 9:16:31.130-9:16:31.186
Tick 378844(378584), Delay 45 ms, IGT 5:15:25.562, RTA 9:16:31.186-9:16:31.231
Tick 378978(378718), Delay 56 ms, IGT 5:15:32.262, RTA 9:16:37.880-9:16:37.936
Tick 378979(378719), Delay 43 ms, IGT 5:15:32.312, RTA 9:16:37.936-9:16:37.979
Tick 379068(378808), Delay 55 ms, IGT 5:15:36.762, RTA 9:16:42.379-9:16:42.434
Tick 379298(379037), Delay 123 ms, IGT 5:15:48.212, RTA 9:16:53.880-9:16:54.003, due world load
Tick 379299(379037), Delay 1 ms, IGT 5:15:48.212, RTA 9:16:54.003-9:16:54.004, due world load
Tick 379300(379038), Delay 21 ms, IGT 5:15:48.232, RTA 9:16:54.004-9:16:54.025
Tick 379301(379039), Delay 78 ms, IGT 5:15:48.282, RTA 9:16:54.025-9:16:54.103
Tick 379302(379040), Delay 18 ms, IGT 5:15:48.332, RTA 9:16:54.103-9:16:54.121
Tick 379305(379043), Delay 73 ms, IGT 5:15:48.482, RTA 9:16:54.223-9:16:54.296
Tick 379306(379044), Delay 27 ms, IGT 5:15:48.532, RTA 9:16:54.296-9:16:54.323
Tick 379382(379119), Delay 41 ms, IGT 5:15:52.282, RTA 9:16:58.070-9:16:58.111, due world load
Tick 379383(379120), Delay 22 ms, IGT 5:15:52.312, RTA 9:16:58.111-9:16:58.133
Tick 379394(379131), Delay 55 ms, IGT 5:15:52.862, RTA 9:16:58.632-9:16:58.687
Tick 379412(379149), Delay 93 ms, IGT 5:15:53.762, RTA 9:16:59.535-9:16:59.628
Tick 379413(379150), Delay 8 ms, IGT 5:15:53.812, RTA 9:16:59.628-9:16:59.636
Tick 379498(379234), Delay 97 ms, IGT 5:15:58.012, RTA 9:17:03.835-9:17:03.932, due world load
Tick 379499(379234), Delay 0 ms, IGT 5:15:58.012, RTA 9:17:03.932-9:17:03.932, due world load
Tick 379500(379235), Delay 16 ms, IGT 5:15:58.050, RTA 9:17:03.932-9:17:03.948
Tick 379504(379239), Delay 68 ms, IGT 5:15:58.250, RTA 9:17:04.097-9:17:04.165
Tick 379505(379240), Delay 31 ms, IGT 5:15:58.300, RTA 9:17:04.165-9:17:04.196
Tick 379507(379242), Delay 94 ms, IGT 5:15:58.400, RTA 9:17:04.249-9:17:04.343
Tick 379508(379243), Delay 7 ms, IGT 5:15:58.450, RTA 9:17:04.343-9:17:04.350
Tick 379549(379284), Delay 56 ms, IGT 5:16:00.500, RTA 9:17:06.347-9:17:06.403
Tick 379550(379285), Delay 44 ms, IGT 5:16:00.550, RTA 9:17:06.403-9:17:06.447
Tick 379568(379302), Delay 38 ms, IGT 5:16:01.400, RTA 9:17:07.300-9:17:07.338, due world load
Tick 379569(379303), Delay 24 ms, IGT 5:16:01.421, RTA 9:17:07.338-9:17:07.362
Tick 379570(379304), Delay 57 ms, IGT 5:16:01.471, RTA 9:17:07.362-9:17:07.419
Tick 379571(379305), Delay 45 ms, IGT 5:16:01.521, RTA 9:17:07.419-9:17:07.464
Tick 379587(379321), Delay 56 ms, IGT 5:16:02.321, RTA 9:17:08.214-9:17:08.270
Tick 379589(379323), Delay 83 ms, IGT 5:16:02.421, RTA 9:17:08.316-9:17:08.399
Tick 379590(379324), Delay 18 ms, IGT 5:16:02.471, RTA 9:17:08.399-9:17:08.417
Tick 379595(379329), Delay 43 ms, IGT 5:16:02.721, RTA 9:17:08.620-9:17:08.663
Tick 379681(379415), Delay 112 ms, IGT 5:16:06.989, RTA 9:17:12.914-9:17:13.026
Tick 379682(379416), Delay 0 ms, IGT 5:16:07.039, RTA 9:17:13.026-9:17:13.026
Tick 379683(379417), Delay 6 ms, IGT 5:16:07.089, RTA 9:17:13.026-9:17:13.032
Tick 379684(379418), Delay 44 ms, IGT 5:16:07.139, RTA 9:17:13.032-9:17:13.076
Tick 379688(379422), Delay 70 ms, IGT 5:16:07.339, RTA 9:17:13.230-9:17:13.300
Tick 379689(379423), Delay 33 ms, IGT 5:16:07.389, RTA 9:17:13.300-9:17:13.333
Tick 379691(379425), Delay 42 ms, IGT 5:16:07.489, RTA 9:17:13.385-9:17:13.427
Tick 379707(379441), Delay 45 ms, IGT 5:16:08.289, RTA 9:17:14.180-9:17:14.225
Tick 379765(379499), Delay 59 ms, IGT 5:16:11.189, RTA 9:17:17.076-9:17:17.135
Tick 379766(379500), Delay 41 ms, IGT 5:16:11.239, RTA 9:17:17.135-9:17:17.176
Tick 380446(380180), Delay 55 ms, IGT 5:16:45.239, RTA 9:17:51.127-9:17:51.182
Tick 380569(380302), Delay 13 ms, IGT 5:16:51.320, RTA 9:17:57.277-9:17:57.290
Tick 380582(380315), Delay 57 ms, IGT 5:16:51.970, RTA 9:17:57.891-9:17:57.948
Tick 380583(380316), Delay 43 ms, IGT 5:16:52.020, RTA 9:17:57.948-9:17:57.991
Tick 380589(380322), Delay 57 ms, IGT 5:16:52.320, RTA 9:17:58.241-9:17:58.298
Tick 380607(380339), Delay 90 ms, IGT 5:16:53.170, RTA 9:17:59.143-9:17:59.233, due world load
Tick 380608(380339), Delay 0 ms, IGT 5:16:53.170, RTA 9:17:59.233-9:17:59.233, due world load
Tick 380609(380340), Delay 24 ms, IGT 5:16:53.210, RTA 9:17:59.233-9:17:59.257
Tick 380612(380343), Delay 71 ms, IGT 5:16:53.360, RTA 9:17:59.359-9:17:59.430
Tick 380613(380344), Delay 29 ms, IGT 5:16:53.410, RTA 9:17:59.430-9:17:59.459
Tick 380614(380345), Delay 93 ms, IGT 5:16:53.460, RTA 9:17:59.459-9:17:59.552
Tick 380615(380346), Delay 7 ms, IGT 5:16:53.510, RTA 9:17:59.552-9:17:59.559
Tick 380659(380389), Delay 40 ms, IGT 5:16:55.660, RTA 9:18:01.709-9:18:01.749, due world load
Tick 380660(380389), Delay 22 ms, IGT 5:16:55.660, RTA 9:18:01.749-9:18:01.771, due world load
Tick 380668(380397), Delay 56 ms, IGT 5:16:56.055, RTA 9:18:02.119-9:18:02.175
Tick 380669(380398), Delay 45 ms, IGT 5:16:56.105, RTA 9:18:02.175-9:18:02.220
Tick 380674(380403), Delay 55 ms, IGT 5:16:56.355, RTA 9:18:02.423-9:18:02.478
Tick 380675(380404), Delay 43 ms, IGT 5:16:56.405, RTA 9:18:02.478-9:18:02.521
Tick 380684(380413), Delay 107 ms, IGT 5:16:56.855, RTA 9:18:02.924-9:18:03.031
Tick 380685(380414), Delay 1 ms, IGT 5:16:56.905, RTA 9:18:03.031-9:18:03.032
Tick 380686(380415), Delay 40 ms, IGT 5:16:56.955, RTA 9:18:03.032-9:18:03.072
Tick 380713(380442), Delay 44 ms, IGT 5:16:58.305, RTA 9:18:04.375-9:18:04.419
Tick 380788(380517), Delay 55 ms, IGT 5:17:02.055, RTA 9:18:08.119-9:18:08.174
Tick 380794(380523), Delay 59 ms, IGT 5:17:02.355, RTA 9:18:08.422-9:18:08.481
Tick 380795(380524), Delay 40 ms, IGT 5:17:02.405, RTA 9:18:08.481-9:18:08.521
Tick 380853(380582), Delay 55 ms, IGT 5:17:05.305, RTA 9:18:11.370-9:18:11.425
Tick 380944(380673), Delay 55 ms, IGT 5:17:09.855, RTA 9:18:15.921-9:18:15.976
Tick 380969(380698), Delay 45 ms, IGT 5:17:11.105, RTA 9:18:17.175-9:18:17.220
Tick 380970(380699), Delay 55 ms, IGT 5:17:11.155, RTA 9:18:17.220-9:18:17.275
Tick 381269(380998), Delay 43 ms, IGT 5:17:26.105, RTA 9:18:32.176-9:18:32.219
Tick 381278(381007), Delay 45 ms, IGT 5:17:26.555, RTA 9:18:32.625-9:18:32.670
Tick 381413(381142), Delay 55 ms, IGT 5:17:33.305, RTA 9:18:39.369-9:18:39.424
Tick 381506(381235), Delay 55 ms, IGT 5:17:37.955, RTA 9:18:44.019-9:18:44.074
Tick 381628(381357), Delay 55 ms, IGT 5:17:44.055, RTA 9:18:50.120-9:18:50.175
Tick 381734(381463), Delay 45 ms, IGT 5:17:49.355, RTA 9:18:55.424-9:18:55.469
Tick 381848(381577), Delay 45 ms, IGT 5:17:55.055, RTA 9:19:01.125-9:19:01.170
Tick 381905(381634), Delay 55 ms, IGT 5:17:57.905, RTA 9:19:03.970-9:19:04.025
Tick 381906(381635), Delay 45 ms, IGT 5:17:57.955, RTA 9:19:04.025-9:19:04.070
Tick 381945(381674), Delay 55 ms, IGT 5:17:59.905, RTA 9:19:05.969-9:19:06.024
Tick 382181(381910), Delay 55 ms, IGT 5:18:11.705, RTA 9:19:17.770-9:19:17.825
Tick 382182(381911), Delay 45 ms, IGT 5:18:11.755, RTA 9:19:17.825-9:19:17.870
Tick 382207(381936), Delay 55 ms, IGT 5:18:13.005, RTA 9:19:19.070-9:19:19.125
Tick 382298(382027), Delay 606 ms, IGT 5:18:17.555, RTA 9:19:23.622-9:19:24.228
Tick 382310(382039), Delay 55 ms, IGT 5:18:18.155, RTA 9:19:24.777-9:19:24.832
Tick 382407(382136), Delay 43 ms, IGT 5:18:23.005, RTA 9:19:29.635-9:19:29.678
Tick 382447(382176), Delay 45 ms, IGT 5:18:25.005, RTA 9:19:31.632-9:19:31.677
Tick 382518(382247), Delay 55 ms, IGT 5:18:28.555, RTA 9:19:35.178-9:19:35.233
Tick 382548(382277), Delay 56 ms, IGT 5:18:30.055, RTA 9:19:36.678-9:19:36.734
Tick 382549(382278), Delay 44 ms, IGT 5:18:30.105, RTA 9:19:36.734-9:19:36.778
Tick 382557(382286), Delay 56 ms, IGT 5:18:30.505, RTA 9:19:37.128-9:19:37.184
Tick 382565(382293), Delay 108 ms, IGT 5:18:30.855, RTA 9:19:37.528-9:19:37.636, due world load
Tick 382566(382293), Delay 0 ms, IGT 5:18:30.855, RTA 9:19:37.636-9:19:37.636, due world load
Tick 382567(382294), Delay 16 ms, IGT 5:18:30.880, RTA 9:19:37.636-9:19:37.652
Tick 382569(382296), Delay 36 ms, IGT 5:18:30.980, RTA 9:19:37.704-9:19:37.740
Tick 382571(382298), Delay 55 ms, IGT 5:18:31.080, RTA 9:19:37.789-9:19:37.844
Tick 382572(382299), Delay 73 ms, IGT 5:18:31.130, RTA 9:19:37.844-9:19:37.917
Tick 382573(382300), Delay 23 ms, IGT 5:18:31.180, RTA 9:19:37.917-9:19:37.940
Tick 382586(382312), Delay 39 ms, IGT 5:18:31.780, RTA 9:19:38.541-9:19:38.580, due world load
Tick 382587(382312), Delay 22 ms, IGT 5:18:31.780, RTA 9:19:38.580-9:19:38.602, due world load
Tick 382687(382411), Delay 55 ms, IGT 5:18:36.714, RTA 9:19:43.553-9:19:43.608
Tick 382690(382414), Delay 55 ms, IGT 5:18:36.864, RTA 9:19:43.703-9:19:43.758
Tick 382692(382416), Delay 69 ms, IGT 5:18:36.964, RTA 9:19:43.804-9:19:43.873
Tick 382693(382417), Delay 30 ms, IGT 5:18:37.014, RTA 9:19:43.873-9:19:43.903
Tick 382719(382443), Delay 60 ms, IGT 5:18:38.314, RTA 9:19:45.156-9:19:45.216
Tick 382723(382447), Delay 45 ms, IGT 5:18:38.514, RTA 9:19:45.365-9:19:45.410
Tick 382725(382449), Delay 44 ms, IGT 5:18:38.614, RTA 9:19:45.460-9:19:45.504
Tick 382788(382512), Delay 62 ms, IGT 5:18:41.764, RTA 9:19:48.603-9:19:48.665
Tick 382816(382540), Delay 45 ms, IGT 5:18:43.164, RTA 9:19:50.016-9:19:50.061
Tick 382818(382542), Delay 58 ms, IGT 5:18:43.264, RTA 9:19:50.113-9:19:50.171
Tick 382819(382543), Delay 43 ms, IGT 5:18:43.314, RTA 9:19:50.171-9:19:50.214
Tick 382827(382551), Delay 56 ms, IGT 5:18:43.714, RTA 9:19:50.564-9:19:50.620
Tick 382828(382552), Delay 41 ms, IGT 5:18:43.764, RTA 9:19:50.620-9:19:50.661
Tick 382837(382561), Delay 57 ms, IGT 5:18:44.214, RTA 9:19:51.062-9:19:51.119
Tick 382838(382562), Delay 42 ms, IGT 5:18:44.264, RTA 9:19:51.119-9:19:51.161
Tick 382840(382564), Delay 55 ms, IGT 5:18:44.364, RTA 9:19:51.209-9:19:51.264
Tick 382846(382570), Delay 58 ms, IGT 5:18:44.664, RTA 9:19:51.514-9:19:51.572
Tick 382851(382575), Delay 55 ms, IGT 5:18:44.914, RTA 9:19:51.760-9:19:51.815
Tick 382862(382586), Delay 44 ms, IGT 5:18:45.464, RTA 9:19:52.320-9:19:52.364
Tick 382870(382594), Delay 57 ms, IGT 5:18:45.864, RTA 9:19:52.712-9:19:52.769
Tick 382873(382597), Delay 61 ms, IGT 5:18:46.014, RTA 9:19:52.863-9:19:52.924
Tick 382874(382598), Delay 38 ms, IGT 5:18:46.064, RTA 9:19:52.924-9:19:52.962
Tick 382876(382600), Delay 45 ms, IGT 5:18:46.164, RTA 9:19:53.014-9:19:53.059
Tick 383365(383089), Delay 56 ms, IGT 5:19:10.614, RTA 9:20:17.452-9:20:17.508
Tick 383458(383182), Delay 56 ms, IGT 5:19:15.264, RTA 9:20:22.104-9:20:22.160
Tick 383833(383557), Delay 45 ms, IGT 5:19:34.014, RTA 9:20:40.857-9:20:40.902
Tick 383931(383655), Delay 55 ms, IGT 5:19:38.914, RTA 9:20:45.752-9:20:45.807
Tick 384049(383773), Delay 45 ms, IGT 5:19:44.814, RTA 9:20:51.659-9:20:51.704
Tick 384061(383785), Delay 45 ms, IGT 5:19:45.414, RTA 9:20:52.258-9:20:52.303
Tick 384277(384001), Delay 8709 ms, IGT 5:19:56.214, RTA 9:21:03.054-9:21:11.763
Tick 384321(384045), Delay 55 ms, IGT 5:19:58.414, RTA 9:21:13.911-9:21:13.966
Tick 384322(384046), Delay 44 ms, IGT 5:19:58.464, RTA 9:21:13.966-9:21:14.010
Tick 384406(384130), Delay 7295 ms, IGT 5:20:02.664, RTA 9:21:18.165-9:21:25.460
Tick 384539(384263), Delay 45 ms, IGT 5:20:09.314, RTA 9:21:32.060-9:21:32.105
Tick 384671(384395), Delay 44 ms, IGT 5:20:15.914, RTA 9:21:38.662-9:21:38.706
Tick 384675(384399), Delay 45 ms, IGT 5:20:16.114, RTA 9:21:38.860-9:21:38.905
Tick 384690(384414), Delay 55 ms, IGT 5:20:16.864, RTA 9:21:39.606-9:21:39.661
Tick 384691(384415), Delay 45 ms, IGT 5:20:16.914, RTA 9:21:39.661-9:21:39.706
Tick 384752(384476), Delay 56 ms, IGT 5:20:19.964, RTA 9:21:42.706-9:21:42.762
Tick 384790(384514), Delay 44 ms, IGT 5:20:21.864, RTA 9:21:44.611-9:21:44.655
Tick 384798(384522), Delay 11768 ms, IGT 5:20:22.264, RTA 9:21:45.008-9:21:56.776
Tick 384866(384590), Delay 57 ms, IGT 5:20:25.664, RTA 9:22:00.126-9:22:00.183
Tick 384867(384591), Delay 43 ms, IGT 5:20:25.714, RTA 9:22:00.183-9:22:00.226
Tick 385058(384782), Delay 45 ms, IGT 5:20:35.264, RTA 9:22:09.731-9:22:09.776
Tick 385059(384783), Delay 56 ms, IGT 5:20:35.314, RTA 9:22:09.776-9:22:09.832
Tick 385060(384784), Delay 45 ms, IGT 5:20:35.364, RTA 9:22:09.832-9:22:09.877
Tick 385075(384799), Delay 6840 ms, IGT 5:20:36.114, RTA 9:22:10.577-9:22:17.417
Tick 385094(384818), Delay 1123 ms, IGT 5:20:37.064, RTA 9:22:18.318-9:22:19.441
Tick 385113(384837), Delay 1083 ms, IGT 5:20:38.014, RTA 9:22:20.341-9:22:21.424
Tick 385123(384847), Delay 45 ms, IGT 5:20:38.514, RTA 9:22:21.875-9:22:21.920
Tick 385126(384850), Delay 5039 ms, IGT 5:20:38.664, RTA 9:22:22.025-9:22:27.064
Tick 385202(384926), Delay 45 ms, IGT 5:20:42.464, RTA 9:22:30.819-9:22:30.864
Tick 385256(384980), Delay 60 ms, IGT 5:20:45.164, RTA 9:22:33.517-9:22:33.577
Tick 385257(384981), Delay 37 ms, IGT 5:20:45.214, RTA 9:22:33.577-9:22:33.614
Tick 385331(385055), Delay 5099 ms, IGT 5:20:48.914, RTA 9:22:37.266-9:22:42.365
Tick 385491(385215), Delay 57 ms, IGT 5:20:56.914, RTA 9:22:50.314-9:22:50.371
Tick 385507(385231), Delay 55 ms, IGT 5:20:57.714, RTA 9:22:51.113-9:22:51.168
Tick 385609(385333), Delay 44 ms, IGT 5:21:02.814, RTA 9:22:56.220-9:22:56.264
Tick 385767(385491), Delay 56 ms, IGT 5:21:10.714, RTA 9:23:04.114-9:23:04.170
Tick 385878(385602), Delay 55 ms, IGT 5:21:16.264, RTA 9:23:09.664-9:23:09.719
Tick 385906(385630), Delay 55 ms, IGT 5:21:17.664, RTA 9:23:11.064-9:23:11.119
Tick 386396(386120), Delay 43 ms, IGT 5:21:42.164, RTA 9:23:35.571-9:23:35.614
Tick 386398(386122), Delay 56 ms, IGT 5:21:42.264, RTA 9:23:35.664-9:23:35.720
Tick 386413(386137), Delay 56 ms, IGT 5:21:43.014, RTA 9:23:36.414-9:23:36.470
Tick 386469(386193), Delay 45 ms, IGT 5:21:45.814, RTA 9:23:39.219-9:23:39.264
Tick 386607(386331), Delay 57 ms, IGT 5:21:52.714, RTA 9:23:46.116-9:23:46.173
Tick 386608(386332), Delay 41 ms, IGT 5:21:52.764, RTA 9:23:46.173-9:23:46.214
Tick 386642(386366), Delay 55 ms, IGT 5:21:54.464, RTA 9:23:47.864-9:23:47.919
Tick 386810(386534), Delay 55 ms, IGT 5:22:02.864, RTA 9:23:56.264-9:23:56.319
Tick 386837(386561), Delay 44 ms, IGT 5:22:04.214, RTA 9:23:57.620-9:23:57.664
Tick 386838(386562), Delay 55 ms, IGT 5:22:04.264, RTA 9:23:57.664-9:23:57.719
Tick 387059(386783), Delay 45 ms, IGT 5:22:15.314, RTA 9:24:08.719-9:24:08.764
Tick 387094(386818), Delay 57 ms, IGT 5:22:17.064, RTA 9:24:10.465-9:24:10.522
Tick 387095(386819), Delay 45 ms, IGT 5:22:17.114, RTA 9:24:10.522-9:24:10.567
Tick 387098(386822), Delay 45 ms, IGT 5:22:17.264, RTA 9:24:10.669-9:24:10.714
Tick 387211(386935), Delay 45 ms, IGT 5:22:22.914, RTA 9:24:16.319-9:24:16.364
Tick 387281(387005), Delay 55 ms, IGT 5:22:26.414, RTA 9:24:19.814-9:24:19.869
Tick 387327(387051), Delay 55 ms, IGT 5:22:28.714, RTA 9:24:22.114-9:24:22.169
Tick 387328(387052), Delay 45 ms, IGT 5:22:28.764, RTA 9:24:22.169-9:24:22.214
Tick 387747(387471), Delay 56 ms, IGT 5:22:49.714, RTA 9:24:43.114-9:24:43.170
Tick 387776(387500), Delay 56 ms, IGT 5:22:51.164, RTA 9:24:44.565-9:24:44.621
Tick 387782(387506), Delay 42 ms, IGT 5:22:51.464, RTA 9:24:44.872-9:24:44.914
Tick 388515(388239), Delay 3641 ms, IGT 5:23:28.114, RTA 9:25:21.517-9:25:25.158
Tick 388697(388421), Delay 45 ms, IGT 5:23:37.214, RTA 9:25:34.213-9:25:34.258
Tick 388769(388493), Delay 45 ms, IGT 5:23:40.814, RTA 9:25:37.811-9:25:37.856
Tick 389144(388868), Delay 45 ms, IGT 5:23:59.564, RTA 9:25:56.561-9:25:56.606
Tick 389208(388932), Delay 4854 ms, IGT 5:24:02.764, RTA 9:25:59.758-9:26:04.612
Tick 389310(389034), Delay 45 ms, IGT 5:24:07.864, RTA 9:26:09.667-9:26:09.712
Tick 389438(389162), Delay 45 ms, IGT 5:24:14.264, RTA 9:26:16.066-9:26:16.111
Tick 389460(389184), Delay 63 ms, IGT 5:24:15.364, RTA 9:26:17.166-9:26:17.229
Tick 389461(389185), Delay 35 ms, IGT 5:24:15.414, RTA 9:26:17.229-9:26:17.264
Tick 389467(389191), Delay 45 ms, IGT 5:24:15.714, RTA 9:26:17.516-9:26:17.561
Tick 389644(389368), Delay 55 ms, IGT 5:24:24.564, RTA 9:26:26.361-9:26:26.416
Tick 389678(389402), Delay 55 ms, IGT 5:24:26.264, RTA 9:26:28.061-9:26:28.116
Tick 389768(389492), Delay 45 ms, IGT 5:24:30.764, RTA 9:26:32.566-9:26:32.611
Tick 389769(389493), Delay 55 ms, IGT 5:24:30.814, RTA 9:26:32.611-9:26:32.666
Tick 389871(389595), Delay 55 ms, IGT 5:24:35.914, RTA 9:26:37.711-9:26:37.766
Tick 389874(389598), Delay 56 ms, IGT 5:24:36.064, RTA 9:26:37.862-9:26:37.918
Tick 389875(389599), Delay 43 ms, IGT 5:24:36.114, RTA 9:26:37.918-9:26:37.961
Tick 389876(389600), Delay 55 ms, IGT 5:24:36.164, RTA 9:26:37.961-9:26:38.016
Tick 389898(389622), Delay 56 ms, IGT 5:24:37.264, RTA 9:26:39.063-9:26:39.119
Tick 389899(389623), Delay 45 ms, IGT 5:24:37.314, RTA 9:26:39.119-9:26:39.164
Tick 389915(389639), Delay 55 ms, IGT 5:24:38.114, RTA 9:26:39.911-9:26:39.966
Tick 389955(389679), Delay 55 ms, IGT 5:24:40.114, RTA 9:26:41.913-9:26:41.968
Tick 389981(389705), Delay 45 ms, IGT 5:24:41.414, RTA 9:26:43.218-9:26:43.263
Tick 390068(389792), Delay 55 ms, IGT 5:24:45.764, RTA 9:26:47.561-9:26:47.616
Tick 390095(389819), Delay 55 ms, IGT 5:24:47.114, RTA 9:26:48.912-9:26:48.967
Tick 390126(389850), Delay 6567 ms, IGT 5:24:48.664, RTA 9:26:50.464-9:26:57.031
Tick 390457(390181), Delay 3573 ms, IGT 5:25:05.214, RTA 9:27:13.531-9:27:17.104
Tick 390479(390203), Delay 42 ms, IGT 5:25:06.314, RTA 9:27:18.160-9:27:18.202
Tick 390548(390272), Delay 55 ms, IGT 5:25:09.764, RTA 9:27:21.602-9:27:21.657
Tick 390559(390283), Delay 55 ms, IGT 5:25:10.314, RTA 9:27:22.153-9:27:22.208
Tick 390574(390298), Delay 44 ms, IGT 5:25:11.064, RTA 9:27:22.908-9:27:22.952
Tick 390623(390347), Delay 55 ms, IGT 5:25:13.514, RTA 9:27:25.352-9:27:25.407
Tick 390715(390439), Delay 55 ms, IGT 5:25:18.114, RTA 9:27:29.953-9:27:30.008
Tick 390716(390440), Delay 45 ms, IGT 5:25:18.164, RTA 9:27:30.008-9:27:30.053
Tick 390719(390443), Delay 55 ms, IGT 5:25:18.314, RTA 9:27:30.153-9:27:30.208
Tick 390720(390444), Delay 45 ms, IGT 5:25:18.364, RTA 9:27:30.208-9:27:30.253
Tick 390759(390483), Delay 56 ms, IGT 5:25:20.314, RTA 9:27:32.152-9:27:32.208
Tick 390860(390584), Delay 45 ms, IGT 5:25:25.364, RTA 9:27:37.206-9:27:37.251
Tick 390871(390595), Delay 55 ms, IGT 5:25:25.914, RTA 9:27:37.752-9:27:37.807
Tick 390877(390601), Delay 56 ms, IGT 5:25:26.214, RTA 9:27:38.055-9:27:38.111
Tick 390878(390602), Delay 41 ms, IGT 5:25:26.264, RTA 9:27:38.111-9:27:38.152
Tick 390890(390614), Delay 45 ms, IGT 5:25:26.864, RTA 9:27:38.707-9:27:38.752
Tick 391015(390739), Delay 45 ms, IGT 5:25:33.114, RTA 9:27:44.959-9:27:45.004
Tick 391116(390840), Delay 61 ms, IGT 5:25:38.164, RTA 9:27:50.004-9:27:50.065
Tick 391117(390841), Delay 39 ms, IGT 5:25:38.214, RTA 9:27:50.065-9:27:50.104
Tick 391301(391025), Delay 55 ms, IGT 5:25:47.414, RTA 9:27:59.254-9:27:59.309
Tick 391302(391026), Delay 45 ms, IGT 5:25:47.464, RTA 9:27:59.309-9:27:59.354
Tick 391345(391069), Delay 6216 ms, IGT 5:25:49.614, RTA 9:28:01.454-9:28:07.670
Tick 391398(391122), Delay 55 ms, IGT 5:25:52.264, RTA 9:28:10.268-9:28:10.323
Tick 391399(391123), Delay 45 ms, IGT 5:25:52.314, RTA 9:28:10.323-9:28:10.368
Tick 391450(391174), Delay 56 ms, IGT 5:25:54.864, RTA 9:28:12.871-9:28:12.927
Tick 391451(391175), Delay 43 ms, IGT 5:25:54.914, RTA 9:28:12.927-9:28:12.970
Tick 391554(391278), Delay 55 ms, IGT 5:26:00.064, RTA 9:28:18.070-9:28:18.125
Tick 391584(391308), Delay 44 ms, IGT 5:26:01.564, RTA 9:28:19.576-9:28:19.620
Tick 391635(391359), Delay 55 ms, IGT 5:26:04.114, RTA 9:28:22.121-9:28:22.176
Tick 391674(391398), Delay 55 ms, IGT 5:26:06.064, RTA 9:28:24.071-9:28:24.126
Tick 391681(391405), Delay 56 ms, IGT 5:26:06.414, RTA 9:28:24.420-9:28:24.476
Tick 391683(391407), Delay 43 ms, IGT 5:26:06.514, RTA 9:28:24.527-9:28:24.570
Tick 391857(391581), Delay 55 ms, IGT 5:26:15.214, RTA 9:28:33.219-9:28:33.274
Tick 391858(391582), Delay 45 ms, IGT 5:26:15.264, RTA 9:28:33.274-9:28:33.319
Tick 392048(391772), Delay 7884 ms, IGT 5:26:24.764, RTA 9:28:42.769-9:28:50.653
Tick 392084(391808), Delay 55 ms, IGT 5:26:26.564, RTA 9:28:52.401-9:28:52.456
Tick 392230(391954), Delay 57 ms, IGT 5:26:33.864, RTA 9:28:59.703-9:28:59.760
Tick 392231(391955), Delay 44 ms, IGT 5:26:33.914, RTA 9:28:59.760-9:28:59.804
Tick 392258(391982), Delay 15004 ms, IGT 5:26:35.264, RTA 9:29:01.104-9:29:16.108
Tick 392359(392083), Delay 55 ms, IGT 5:26:40.314, RTA 9:29:21.108-9:29:21.163
Tick 392500(392224), Delay 55 ms, IGT 5:26:47.364, RTA 9:29:28.156-9:29:28.211
Tick 392666(392390), Delay 45 ms, IGT 5:26:55.664, RTA 9:29:36.463-9:29:36.508
Tick 392713(392437), Delay 45 ms, IGT 5:26:58.014, RTA 9:29:38.813-9:29:38.858
Tick 392837(392561), Delay 55 ms, IGT 5:27:04.214, RTA 9:29:45.006-9:29:45.061
Tick 393066(392790), Delay 45 ms, IGT 5:27:15.664, RTA 9:29:56.462-9:29:56.507
Tick 393452(393176), Delay 45 ms, IGT 5:27:34.964, RTA 9:30:15.762-9:30:15.807
Tick 393543(393267), Delay 55 ms, IGT 5:27:39.514, RTA 9:30:20.307-9:30:20.362
Tick 393544(393268), Delay 45 ms, IGT 5:27:39.564, RTA 9:30:20.362-9:30:20.407
Tick 393553(393277), Delay 57 ms, IGT 5:27:40.014, RTA 9:30:20.806-9:30:20.863
Tick 393904(393628), Delay 45 ms, IGT 5:27:57.564, RTA 9:30:38.363-9:30:38.408
Tick 393920(393644), Delay 55 ms, IGT 5:27:58.364, RTA 9:30:39.157-9:30:39.212
Tick 393921(393645), Delay 45 ms, IGT 5:27:58.414, RTA 9:30:39.212-9:30:39.257
Tick 393940(393664), Delay 45 ms, IGT 5:27:59.364, RTA 9:30:40.162-9:30:40.207
Tick 394053(393777), Delay 45 ms, IGT 5:28:05.014, RTA 9:30:45.813-9:30:45.858
Tick 394081(393805), Delay 55 ms, IGT 5:28:06.414, RTA 9:30:47.207-9:30:47.262
Tick 394411(394135), Delay 45 ms, IGT 5:28:22.914, RTA 9:31:03.713-9:31:03.758
Tick 394649(394373), Delay 55 ms, IGT 5:28:34.814, RTA 9:31:15.607-9:31:15.662
Tick 394650(394374), Delay 45 ms, IGT 5:28:34.864, RTA 9:31:15.662-9:31:15.707
Tick 394701(394425), Delay 45 ms, IGT 5:28:37.414, RTA 9:31:18.211-9:31:18.256
Tick 394704(394428), Delay 45 ms, IGT 5:28:37.564, RTA 9:31:18.361-9:31:18.406
Tick 394779(394503), Delay 57 ms, IGT 5:28:41.314, RTA 9:31:22.108-9:31:22.165
Tick 394781(394505), Delay 45 ms, IGT 5:28:41.414, RTA 9:31:22.212-9:31:22.257
Tick 394851(394575), Delay 55 ms, IGT 5:28:44.914, RTA 9:31:25.707-9:31:25.762
Tick 394865(394589), Delay 44 ms, IGT 5:28:45.614, RTA 9:31:26.412-9:31:26.456
Tick 395099(394823), Delay 55 ms, IGT 5:28:57.314, RTA 9:31:38.107-9:31:38.162
Tick 395102(394826), Delay 56 ms, IGT 5:28:57.464, RTA 9:31:38.256-9:31:38.312
Tick 395289(395013), Delay 55 ms, IGT 5:29:06.814, RTA 9:31:47.606-9:31:47.661
Tick 395300(395024), Delay 45 ms, IGT 5:29:07.364, RTA 9:31:48.161-9:31:48.206
Tick 395602(395326), Delay 43 ms, IGT 5:29:22.464, RTA 9:32:03.264-9:32:03.307
Tick 395794(395518), Delay 45 ms, IGT 5:29:32.064, RTA 9:32:12.861-9:32:12.906
Tick 395979(395703), Delay 58 ms, IGT 5:29:41.314, RTA 9:32:22.107-9:32:22.165
Tick 396119(395843), Delay 55 ms, IGT 5:29:48.314, RTA 9:32:29.106-9:32:29.161
Tick 396262(395986), Delay 45 ms, IGT 5:29:55.464, RTA 9:32:36.263-9:32:36.308
Tick 396397(396121), Delay 45 ms, IGT 5:30:02.214, RTA 9:32:43.011-9:32:43.056
Tick 396512(396236), Delay 55 ms, IGT 5:30:07.964, RTA 9:32:48.758-9:32:48.813
Tick 396513(396237), Delay 44 ms, IGT 5:30:08.014, RTA 9:32:48.813-9:32:48.857
Tick 396720(396444), Delay 55 ms, IGT 5:30:18.364, RTA 9:32:59.158-9:32:59.213
Tick 396823(396547), Delay 55 ms, IGT 5:30:23.514, RTA 9:33:04.307-9:33:04.362
Tick 396824(396548), Delay 45 ms, IGT 5:30:23.564, RTA 9:33:04.362-9:33:04.407
Tick 396825(396549), Delay 58 ms, IGT 5:30:23.614, RTA 9:33:04.407-9:33:04.465
Tick 396911(396635), Delay 55 ms, IGT 5:30:27.914, RTA 9:33:08.707-9:33:08.762
Tick 396953(396677), Delay 56 ms, IGT 5:30:30.014, RTA 9:33:10.807-9:33:10.863
Tick 397172(396896), Delay 45 ms, IGT 5:30:40.964, RTA 9:33:21.761-9:33:21.806
Tick 397179(396903), Delay 58 ms, IGT 5:30:41.314, RTA 9:33:22.107-9:33:22.165
Tick 397180(396904), Delay 42 ms, IGT 5:30:41.364, RTA 9:33:22.165-9:33:22.207
Tick 397320(397044), Delay 55 ms, IGT 5:30:48.364, RTA 9:33:29.157-9:33:29.212
Tick 397431(397155), Delay 55 ms, IGT 5:30:53.914, RTA 9:33:34.707-9:33:34.762
Tick 397441(397165), Delay 66 ms, IGT 5:30:54.414, RTA 9:33:35.209-9:33:35.275
Tick 397442(397166), Delay 34 ms, IGT 5:30:54.464, RTA 9:33:35.275-9:33:35.309
Tick 397449(397173), Delay 55 ms, IGT 5:30:54.814, RTA 9:33:35.607-9:33:35.662
Tick 397451(397175), Delay 45 ms, IGT 5:30:54.914, RTA 9:33:35.712-9:33:35.757
Tick 397527(397251), Delay 56 ms, IGT 5:30:58.714, RTA 9:33:39.507-9:33:39.563
Tick 397665(397388), Delay 81 ms, IGT 5:31:05.564, RTA 9:33:46.407-9:33:46.488, due world load
Tick 397666(397389), Delay 8 ms, IGT 5:31:05.583, RTA 9:33:46.488-9:33:46.496
Tick 397669(397392), Delay 78 ms, IGT 5:31:05.733, RTA 9:33:46.596-9:33:46.674
Tick 397670(397393), Delay 20 ms, IGT 5:31:05.783, RTA 9:33:46.674-9:33:46.694
Tick 397673(397396), Delay 43 ms, IGT 5:31:05.933, RTA 9:33:46.801-9:33:46.844
Tick 397695(397418), Delay 55 ms, IGT 5:31:07.033, RTA 9:33:47.894-9:33:47.949
Tick 397964(397687), Delay 4764 ms, IGT 5:31:20.483, RTA 9:34:01.346-9:34:06.110
Tick 397998(397721), Delay 44 ms, IGT 5:31:22.183, RTA 9:34:07.764-9:34:07.808
Tick 398041(397764), Delay 62 ms, IGT 5:31:24.333, RTA 9:34:09.908-9:34:09.970
Tick 398042(397765), Delay 39 ms, IGT 5:31:24.383, RTA 9:34:09.970-9:34:10.009
Tick 398228(397951), Delay 55 ms, IGT 5:31:33.683, RTA 9:34:19.259-9:34:19.314
Tick 398262(397985), Delay 55 ms, IGT 5:31:35.341, RTA 9:34:20.961-9:34:21.016
Tick 398282(398005), Delay 44 ms, IGT 5:31:36.341, RTA 9:34:21.974-9:34:22.018
Tick 398283(398006), Delay 57 ms, IGT 5:31:36.391, RTA 9:34:22.018-9:34:22.075
Tick 398286(398009), Delay 57 ms, IGT 5:31:36.541, RTA 9:34:22.171-9:34:22.228
Tick 398287(398010), Delay 44 ms, IGT 5:31:36.591, RTA 9:34:22.228-9:34:22.272
Tick 398288(398011), Delay 55 ms, IGT 5:31:36.641, RTA 9:34:22.272-9:34:22.327
Tick 398289(398012), Delay 43 ms, IGT 5:31:36.691, RTA 9:34:22.327-9:34:22.370
Tick 398430(398152), Delay 81 ms, IGT 5:31:43.691, RTA 9:34:29.367-9:34:29.448, due world load
Tick 398431(398153), Delay 24 ms, IGT 5:31:43.727, RTA 9:34:29.448-9:34:29.472
Tick 398435(398157), Delay 79 ms, IGT 5:31:43.927, RTA 9:34:29.623-9:34:29.702
Tick 398436(398158), Delay 22 ms, IGT 5:31:43.977, RTA 9:34:29.702-9:34:29.724
Tick 398437(398159), Delay 78 ms, IGT 5:31:44.027, RTA 9:34:29.724-9:34:29.802
Tick 398438(398160), Delay 29 ms, IGT 5:31:44.077, RTA 9:34:29.802-9:34:29.831
Tick 398439(398161), Delay 44 ms, IGT 5:31:44.127, RTA 9:34:29.831-9:34:29.875
Tick 398568(398288), Delay 55 ms, IGT 5:31:50.466, RTA 9:34:36.277-9:34:36.332
Tick 398569(398289), Delay 44 ms, IGT 5:31:50.516, RTA 9:34:36.332-9:34:36.376
Tick 398572(398292), Delay 45 ms, IGT 5:31:50.666, RTA 9:34:36.482-9:34:36.527
Tick 398578(398298), Delay 65 ms, IGT 5:31:50.966, RTA 9:34:36.778-9:34:36.843
Tick 398579(398299), Delay 33 ms, IGT 5:31:51.016, RTA 9:34:36.843-9:34:36.876
Tick 398580(398300), Delay 56 ms, IGT 5:31:51.066, RTA 9:34:36.876-9:34:36.932
Tick 398588(398308), Delay 55 ms, IGT 5:31:51.466, RTA 9:34:37.279-9:34:37.334
Tick 398589(398309), Delay 42 ms, IGT 5:31:51.516, RTA 9:34:37.334-9:34:37.376
Tick 398935(398654), Delay 76 ms, IGT 5:32:08.766, RTA 9:34:54.626-9:34:54.702, due world load
Tick 398936(398655), Delay 29 ms, IGT 5:32:08.810, RTA 9:34:54.702-9:34:54.731
Tick 398941(398660), Delay 58 ms, IGT 5:32:09.060, RTA 9:34:54.936-9:34:54.994
Tick 398943(398662), Delay 44 ms, IGT 5:32:09.160, RTA 9:34:55.042-9:34:55.086
Tick 398944(398663), Delay 45 ms, IGT 5:32:09.210, RTA 9:34:55.086-9:34:55.131
Tick 399826(399545), Delay 3700 ms, IGT 5:32:53.310, RTA 9:35:39.181-9:35:42.881
Tick 399828(399547), Delay 56 ms, IGT 5:32:53.410, RTA 9:35:42.930-9:35:42.986
Tick 399840(399559), Delay 18773 ms, IGT 5:32:54.010, RTA 9:35:43.531-9:36:02.304
Tick 400108(399827), Delay 55 ms, IGT 5:33:07.410, RTA 9:36:15.653-9:36:15.708
Tick 400159(399878), Delay 56 ms, IGT 5:33:09.960, RTA 9:36:18.201-9:36:18.257
Tick 400203(399921), Delay 45 ms, IGT 5:33:12.110, RTA 9:36:20.404-9:36:20.449, due world load
Tick 400204(399921), Delay 21 ms, IGT 5:33:12.110, RTA 9:36:20.449-9:36:20.470, due world load
Tick 400220(399936), Delay 55 ms, IGT 5:33:12.853, RTA 9:36:21.221-9:36:21.276
Tick 400222(399938), Delay 56 ms, IGT 5:33:12.953, RTA 9:36:21.326-9:36:21.382
Tick 400223(399939), Delay 42 ms, IGT 5:33:13.003, RTA 9:36:21.382-9:36:21.424
Tick 400226(399942), Delay 56 ms, IGT 5:33:13.153, RTA 9:36:21.525-9:36:21.581
Tick 400227(399943), Delay 44 ms, IGT 5:33:13.203, RTA 9:36:21.581-9:36:21.625
Tick 400229(399945), Delay 43 ms, IGT 5:33:13.303, RTA 9:36:21.677-9:36:21.720
Tick 400237(399953), Delay 106 ms, IGT 5:33:13.703, RTA 9:36:22.072-9:36:22.178
Tick 400238(399954), Delay 1 ms, IGT 5:33:13.753, RTA 9:36:22.178-9:36:22.179
Tick 400245(399961), Delay 56 ms, IGT 5:33:14.103, RTA 9:36:22.470-9:36:22.526
Tick 400413(400129), Delay 45 ms, IGT 5:33:22.503, RTA 9:36:30.875-9:36:30.920
Tick 400416(400132), Delay 69 ms, IGT 5:33:22.653, RTA 9:36:31.021-9:36:31.090
Tick 400417(400133), Delay 38 ms, IGT 5:33:22.703, RTA 9:36:31.090-9:36:31.128
Tick 400418(400134), Delay 45 ms, IGT 5:33:22.753, RTA 9:36:31.128-9:36:31.173
Tick 400531(400246), Delay 73 ms, IGT 5:33:28.353, RTA 9:36:36.771-9:36:36.844, due world load
Tick 400532(400246), Delay 1 ms, IGT 5:33:28.353, RTA 9:36:36.844-9:36:36.845, due world load
Tick 400533(400247), Delay 41 ms, IGT 5:33:28.399, RTA 9:36:36.845-9:36:36.886
Tick 400537(400251), Delay 75 ms, IGT 5:33:28.599, RTA 9:36:37.038-9:36:37.113
Tick 400538(400252), Delay 30 ms, IGT 5:33:28.649, RTA 9:36:37.113-9:36:37.143
Tick 400539(400253), Delay 44 ms, IGT 5:33:28.699, RTA 9:36:37.143-9:36:37.187
Tick 400575(400289), Delay 55 ms, IGT 5:33:30.499, RTA 9:36:38.936-9:36:38.991
Tick 400742(400455), Delay 41 ms, IGT 5:33:38.799, RTA 9:36:47.289-9:36:47.330, due world load
Tick 400743(400456), Delay 28 ms, IGT 5:33:38.835, RTA 9:36:47.330-9:36:47.358
Tick 400744(400457), Delay 55 ms, IGT 5:33:38.885, RTA 9:36:47.358-9:36:47.413
Tick 400757(400470), Delay 55 ms, IGT 5:33:39.535, RTA 9:36:48.013-9:36:48.068
Tick 400758(400471), Delay 45 ms, IGT 5:33:39.585, RTA 9:36:48.068-9:36:48.113
Tick 400763(400476), Delay 68 ms, IGT 5:33:39.835, RTA 9:36:48.311-9:36:48.379
Tick 400764(400477), Delay 39 ms, IGT 5:33:39.885, RTA 9:36:48.379-9:36:48.418
Tick 400765(400478), Delay 42 ms, IGT 5:33:39.935, RTA 9:36:48.418-9:36:48.460
Tick 400766(400479), Delay 55 ms, IGT 5:33:39.985, RTA 9:36:48.460-9:36:48.515
Tick 400767(400480), Delay 45 ms, IGT 5:33:40.035, RTA 9:36:48.515-9:36:48.560
Tick 400769(400482), Delay 44 ms, IGT 5:33:40.135, RTA 9:36:48.614-9:36:48.658
Tick 400893(400606), Delay 72 ms, IGT 5:33:46.335, RTA 9:36:54.807-9:36:54.879
Tick 400894(400607), Delay 31 ms, IGT 5:33:46.385, RTA 9:36:54.879-9:36:54.910
Tick 401003(400716), Delay 55 ms, IGT 5:33:51.835, RTA 9:37:00.310-9:37:00.365
Tick 401004(400717), Delay 44 ms, IGT 5:33:51.885, RTA 9:37:00.365-9:37:00.409
Tick 401029(400741), Delay 85 ms, IGT 5:33:53.085, RTA 9:37:01.609-9:37:01.694, due world load
Tick 401030(400741), Delay 1 ms, IGT 5:33:53.085, RTA 9:37:01.694-9:37:01.695, due world load
Tick 401031(400742), Delay 32 ms, IGT 5:33:53.129, RTA 9:37:01.695-9:37:01.727
Tick 401035(400746), Delay 56 ms, IGT 5:33:53.329, RTA 9:37:01.881-9:37:01.937
Tick 401037(400748), Delay 38 ms, IGT 5:33:53.429, RTA 9:37:01.990-9:37:02.028
Tick 401056(400766), Delay 43 ms, IGT 5:33:54.329, RTA 9:37:02.929-9:37:02.972, due world load
Tick 401057(400766), Delay 26 ms, IGT 5:33:54.329, RTA 9:37:02.972-9:37:02.998, due world load
Tick 401089(400798), Delay 56 ms, IGT 5:33:55.925, RTA 9:37:04.549-9:37:04.605
Tick 401091(400800), Delay 42 ms, IGT 5:33:56.025, RTA 9:37:04.656-9:37:04.698
Tick 401092(400801), Delay 73 ms, IGT 5:33:56.075, RTA 9:37:04.698-9:37:04.771
Tick 401093(400802), Delay 28 ms, IGT 5:33:56.125, RTA 9:37:04.771-9:37:04.799
Tick 401216(400925), Delay 67 ms, IGT 5:34:02.275, RTA 9:37:10.899-9:37:10.966
Tick 401217(400926), Delay 38 ms, IGT 5:34:02.325, RTA 9:37:10.966-9:37:11.004
Tick 401218(400927), Delay 45 ms, IGT 5:34:02.375, RTA 9:37:11.004-9:37:11.049
Tick 401222(400931), Delay 60 ms, IGT 5:34:02.575, RTA 9:37:11.198-9:37:11.258
Tick 401223(400932), Delay 44 ms, IGT 5:34:02.625, RTA 9:37:11.258-9:37:11.302
Tick 401346(401055), Delay 260 ms, IGT 5:34:08.775, RTA 9:37:17.398-9:37:17.658
Tick 401347(401056), Delay 0 ms, IGT 5:34:08.825, RTA 9:37:17.658-9:37:17.658
Tick 401348(401057), Delay 1 ms, IGT 5:34:08.875, RTA 9:37:17.658-9:37:17.659
Tick 401349(401058), Delay 0 ms, IGT 5:34:08.925, RTA 9:37:17.659-9:37:17.659
Tick 401350(401059), Delay 1 ms, IGT 5:34:08.975, RTA 9:37:17.659-9:37:17.660
Tick 401351(401060), Delay 40 ms, IGT 5:34:09.025, RTA 9:37:17.660-9:37:17.700
Tick 401354(401063), Delay 55 ms, IGT 5:34:09.175, RTA 9:37:17.798-9:37:17.853
Tick 401355(401064), Delay 44 ms, IGT 5:34:09.225, RTA 9:37:17.853-9:37:17.897
Tick 401361(401070), Delay 55 ms, IGT 5:34:09.525, RTA 9:37:18.150-9:37:18.205
Tick 401362(401071), Delay 43 ms, IGT 5:34:09.575, RTA 9:37:18.205-9:37:18.248
Tick 401377(401086), Delay 55 ms, IGT 5:34:10.325, RTA 9:37:18.947-9:37:19.002
Tick 401407(401116), Delay 45 ms, IGT 5:34:11.825, RTA 9:37:20.453-9:37:20.498
Tick 401432(401141), Delay 57 ms, IGT 5:34:13.075, RTA 9:37:21.698-9:37:21.755
Tick 401510(401219), Delay 891 ms, IGT 5:34:16.975, RTA 9:37:25.598-9:37:26.489
Tick 401621(401330), Delay 55 ms, IGT 5:34:22.525, RTA 9:37:31.987-9:37:32.042
Tick 401622(401331), Delay 45 ms, IGT 5:34:22.575, RTA 9:37:32.042-9:37:32.087
Tick 401656(401365), Delay 56 ms, IGT 5:34:24.275, RTA 9:37:33.737-9:37:33.793
Tick 401657(401366), Delay 43 ms, IGT 5:34:24.325, RTA 9:37:33.793-9:37:33.836
Tick 401672(401381), Delay 144 ms, IGT 5:34:25.031, RTA 9:37:34.538-9:37:34.682
Tick 401673(401382), Delay 1 ms, IGT 5:34:25.081, RTA 9:37:34.682-9:37:34.683
Tick 401674(401383), Delay 0 ms, IGT 5:34:25.131, RTA 9:37:34.683-9:37:34.683
Tick 401675(401384), Delay 56 ms, IGT 5:34:25.181, RTA 9:37:34.683-9:37:34.739
Tick 401676(401385), Delay 28 ms, IGT 5:34:25.231, RTA 9:37:34.739-9:37:34.767
Tick 401684(401393), Delay 55 ms, IGT 5:34:25.631, RTA 9:37:35.115-9:37:35.170
Tick 401704(401413), Delay 58 ms, IGT 5:34:26.631, RTA 9:37:36.115-9:37:36.173
Tick 401705(401414), Delay 42 ms, IGT 5:34:26.681, RTA 9:37:36.173-9:37:36.215
Tick 401706(401415), Delay 56 ms, IGT 5:34:26.731, RTA 9:37:36.215-9:37:36.271
Tick 401779(401488), Delay 55 ms, IGT 5:34:30.381, RTA 9:37:39.864-9:37:39.919
Tick 401841(401550), Delay 4075 ms, IGT 5:34:33.481, RTA 9:37:42.967-9:37:47.042
Tick 401859(401568), Delay 55 ms, IGT 5:34:34.381, RTA 9:37:47.888-9:37:47.943
Tick 401903(401612), Delay 56 ms, IGT 5:34:36.581, RTA 9:37:50.089-9:37:50.145
Tick 401911(401620), Delay 56 ms, IGT 5:34:36.981, RTA 9:37:50.490-9:37:50.546
Tick 401923(401632), Delay 55 ms, IGT 5:34:37.581, RTA 9:37:51.090-9:37:51.145
Tick 401924(401633), Delay 45 ms, IGT 5:34:37.631, RTA 9:37:51.145-9:37:51.190
Tick 401970(401679), Delay 3853 ms, IGT 5:34:39.931, RTA 9:37:53.440-9:37:57.293
Tick 401984(401693), Delay 55 ms, IGT 5:34:40.631, RTA 9:37:57.940-9:37:57.995
Tick 401986(401695), Delay 44 ms, IGT 5:34:40.731, RTA 9:37:58.047-9:37:58.091
Tick 402066(401775), Delay 45 ms, IGT 5:34:44.731, RTA 9:38:02.045-9:38:02.090
Tick 402083(401792), Delay 45 ms, IGT 5:34:45.581, RTA 9:38:02.896-9:38:02.941
Tick 402123(401832), Delay 59 ms, IGT 5:34:47.581, RTA 9:38:04.891-9:38:04.950
Tick 402124(401833), Delay 45 ms, IGT 5:34:47.631, RTA 9:38:04.950-9:38:04.995
Tick 402298(402007), Delay 105 ms, IGT 5:34:56.331, RTA 9:38:13.643-9:38:13.748
Tick 402299(402008), Delay 1 ms, IGT 5:34:56.381, RTA 9:38:13.748-9:38:13.749
Tick 402300(402009), Delay 42 ms, IGT 5:34:56.431, RTA 9:38:13.749-9:38:13.791
Tick 402304(402013), Delay 55 ms, IGT 5:34:56.631, RTA 9:38:13.942-9:38:13.997
Tick 402305(402014), Delay 44 ms, IGT 5:34:56.681, RTA 9:38:13.997-9:38:14.041
Tick 402389(402098), Delay 58 ms, IGT 5:35:00.881, RTA 9:38:18.190-9:38:18.248
Tick 402458(402167), Delay 56 ms, IGT 5:35:04.331, RTA 9:38:21.641-9:38:21.697
Tick 402460(402169), Delay 125 ms, IGT 5:35:04.431, RTA 9:38:21.743-9:38:21.868
Tick 402461(402170), Delay 1 ms, IGT 5:35:04.481, RTA 9:38:21.868-9:38:21.869
Tick 402462(402171), Delay 25 ms, IGT 5:35:04.531, RTA 9:38:21.869-9:38:21.894
Tick 402468(402177), Delay 56 ms, IGT 5:35:04.831, RTA 9:38:22.140-9:38:22.196
Tick 402471(402180), Delay 55 ms, IGT 5:35:04.981, RTA 9:38:22.292-9:38:22.347
Tick 402477(402186), Delay 45 ms, IGT 5:35:05.281, RTA 9:38:22.597-9:38:22.642
Tick 402496(402205), Delay 56 ms, IGT 5:35:06.231, RTA 9:38:23.541-9:38:23.597
Tick 402498(402207), Delay 45 ms, IGT 5:35:06.331, RTA 9:38:23.646-9:38:23.691
Tick 402499(402208), Delay 57 ms, IGT 5:35:06.381, RTA 9:38:23.691-9:38:23.748
Tick 402500(402209), Delay 43 ms, IGT 5:35:06.431, RTA 9:38:23.748-9:38:23.791
Tick 402501(402210), Delay 55 ms, IGT 5:35:06.481, RTA 9:38:23.791-9:38:23.846
Tick 402522(402231), Delay 132 ms, IGT 5:35:07.531, RTA 9:38:24.844-9:38:24.976
Tick 402523(402232), Delay 1 ms, IGT 5:35:07.581, RTA 9:38:24.976-9:38:24.977
Tick 402524(402233), Delay 18 ms, IGT 5:35:07.631, RTA 9:38:24.977-9:38:24.995
Tick 402528(402237), Delay 45 ms, IGT 5:35:07.831, RTA 9:38:25.145-9:38:25.190
Tick 402530(402239), Delay 55 ms, IGT 5:35:07.931, RTA 9:38:25.240-9:38:25.295
Tick 402559(402268), Delay 55 ms, IGT 5:35:09.381, RTA 9:38:26.691-9:38:26.746
Tick 402562(402271), Delay 55 ms, IGT 5:35:09.531, RTA 9:38:26.841-9:38:26.896
Tick 402577(402286), Delay 56 ms, IGT 5:35:10.281, RTA 9:38:27.591-9:38:27.647
Tick 402578(402287), Delay 45 ms, IGT 5:35:10.331, RTA 9:38:27.647-9:38:27.692
Tick 402583(402292), Delay 55 ms, IGT 5:35:10.581, RTA 9:38:27.890-9:38:27.945
Tick 402683(402392), Delay 115 ms, IGT 5:35:15.581, RTA 9:38:32.891-9:38:33.006
Tick 402684(402393), Delay 1 ms, IGT 5:35:15.631, RTA 9:38:33.006-9:38:33.007
Tick 402685(402394), Delay 38 ms, IGT 5:35:15.681, RTA 9:38:33.007-9:38:33.045
Tick 402738(402447), Delay 45 ms, IGT 5:35:18.331, RTA 9:38:35.646-9:38:35.691
Tick 402750(402459), Delay 44 ms, IGT 5:35:18.931, RTA 9:38:36.247-9:38:36.291
Tick 402801(402510), Delay 59 ms, IGT 5:35:21.481, RTA 9:38:38.792-9:38:38.851
Tick 402802(402511), Delay 45 ms, IGT 5:35:21.531, RTA 9:38:38.851-9:38:38.896
Tick 402860(402569), Delay 17 ms, IGT 5:35:24.385, RTA 9:38:41.747-9:38:41.764
Tick 402863(402572), Delay 114 ms, IGT 5:35:24.487, RTA 9:38:41.866-9:38:41.980
Tick 402864(402573), Delay 1 ms, IGT 5:35:24.537, RTA 9:38:41.980-9:38:41.981
Tick 402865(402574), Delay 31 ms, IGT 5:35:24.587, RTA 9:38:41.981-9:38:42.012
Tick 402867(402576), Delay 165 ms, IGT 5:35:24.687, RTA 9:38:42.061-9:38:42.226
Tick 402868(402577), Delay 1 ms, IGT 5:35:24.737, RTA 9:38:42.226-9:38:42.227
Tick 402869(402578), Delay 0 ms, IGT 5:35:24.787, RTA 9:38:42.227-9:38:42.227
Tick 402870(402579), Delay 35 ms, IGT 5:35:24.837, RTA 9:38:42.227-9:38:42.262
Tick 402920(402629), Delay 56 ms, IGT 5:35:27.337, RTA 9:38:44.709-9:38:44.765
Tick 402946(402655), Delay 164 ms, IGT 5:35:28.637, RTA 9:38:46.013-9:38:46.177
Tick 402947(402656), Delay 1 ms, IGT 5:35:28.687, RTA 9:38:46.177-9:38:46.178
Tick 402948(402657), Delay 0 ms, IGT 5:35:28.737, RTA 9:38:46.178-9:38:46.178
Tick 402949(402658), Delay 37 ms, IGT 5:35:28.787, RTA 9:38:46.178-9:38:46.215
Tick 402995(402704), Delay 45 ms, IGT 5:35:31.087, RTA 9:38:48.464-9:38:48.509
Tick 403027(402736), Delay 45 ms, IGT 5:35:32.687, RTA 9:38:50.064-9:38:50.109
Tick 403028(402737), Delay 58 ms, IGT 5:35:32.737, RTA 9:38:50.109-9:38:50.167
Tick 403029(402738), Delay 43 ms, IGT 5:35:32.787, RTA 9:38:50.167-9:38:50.210
Tick 403030(402739), Delay 55 ms, IGT 5:35:32.837, RTA 9:38:50.210-9:38:50.265
Tick 403054(402763), Delay 55 ms, IGT 5:35:34.037, RTA 9:38:51.411-9:38:51.466
Tick 403058(402767), Delay 44 ms, IGT 5:35:34.237, RTA 9:38:51.617-9:38:51.661
Tick 403084(402793), Delay 2337 ms, IGT 5:35:35.537, RTA 9:38:52.913-9:38:55.250
Tick 403114(402823), Delay 91845 ms, IGT 5:35:37.037, RTA 9:38:56.702-9:40:28.547
Tick 403122(402831), Delay 56 ms, IGT 5:35:37.437, RTA 9:40:28.897-9:40:28.953
Tick 403249(402958), Delay 156 ms, IGT 5:35:43.787, RTA 9:40:35.249-9:40:35.405
Tick 403250(402959), Delay 21 ms, IGT 5:35:43.837, RTA 9:40:35.404-9:40:35.425
Tick 403251(402960), Delay 2 ms, IGT 5:35:43.887, RTA 9:40:35.425-9:40:35.427
Tick 403252(402961), Delay 22 ms, IGT 5:35:43.937, RTA 9:40:35.427-9:40:35.449
Tick 403307(403016), Delay 151 ms, IGT 5:35:46.687, RTA 9:40:38.149-9:40:38.300
Tick 403308(403017), Delay 19 ms, IGT 5:35:46.737, RTA 9:40:38.300-9:40:38.319
Tick 403309(403018), Delay 1 ms, IGT 5:35:46.787, RTA 9:40:38.319-9:40:38.320
Tick 403310(403019), Delay 29 ms, IGT 5:35:46.837, RTA 9:40:38.320-9:40:38.349
Tick 403325(403034), Delay 56 ms, IGT 5:35:47.587, RTA 9:40:39.047-9:40:39.103
Tick 403337(403046), Delay 161 ms, IGT 5:35:48.187, RTA 9:40:39.647-9:40:39.808
Tick 403338(403047), Delay 21 ms, IGT 5:35:48.237, RTA 9:40:39.808-9:40:39.829
Tick 403339(403048), Delay 0 ms, IGT 5:35:48.287, RTA 9:40:39.829-9:40:39.829
Tick 403340(403049), Delay 18 ms, IGT 5:35:48.337, RTA 9:40:39.829-9:40:39.847
Tick 403355(403064), Delay 45 ms, IGT 5:35:49.087, RTA 9:40:40.552-9:40:40.597
Tick 403359(403068), Delay 44 ms, IGT 5:35:49.287, RTA 9:40:40.753-9:40:40.797
Tick 403413(403122), Delay 55 ms, IGT 5:35:51.987, RTA 9:40:43.447-9:40:43.502
Tick 403414(403123), Delay 45 ms, IGT 5:35:52.037, RTA 9:40:43.502-9:40:43.547
Tick 403433(403142), Delay 45 ms, IGT 5:35:52.987, RTA 9:40:44.451-9:40:44.496
Tick 403445(403154), Delay 2875 ms, IGT 5:35:53.587, RTA 9:40:45.050-9:40:47.925
Tick 403454(403163), Delay 56 ms, IGT 5:35:54.037, RTA 9:40:48.325-9:40:48.381
Tick 403464(403173), Delay 55 ms, IGT 5:35:54.537, RTA 9:40:48.825-9:40:48.880
Tick 403477(403186), Delay 43 ms, IGT 5:35:55.187, RTA 9:40:49.481-9:40:49.524
Tick 403487(403196), Delay 55 ms, IGT 5:35:55.687, RTA 9:40:49.975-9:40:50.030
Tick 403496(403205), Delay 45 ms, IGT 5:35:56.137, RTA 9:40:50.430-9:40:50.475
Tick 403528(403237), Delay 138 ms, IGT 5:35:57.737, RTA 9:40:52.025-9:40:52.163
Tick 403529(403238), Delay 0 ms, IGT 5:35:57.787, RTA 9:40:52.163-9:40:52.163
Tick 403530(403239), Delay 15 ms, IGT 5:35:57.837, RTA 9:40:52.163-9:40:52.178
Tick 403557(403266), Delay 163 ms, IGT 5:35:59.187, RTA 9:40:53.475-9:40:53.638
Tick 403558(403267), Delay 1 ms, IGT 5:35:59.237, RTA 9:40:53.638-9:40:53.639
Tick 403559(403268), Delay 1 ms, IGT 5:35:59.287, RTA 9:40:53.639-9:40:53.640
Tick 403560(403269), Delay 39 ms, IGT 5:35:59.337, RTA 9:40:53.640-9:40:53.679
Tick 403576(403285), Delay 45 ms, IGT 5:36:00.137, RTA 9:40:54.430-9:40:54.475
Tick 403589(403298), Delay 144 ms, IGT 5:36:00.787, RTA 9:40:55.077-9:40:55.221
Tick 403590(403299), Delay 1 ms, IGT 5:36:00.837, RTA 9:40:55.221-9:40:55.222
Tick 403591(403300), Delay 6 ms, IGT 5:36:00.887, RTA 9:40:55.222-9:40:55.228
Tick 403623(403332), Delay 44 ms, IGT 5:36:02.487, RTA 9:40:56.781-9:40:56.825
Tick 403673(403382), Delay 58 ms, IGT 5:36:04.987, RTA 9:40:59.275-9:40:59.333
Tick 403680(403389), Delay 45 ms, IGT 5:36:05.337, RTA 9:40:59.631-9:40:59.676
Tick 403682(403391), Delay 55 ms, IGT 5:36:05.437, RTA 9:40:59.726-9:40:59.781
Tick 403683(403392), Delay 45 ms, IGT 5:36:05.487, RTA 9:40:59.781-9:40:59.826
Tick 403685(403394), Delay 55 ms, IGT 5:36:05.587, RTA 9:40:59.874-9:40:59.929
Tick 403686(403395), Delay 216731 ms, IGT 5:36:05.637, RTA 9:40:59.929-9:44:36.660
Tick 403721(403430), Delay 55 ms, IGT 5:36:07.387, RTA 9:44:38.359-9:44:38.414
Tick 403722(403431), Delay 44 ms, IGT 5:36:07.437, RTA 9:44:38.414-9:44:38.458
Tick 403793(403502), Delay 55 ms, IGT 5:36:10.987, RTA 9:44:41.958-9:44:42.013
Tick 403802(403511), Delay 167 ms, IGT 5:36:11.437, RTA 9:44:42.410-9:44:42.577
Tick 403803(403512), Delay 1 ms, IGT 5:36:11.487, RTA 9:44:42.577-9:44:42.578
Tick 403804(403513), Delay 0 ms, IGT 5:36:11.537, RTA 9:44:42.578-9:44:42.578
Tick 403805(403514), Delay 33 ms, IGT 5:36:11.587, RTA 9:44:42.578-9:44:42.611
Tick 403817(403526), Delay 44 ms, IGT 5:36:12.187, RTA 9:44:43.165-9:44:43.209
Tick 403821(403530), Delay 45 ms, IGT 5:36:12.387, RTA 9:44:43.364-9:44:43.409
Tick 403835(403544), Delay 168 ms, IGT 5:36:13.087, RTA 9:44:44.060-9:44:44.228
Tick 403836(403545), Delay 1 ms, IGT 5:36:13.137, RTA 9:44:44.228-9:44:44.229
Tick 403837(403546), Delay 0 ms, IGT 5:36:13.187, RTA 9:44:44.229-9:44:44.229
Tick 403838(403547), Delay 33 ms, IGT 5:36:13.237, RTA 9:44:44.229-9:44:44.262
Tick 403858(403567), Delay 45 ms, IGT 5:36:14.237, RTA 9:44:45.214-9:44:45.259
Tick 403921(403630), Delay 55 ms, IGT 5:36:17.387, RTA 9:44:48.359-9:44:48.414
Tick 403923(403632), Delay 45 ms, IGT 5:36:17.487, RTA 9:44:48.464-9:44:48.509
Tick 403942(403651), Delay 45 ms, IGT 5:36:18.437, RTA 9:44:49.414-9:44:49.459
Tick 403944(403653), Delay 55 ms, IGT 5:36:18.537, RTA 9:44:49.508-9:44:49.563
Tick 403946(403655), Delay 45 ms, IGT 5:36:18.637, RTA 9:44:49.617-9:44:49.662
Tick 403979(403688), Delay 175 ms, IGT 5:36:20.287, RTA 9:44:51.262-9:44:51.437
Tick 403980(403689), Delay 1 ms, IGT 5:36:20.337, RTA 9:44:51.437-9:44:51.438
Tick 403981(403690), Delay 0 ms, IGT 5:36:20.387, RTA 9:44:51.438-9:44:51.438
Tick 403982(403691), Delay 22 ms, IGT 5:36:20.437, RTA 9:44:51.438-9:44:51.460
Tick 404018(403727), Delay 45 ms, IGT 5:36:22.237, RTA 9:44:53.214-9:44:53.259
Tick 404040(403749), Delay 159 ms, IGT 5:36:23.337, RTA 9:44:54.308-9:44:54.467
Tick 404041(403750), Delay 1 ms, IGT 5:36:23.387, RTA 9:44:54.467-9:44:54.468
Tick 404042(403751), Delay 0 ms, IGT 5:36:23.437, RTA 9:44:54.468-9:44:54.468
Tick 404043(403752), Delay 44 ms, IGT 5:36:23.487, RTA 9:44:54.468-9:44:54.512
Tick 404057(403766), Delay 58 ms, IGT 5:36:24.187, RTA 9:44:55.158-9:44:55.216
Tick 404090(403799), Delay 44 ms, IGT 5:36:25.837, RTA 9:44:56.814-9:44:56.858
Tick 404139(403848), Delay 149 ms, IGT 5:36:28.287, RTA 9:44:59.260-9:44:59.409
Tick 404140(403849), Delay 0 ms, IGT 5:36:28.337, RTA 9:44:59.409-9:44:59.409
Tick 404141(403850), Delay 1 ms, IGT 5:36:28.387, RTA 9:44:59.409-9:44:59.410
Tick 404151(403860), Delay 3265 ms, IGT 5:36:28.887, RTA 9:44:59.860-9:45:03.125
Tick 404167(403876), Delay 55 ms, IGT 5:36:29.687, RTA 9:45:03.875-9:45:03.930
Tick 404169(403878), Delay 45 ms, IGT 5:36:29.787, RTA 9:45:03.980-9:45:04.025
Tick 404210(403919), Delay 166 ms, IGT 5:36:31.837, RTA 9:45:06.025-9:45:06.191
Tick 404211(403920), Delay 0 ms, IGT 5:36:31.887, RTA 9:45:06.191-9:45:06.191
Tick 404212(403921), Delay 1 ms, IGT 5:36:31.937, RTA 9:45:06.191-9:45:06.192
Tick 404213(403922), Delay 38 ms, IGT 5:36:31.987, RTA 9:45:06.192-9:45:06.230
Tick 404224(403933), Delay 45 ms, IGT 5:36:32.537, RTA 9:45:06.729-9:45:06.774
Tick 404275(403984), Delay 64 ms, IGT 5:36:35.087, RTA 9:45:09.275-9:45:09.339
Tick 404276(403985), Delay 36 ms, IGT 5:36:35.137, RTA 9:45:09.339-9:45:09.375
Tick 404342(404051), Delay 44 ms, IGT 5:36:38.437, RTA 9:45:12.630-9:45:12.674
Tick 404402(404111), Delay 55 ms, IGT 5:36:41.437, RTA 9:45:15.626-9:45:15.681
Tick 404415(404124), Delay 44 ms, IGT 5:36:42.087, RTA 9:45:16.281-9:45:16.325
Tick 404452(404161), Delay 45 ms, IGT 5:36:43.937, RTA 9:45:18.129-9:45:18.174
Tick 404466(404175), Delay 55 ms, IGT 5:36:44.637, RTA 9:45:18.825-9:45:18.880
Tick 404467(404176), Delay 44 ms, IGT 5:36:44.687, RTA 9:45:18.880-9:45:18.924
Tick 404480(404189), Delay 55 ms, IGT 5:36:45.337, RTA 9:45:19.526-9:45:19.581
Tick 404481(404190), Delay 44 ms, IGT 5:36:45.387, RTA 9:45:19.581-9:45:19.625
Tick 404531(404240), Delay 55 ms, IGT 5:36:47.887, RTA 9:45:22.075-9:45:22.130
Tick 404533(404242), Delay 42 ms, IGT 5:36:47.987, RTA 9:45:22.184-9:45:22.226
Tick 404550(404259), Delay 58205 ms, IGT 5:36:48.837, RTA 9:45:23.026-9:46:21.231
Tick 404745(404454), Delay 45 ms, IGT 5:36:58.587, RTA 9:46:30.935-9:46:30.980
Tick 404836(404545), Delay 55 ms, IGT 5:37:03.137, RTA 9:46:35.480-9:46:35.535
Tick 404937(404646), Delay 56 ms, IGT 5:37:08.187, RTA 9:46:40.532-9:46:40.588
Tick 404938(404647), Delay 42 ms, IGT 5:37:08.237, RTA 9:46:40.588-9:46:40.630
Tick 404940(404649), Delay 56 ms, IGT 5:37:08.337, RTA 9:46:40.679-9:46:40.735
Tick 405060(404769), Delay 56 ms, IGT 5:37:14.337, RTA 9:46:46.680-9:46:46.736
Tick 405107(404816), Delay 55 ms, IGT 5:37:16.687, RTA 9:46:49.029-9:46:49.084
Tick 405176(404885), Delay 55 ms, IGT 5:37:20.137, RTA 9:46:52.481-9:46:52.536
Tick 405177(404886), Delay 45 ms, IGT 5:37:20.187, RTA 9:46:52.536-9:46:52.581
Tick 405292(405001), Delay 44 ms, IGT 5:37:25.937, RTA 9:46:58.285-9:46:58.329
Tick 405316(405025), Delay 45 ms, IGT 5:37:27.137, RTA 9:46:59.485-9:46:59.530
Tick 405675(405384), Delay 2731 ms, IGT 5:37:45.087, RTA 9:47:17.431-9:47:20.162
Tick 405730(405439), Delay 58 ms, IGT 5:37:47.837, RTA 9:47:22.858-9:47:22.916
Tick 405731(405440), Delay 44 ms, IGT 5:37:47.887, RTA 9:47:22.916-9:47:22.960
Tick 405856(405565), Delay 56 ms, IGT 5:37:54.137, RTA 9:47:29.158-9:47:29.214
Tick 405857(405566), Delay 43 ms, IGT 5:37:54.187, RTA 9:47:29.214-9:47:29.257
Tick 405864(405573), Delay 55 ms, IGT 5:37:54.537, RTA 9:47:29.557-9:47:29.612
Tick 405950(405659), Delay 212 ms, IGT 5:37:58.837, RTA 9:47:33.860-9:47:34.072
Tick 405951(405660), Delay 0 ms, IGT 5:37:58.887, RTA 9:47:34.072-9:47:34.072
Tick 405952(405661), Delay 2 ms, IGT 5:37:58.937, RTA 9:47:34.072-9:47:34.074
Tick 405953(405662), Delay 0 ms, IGT 5:37:58.987, RTA 9:47:34.074-9:47:34.074
Tick 405954(405663), Delay 33 ms, IGT 5:37:59.037, RTA 9:47:34.074-9:47:34.107
Tick 405955(405664), Delay 57 ms, IGT 5:37:59.087, RTA 9:47:34.107-9:47:34.164
Tick 405956(405665), Delay 45 ms, IGT 5:37:59.137, RTA 9:47:34.164-9:47:34.209
Tick 405967(405676), Delay 44 ms, IGT 5:37:59.687, RTA 9:47:34.713-9:47:34.757
Tick 405968(405677), Delay 58 ms, IGT 5:37:59.737, RTA 9:47:34.757-9:47:34.815
Tick 405969(405678), Delay 45 ms, IGT 5:37:59.787, RTA 9:47:34.815-9:47:34.860
Tick 405985(405694), Delay 56 ms, IGT 5:38:00.587, RTA 9:47:35.608-9:47:35.664
Tick 405993(405702), Delay 55 ms, IGT 5:38:00.987, RTA 9:47:36.007-9:47:36.062
Tick 406013(405722), Delay 56 ms, IGT 5:38:01.987, RTA 9:47:37.008-9:47:37.064
Tick 406070(405779), Delay 45 ms, IGT 5:38:04.837, RTA 9:47:39.862-9:47:39.907
Tick 406097(405806), Delay 44 ms, IGT 5:38:06.187, RTA 9:47:41.214-9:47:41.258
Tick 406098(405807), Delay 57 ms, IGT 5:38:06.237, RTA 9:47:41.258-9:47:41.315
Tick 406099(405808), Delay 44 ms, IGT 5:38:06.287, RTA 9:47:41.315-9:47:41.359
Tick 406155(405864), Delay 44 ms, IGT 5:38:09.087, RTA 9:47:44.114-9:47:44.158
Tick 406275(405984), Delay 56 ms, IGT 5:38:15.087, RTA 9:47:50.107-9:47:50.163
Tick 406276(405985), Delay 45 ms, IGT 5:38:15.137, RTA 9:47:50.163-9:47:50.208
Tick 406346(406055), Delay 55 ms, IGT 5:38:18.637, RTA 9:47:53.658-9:47:53.713
Tick 406347(406056), Delay 45 ms, IGT 5:38:18.687, RTA 9:47:53.713-9:47:53.758
Tick 406710(406419), Delay 57 ms, IGT 5:38:36.837, RTA 9:48:11.858-9:48:11.915
Tick 406711(406420), Delay 42 ms, IGT 5:38:36.887, RTA 9:48:11.915-9:48:11.957
Tick 407211(406920), Delay 45 ms, IGT 5:39:01.887, RTA 9:48:36.913-9:48:36.958
Tick 407271(406980), Delay 58 ms, IGT 5:39:04.887, RTA 9:48:39.908-9:48:39.966
Tick 407277(406986), Delay 45 ms, IGT 5:39:05.187, RTA 9:48:40.215-9:48:40.260
Tick 407330(407039), Delay 45 ms, IGT 5:39:07.837, RTA 9:48:42.863-9:48:42.908
Tick 407349(407058), Delay 3546 ms, IGT 5:39:08.787, RTA 9:48:43.809-9:48:47.355
Tick 407358(407067), Delay 45 ms, IGT 5:39:09.237, RTA 9:48:47.760-9:48:47.805
Tick 407387(407096), Delay 3987 ms, IGT 5:39:10.687, RTA 9:48:49.206-9:48:53.193
Tick 407467(407176), Delay 55 ms, IGT 5:39:14.687, RTA 9:48:57.143-9:48:57.198
Tick 407478(407187), Delay 2756 ms, IGT 5:39:15.237, RTA 9:48:57.695-9:49:00.451
Tick 407610(407319), Delay 55 ms, IGT 5:39:21.837, RTA 9:49:07.000-9:49:07.055
Tick 407877(407586), Delay 521 ms, IGT 5:39:35.187, RTA 9:49:20.354-9:49:20.875
Tick 407885(407594), Delay 45 ms, IGT 5:39:35.587, RTA 9:49:21.228-9:49:21.273
Tick 407889(407598), Delay 32965 ms, IGT 5:39:35.787, RTA 9:49:21.424-9:49:54.389
Tick 407910(407619), Delay 57 ms, IGT 5:39:36.837, RTA 9:49:55.392-9:49:55.449
Tick 407911(407620), Delay 44 ms, IGT 5:39:36.887, RTA 9:49:55.447-9:49:55.491
Tick 407966(407675), Delay 45 ms, IGT 5:39:39.637, RTA 9:49:58.193-9:49:58.238
Tick 408018(407727), Delay 55 ms, IGT 5:39:42.237, RTA 9:50:00.787-9:50:00.842
Tick 408019(407728), Delay 45 ms, IGT 5:39:42.287, RTA 9:50:00.842-9:50:00.887
Tick 408022(407731), Delay 44 ms, IGT 5:39:42.437, RTA 9:50:00.991-9:50:01.035
Tick 408165(407874), Delay 57 ms, IGT 5:39:49.587, RTA 9:50:08.136-9:50:08.193
Tick 408245(407954), Delay 55 ms, IGT 5:39:53.587, RTA 9:50:12.137-9:50:12.192
Tick 408285(407994), Delay 55 ms, IGT 5:39:55.587, RTA 9:50:14.137-9:50:14.192
Tick 408286(407995), Delay 45 ms, IGT 5:39:55.637, RTA 9:50:14.192-9:50:14.237
Tick 408311(408020), Delay 44 ms, IGT 5:39:56.887, RTA 9:50:15.442-9:50:15.486
Tick 408328(408037), Delay 55 ms, IGT 5:39:57.737, RTA 9:50:16.287-9:50:16.342
Tick 408329(408038), Delay 45 ms, IGT 5:39:57.787, RTA 9:50:16.342-9:50:16.387
Tick 408523(408232), Delay 44 ms, IGT 5:40:07.487, RTA 9:50:26.043-9:50:26.087
Tick 408526(408235), Delay 55 ms, IGT 5:40:07.637, RTA 9:50:26.185-9:50:26.240
Tick 408556(408265), Delay 1154 ms, IGT 5:40:09.137, RTA 9:50:27.688-9:50:28.842
Tick 408571(408280), Delay 1016 ms, IGT 5:40:09.887, RTA 9:50:29.543-9:50:30.559
Tick 408575(408284), Delay 55 ms, IGT 5:40:10.087, RTA 9:50:30.708-9:50:30.763
Tick 408576(408285), Delay 45 ms, IGT 5:40:10.137, RTA 9:50:30.763-9:50:30.808
Tick 408608(408317), Delay 962 ms, IGT 5:40:11.737, RTA 9:50:32.363-9:50:33.325
Tick 408735(408444), Delay 55 ms, IGT 5:40:18.087, RTA 9:50:39.624-9:50:39.679
Tick 408754(408463), Delay 45 ms, IGT 5:40:19.037, RTA 9:50:40.579-9:50:40.624
Tick 408907(408616), Delay 80298 ms, IGT 5:40:26.687, RTA 9:50:48.224-9:52:08.522
Tick 408915(408624), Delay 45 ms, IGT 5:40:27.087, RTA 9:52:08.874-9:52:08.919
Tick 408942(408651), Delay 6466 ms, IGT 5:40:28.437, RTA 9:52:10.220-9:52:16.686
Tick 408949(408658), Delay 60 ms, IGT 5:40:28.787, RTA 9:52:16.986-9:52:17.046
Tick 408950(408659), Delay 40 ms, IGT 5:40:28.837, RTA 9:52:17.046-9:52:17.086
Tick 409077(408786), Delay 56 ms, IGT 5:40:35.187, RTA 9:52:23.385-9:52:23.441
Tick 409140(408849), Delay 353962 ms, IGT 5:40:38.337, RTA 9:52:26.535-9:58:20.497
Tick 409197(408906), Delay 61 ms, IGT 5:40:41.187, RTA 9:58:23.298-9:58:23.359
Tick 409198(408907), Delay 39 ms, IGT 5:40:41.237, RTA 9:58:23.359-9:58:23.398
Tick 409374(409083), Delay 55 ms, IGT 5:40:50.037, RTA 9:58:32.146-9:58:32.201
Tick 409400(409109), Delay 45 ms, IGT 5:40:51.337, RTA 9:58:33.452-9:58:33.497
Tick 409534(409243), Delay 57 ms, IGT 5:40:58.037, RTA 9:58:40.146-9:58:40.203
Tick 409535(409244), Delay 44 ms, IGT 5:40:58.087, RTA 9:58:40.203-9:58:40.247
Tick 409546(409255), Delay 1580 ms, IGT 5:40:58.637, RTA 9:58:40.748-9:58:42.328
Tick 409577(409286), Delay 880 ms, IGT 5:41:00.187, RTA 9:58:43.828-9:58:44.708
Tick 409595(409304), Delay 45 ms, IGT 5:41:01.087, RTA 9:58:45.562-9:58:45.607
Tick 409617(409326), Delay 755 ms, IGT 5:41:02.187, RTA 9:58:46.659-9:58:47.414
Tick 409674(409383), Delay 57 ms, IGT 5:41:05.037, RTA 9:58:50.212-9:58:50.269
Tick 409675(409384), Delay 44 ms, IGT 5:41:05.087, RTA 9:58:50.269-9:58:50.313
Tick 409679(409388), Delay 27470 ms, IGT 5:41:05.287, RTA 9:58:50.466-9:59:17.936
Tick 409917(409626), Delay 55 ms, IGT 5:41:17.187, RTA 9:59:29.785-9:59:29.840
Tick 409938(409647), Delay 45 ms, IGT 5:41:18.237, RTA 9:59:30.841-9:59:30.886
Tick 409957(409666), Delay 57475 ms, IGT 5:41:19.187, RTA 9:59:31.785-10:00:29.260
Tick 410086(409795), Delay 44 ms, IGT 5:41:25.637, RTA 10:00:35.664-10:00:35.708
Tick 410141(409850), Delay 55 ms, IGT 5:41:28.387, RTA 10:00:38.410-10:00:38.465
Tick 410142(409851), Delay 44 ms, IGT 5:41:28.437, RTA 10:00:38.465-10:00:38.509
Tick 410227(409936), Delay 28854 ms, IGT 5:41:32.687, RTA 10:00:42.709-10:01:11.563
Tick 410540(410249), Delay 68 ms, IGT 5:41:48.337, RTA 10:01:27.163-10:01:27.231
Tick 410541(410250), Delay 39 ms, IGT 5:41:48.387, RTA 10:01:27.231-10:01:27.270
Tick 410601(410310), Delay 55 ms, IGT 5:41:51.387, RTA 10:01:30.218-10:01:30.273
Tick 410661(410370), Delay 56 ms, IGT 5:41:54.387, RTA 10:01:33.219-10:01:33.275
Tick 410662(410371), Delay 44 ms, IGT 5:41:54.437, RTA 10:01:33.275-10:01:33.319
Tick 410672(410381), Delay 55 ms, IGT 5:41:54.937, RTA 10:01:33.770-10:01:33.825
Tick 410802(410511), Delay 56 ms, IGT 5:42:01.437, RTA 10:01:40.268-10:01:40.324
Tick 410803(410512), Delay 45 ms, IGT 5:42:01.487, RTA 10:01:40.324-10:01:40.369
Tick 410843(410552), Delay 56 ms, IGT 5:42:03.487, RTA 10:01:42.319-10:01:42.375
Tick 410844(410553), Delay 45 ms, IGT 5:42:03.537, RTA 10:01:42.375-10:01:42.420
Tick 410903(410612), Delay 55 ms, IGT 5:42:06.487, RTA 10:01:45.318-10:01:45.373
Tick 411021(410730), Delay 55 ms, IGT 5:42:12.387, RTA 10:01:51.220-10:01:51.275
Tick 411022(410731), Delay 55 ms, IGT 5:42:12.437, RTA 10:01:51.275-10:01:51.330
Tick 411024(410733), Delay 43 ms, IGT 5:42:12.537, RTA 10:01:51.378-10:01:51.421
Tick 411225(410934), Delay 55 ms, IGT 5:42:22.587, RTA 10:02:01.418-10:02:01.473
Tick 411245(410954), Delay 55 ms, IGT 5:42:23.587, RTA 10:02:02.418-10:02:02.473
Tick 411327(411036), Delay 45 ms, IGT 5:42:27.687, RTA 10:02:06.523-10:02:06.568
Tick 411347(411056), Delay 45 ms, IGT 5:42:28.687, RTA 10:02:07.523-10:02:07.568
Tick 411366(411075), Delay 56 ms, IGT 5:42:29.637, RTA 10:02:08.468-10:02:08.524
Tick 411367(411076), Delay 44 ms, IGT 5:42:29.687, RTA 10:02:08.524-10:02:08.568
Tick 411616(411325), Delay 43 ms, IGT 5:42:42.137, RTA 10:02:20.969-10:02:21.012
Tick 411617(411326), Delay 57 ms, IGT 5:42:42.187, RTA 10:02:21.012-10:02:21.069
Tick 411619(411328), Delay 45 ms, IGT 5:42:42.287, RTA 10:02:21.117-10:02:21.162
Tick 411652(411361), Delay 70 ms, IGT 5:42:43.937, RTA 10:02:22.763-10:02:22.833
Tick 411653(411362), Delay 37 ms, IGT 5:42:43.987, RTA 10:02:22.833-10:02:22.870
Tick 411714(411423), Delay 45 ms, IGT 5:42:47.037, RTA 10:02:25.873-10:02:25.918
Tick 411749(411458), Delay 43 ms, IGT 5:42:48.787, RTA 10:02:27.621-10:02:27.664
Tick 411755(411464), Delay 55 ms, IGT 5:42:49.087, RTA 10:02:27.915-10:02:27.970
Tick 411756(411465), Delay 43 ms, IGT 5:42:49.137, RTA 10:02:27.970-10:02:28.013
Tick 411887(411596), Delay 4152 ms, IGT 5:42:55.687, RTA 10:02:34.513-10:02:38.665
Tick 411966(411675), Delay 56 ms, IGT 5:42:59.637, RTA 10:02:42.565-10:02:42.621
Tick 411967(411676), Delay 45 ms, IGT 5:42:59.687, RTA 10:02:42.621-10:02:42.666
Tick 412349(412058), Delay 1236 ms, IGT 5:43:18.787, RTA 10:03:01.716-10:03:02.952
Tick 412357(412066), Delay 518 ms, IGT 5:43:19.187, RTA 10:03:03.301-10:03:03.819
Tick 412366(412075), Delay 2521 ms, IGT 5:43:19.637, RTA 10:03:04.218-10:03:06.739
Tick 412378(412087), Delay 3434 ms, IGT 5:43:20.237, RTA 10:03:07.292-10:03:10.726
Tick 412380(412089), Delay 56 ms, IGT 5:43:20.337, RTA 10:03:10.773-10:03:10.829
Tick 412388(412097), Delay 2738 ms, IGT 5:43:20.737, RTA 10:03:11.178-10:03:13.916
Tick 412637(412346), Delay 56 ms, IGT 5:43:33.187, RTA 10:03:26.315-10:03:26.371
Tick 412725(412434), Delay 56 ms, IGT 5:43:37.587, RTA 10:03:30.715-10:03:30.771
Tick 412726(412435), Delay 43 ms, IGT 5:43:37.637, RTA 10:03:30.771-10:03:30.814
Tick 412746(412455), Delay 2207 ms, IGT 5:43:38.637, RTA 10:03:31.767-10:03:33.974
Tick 412779(412488), Delay 55 ms, IGT 5:43:40.287, RTA 10:03:35.574-10:03:35.629
Tick 412780(412489), Delay 45 ms, IGT 5:43:40.337, RTA 10:03:35.629-10:03:35.674
Tick 412789(412498), Delay 55 ms, IGT 5:43:40.787, RTA 10:03:36.073-10:03:36.128
Tick 412790(412499), Delay 45 ms, IGT 5:43:40.837, RTA 10:03:36.128-10:03:36.173
Tick 412808(412517), Delay 57 ms, IGT 5:43:41.737, RTA 10:03:37.022-10:03:37.079
Tick 412908(412617), Delay 2697 ms, IGT 5:43:46.737, RTA 10:03:42.023-10:03:44.720
Tick 412931(412640), Delay 55 ms, IGT 5:43:47.887, RTA 10:03:45.820-10:03:45.875
Tick 412938(412647), Delay 57 ms, IGT 5:43:48.237, RTA 10:03:46.171-10:03:46.228
Tick 412985(412694), Delay 55 ms, IGT 5:43:50.587, RTA 10:03:48.520-10:03:48.575
Tick 413036(412745), Delay 56 ms, IGT 5:43:53.137, RTA 10:03:51.071-10:03:51.127
Tick 413037(412746), Delay 44 ms, IGT 5:43:53.187, RTA 10:03:51.127-10:03:51.171
Tick 413154(412862), Delay 28 ms, IGT 5:43:58.955, RTA 10:03:56.971-10:03:56.999
Tick 413179(412887), Delay 65 ms, IGT 5:44:00.205, RTA 10:03:58.201-10:03:58.266
Tick 413180(412888), Delay 40 ms, IGT 5:44:00.255, RTA 10:03:58.266-10:03:58.306
Tick 413204(412912), Delay 84 ms, IGT 5:44:01.406, RTA 10:03:59.451-10:03:59.535
Tick 413205(412913), Delay 0 ms, IGT 5:44:01.456, RTA 10:03:59.535-10:03:59.535
Tick 413209(412917), Delay 60 ms, IGT 5:44:01.656, RTA 10:03:59.682-10:03:59.742
Tick 413210(412918), Delay 133 ms, IGT 5:44:01.706, RTA 10:03:59.742-10:03:59.875
Tick 413211(412919), Delay 0 ms, IGT 5:44:01.756, RTA 10:03:59.875-10:03:59.875
Tick 413212(412920), Delay 9 ms, IGT 5:44:01.806, RTA 10:03:59.875-10:03:59.884
Tick 413215(412923), Delay 56 ms, IGT 5:44:01.956, RTA 10:03:59.983-10:04:00.039
Tick 413216(412924), Delay 43 ms, IGT 5:44:02.006, RTA 10:04:00.039-10:04:00.082
Tick 413360(413068), Delay 56 ms, IGT 5:44:09.206, RTA 10:04:07.231-10:04:07.287
Tick 413402(413110), Delay 56 ms, IGT 5:44:11.306, RTA 10:04:09.332-10:04:09.388
Tick 413403(413111), Delay 44 ms, IGT 5:44:11.356, RTA 10:04:09.388-10:04:09.432
Tick 413408(413116), Delay 65 ms, IGT 5:44:11.606, RTA 10:04:09.632-10:04:09.697
Tick 413409(413117), Delay 36 ms, IGT 5:44:11.656, RTA 10:04:09.697-10:04:09.733
Tick 413529(413237), Delay 656 ms, IGT 5:44:17.656, RTA 10:04:15.682-10:04:16.338
Tick 413532(413240), Delay 335 ms, IGT 5:44:17.806, RTA 10:04:16.438-10:04:16.773
Tick 413824(413532), Delay 122 ms, IGT 5:44:32.406, RTA 10:04:31.323-10:04:31.445
Tick 413825(413533), Delay 1 ms, IGT 5:44:32.456, RTA 10:04:31.445-10:04:31.446
Tick 413826(413534), Delay 27 ms, IGT 5:44:32.506, RTA 10:04:31.446-10:04:31.473
Tick 413902(413610), Delay 58 ms, IGT 5:44:36.306, RTA 10:04:35.226-10:04:35.284
Tick 413903(413611), Delay 40 ms, IGT 5:44:36.356, RTA 10:04:35.284-10:04:35.324
Tick 413924(413632), Delay 163 ms, IGT 5:44:37.406, RTA 10:04:36.323-10:04:36.486
Tick 413925(413633), Delay 1 ms, IGT 5:44:37.456, RTA 10:04:36.486-10:04:36.487
Tick 413926(413634), Delay 0 ms, IGT 5:44:37.506, RTA 10:04:36.487-10:04:36.487
Tick 413928(413636), Delay 41 ms, IGT 5:44:37.606, RTA 10:04:36.533-10:04:36.574
Tick 413961(413669), Delay 57 ms, IGT 5:44:39.256, RTA 10:04:38.173-10:04:38.230
Tick 413962(413670), Delay 45 ms, IGT 5:44:39.306, RTA 10:04:38.230-10:04:38.275
Tick 414043(413751), Delay 55 ms, IGT 5:44:43.356, RTA 10:04:42.273-10:04:42.328
Tick 414044(413752), Delay 45 ms, IGT 5:44:43.406, RTA 10:04:42.328-10:04:42.373
Tick 414084(413792), Delay 130 ms, IGT 5:44:45.406, RTA 10:04:44.323-10:04:44.453
Tick 414085(413793), Delay 0 ms, IGT 5:44:45.456, RTA 10:04:44.453-10:04:44.453
Tick 414086(413794), Delay 21 ms, IGT 5:44:45.506, RTA 10:04:44.453-10:04:44.474
Tick 414160(413868), Delay 55 ms, IGT 5:44:49.206, RTA 10:04:48.122-10:04:48.177
Tick 414241(413949), Delay 44 ms, IGT 5:44:53.256, RTA 10:04:52.178-10:04:52.222
Tick 414306(414014), Delay 56 ms, IGT 5:44:56.506, RTA 10:04:55.423-10:04:55.479
Tick 414307(414015), Delay 44 ms, IGT 5:44:56.556, RTA 10:04:55.479-10:04:55.523
Tick 414388(414096), Delay 55 ms, IGT 5:45:00.606, RTA 10:04:59.522-10:04:59.577
Tick 414413(414120), Delay 65 ms, IGT 5:45:01.806, RTA 10:05:00.773-10:05:00.838, due world load
Tick 414414(414120), Delay 0 ms, IGT 5:45:01.806, RTA 10:05:00.838-10:05:00.838, due world load
Tick 414415(414120), Delay 43 ms, IGT 5:45:01.806, RTA 10:05:00.838-10:05:00.881, due world load
Tick 414436(414140), Delay 58 ms, IGT 5:45:02.799, RTA 10:05:01.883-10:05:01.941
Tick 414437(414141), Delay 44 ms, IGT 5:45:02.849, RTA 10:05:01.941-10:05:01.985
Tick 414480(414184), Delay 82 ms, IGT 5:45:04.951, RTA 10:05:04.083-10:05:04.165
Tick 414481(414185), Delay 1 ms, IGT 5:45:05.001, RTA 10:05:04.165-10:05:04.166
Tick 414482(414186), Delay 30 ms, IGT 5:45:05.051, RTA 10:05:04.166-10:05:04.196
Tick 414485(414189), Delay 55 ms, IGT 5:45:05.201, RTA 10:05:04.294-10:05:04.349
Tick 414487(414191), Delay 80 ms, IGT 5:45:05.301, RTA 10:05:04.400-10:05:04.480
Tick 414488(414192), Delay 18 ms, IGT 5:45:05.351, RTA 10:05:04.480-10:05:04.498
Tick 414491(414195), Delay 105 ms, IGT 5:45:05.501, RTA 10:05:04.594-10:05:04.699
Tick 414492(414196), Delay 0 ms, IGT 5:45:05.551, RTA 10:05:04.699-10:05:04.699
Tick 414508(414212), Delay 57 ms, IGT 5:45:06.351, RTA 10:05:05.446-10:05:05.503
Tick 414509(414213), Delay 44 ms, IGT 5:45:06.401, RTA 10:05:05.503-10:05:05.547
Tick 414516(414220), Delay 55 ms, IGT 5:45:06.751, RTA 10:05:05.846-10:05:05.901
Tick 414531(414235), Delay 110 ms, IGT 5:45:07.501, RTA 10:05:06.595-10:05:06.705
Tick 414532(414236), Delay 38 ms, IGT 5:45:07.551, RTA 10:05:06.705-10:05:06.743
Tick 414533(414237), Delay 7 ms, IGT 5:45:07.601, RTA 10:05:06.743-10:05:06.750
Tick 414558(414262), Delay 55 ms, IGT 5:45:08.851, RTA 10:05:07.945-10:05:08.000
Tick 414569(414273), Delay 45 ms, IGT 5:45:09.401, RTA 10:05:08.500-10:05:08.545
Tick 414573(414277), Delay 57 ms, IGT 5:45:09.601, RTA 10:05:08.695-10:05:08.752
Tick 414575(414279), Delay 45 ms, IGT 5:45:09.701, RTA 10:05:08.800-10:05:08.845
Tick 414595(414299), Delay 45 ms, IGT 5:45:10.701, RTA 10:05:09.800-10:05:09.845
Tick 414699(414403), Delay 70 ms, IGT 5:45:15.901, RTA 10:05:14.994-10:05:15.064
Tick 414700(414404), Delay 33 ms, IGT 5:45:15.951, RTA 10:05:15.064-10:05:15.097
Tick 414806(414510), Delay 31208 ms, IGT 5:45:21.251, RTA 10:05:20.345-10:05:51.553
Tick 414838(414542), Delay 55 ms, IGT 5:45:22.851, RTA 10:05:53.103-10:05:53.158
Tick 414894(414598), Delay 56 ms, IGT 5:45:25.651, RTA 10:05:55.902-10:05:55.958
Tick 414925(414629), Delay 60 ms, IGT 5:45:27.201, RTA 10:05:57.453-10:05:57.513
Tick 414926(414630), Delay 40 ms, IGT 5:45:27.251, RTA 10:05:57.513-10:05:57.553
Tick 414994(414698), Delay 56 ms, IGT 5:45:30.651, RTA 10:06:00.903-10:06:00.959
Tick 414995(414699), Delay 43 ms, IGT 5:45:30.701, RTA 10:06:00.959-10:06:01.002
Tick 415039(414743), Delay 45 ms, IGT 5:45:32.901, RTA 10:06:03.157-10:06:03.202
Tick 415060(414764), Delay 2473 ms, IGT 5:45:33.951, RTA 10:06:04.207-10:06:06.680
Tick 415070(414774), Delay 55 ms, IGT 5:45:34.451, RTA 10:06:07.129-10:06:07.184
Tick 415175(414879), Delay 45 ms, IGT 5:45:39.701, RTA 10:06:12.385-10:06:12.430
Tick 415355(415059), Delay 55 ms, IGT 5:45:48.701, RTA 10:06:21.379-10:06:21.434
Tick 415356(415060), Delay 44 ms, IGT 5:45:48.751, RTA 10:06:21.434-10:06:21.478
Tick 415510(415214), Delay 55 ms, IGT 5:45:56.451, RTA 10:06:29.130-10:06:29.185
Tick 415511(415215), Delay 45 ms, IGT 5:45:56.501, RTA 10:06:29.185-10:06:29.230
Tick 415624(415328), Delay 55 ms, IGT 5:46:02.151, RTA 10:06:34.828-10:06:34.883
Tick 415625(415329), Delay 45 ms, IGT 5:46:02.201, RTA 10:06:34.883-10:06:34.928
Tick 415718(415421), Delay 75 ms, IGT 5:46:06.801, RTA 10:06:39.529-10:06:39.604, due world load
Tick 415719(415422), Delay 15 ms, IGT 5:46:06.841, RTA 10:06:39.604-10:06:39.619
Tick 415720(415423), Delay 44 ms, IGT 5:46:06.891, RTA 10:06:39.619-10:06:39.663
Tick 415721(415424), Delay 65 ms, IGT 5:46:06.941, RTA 10:06:39.663-10:06:39.728
Tick 415722(415425), Delay 37 ms, IGT 5:46:06.991, RTA 10:06:39.728-10:06:39.765
Tick 415739(415442), Delay 56 ms, IGT 5:46:07.841, RTA 10:06:40.565-10:06:40.621
Tick 415740(415443), Delay 45 ms, IGT 5:46:07.891, RTA 10:06:40.621-10:06:40.666
Tick 415744(415447), Delay 61 ms, IGT 5:46:08.091, RTA 10:06:40.814-10:06:40.875
Tick 415745(415448), Delay 40 ms, IGT 5:46:08.141, RTA 10:06:40.875-10:06:40.915
Tick 415746(415449), Delay 56 ms, IGT 5:46:08.191, RTA 10:06:40.915-10:06:40.971
Tick 415747(415450), Delay 91 ms, IGT 5:46:08.241, RTA 10:06:40.971-10:06:41.062
Tick 415748(415451), Delay 19 ms, IGT 5:46:08.291, RTA 10:06:41.062-10:06:41.081
Tick 415749(415452), Delay 33 ms, IGT 5:46:08.341, RTA 10:06:41.081-10:06:41.114
Tick 415753(415456), Delay 44 ms, IGT 5:46:08.541, RTA 10:06:41.270-10:06:41.314
Tick 415757(415460), Delay 45 ms, IGT 5:46:08.741, RTA 10:06:41.468-10:06:41.513
Tick 415775(415478), Delay 45 ms, IGT 5:46:09.641, RTA 10:06:42.368-10:06:42.413
Tick 415872(415575), Delay 113 ms, IGT 5:46:14.442, RTA 10:06:47.214-10:06:47.327
Tick 415873(415576), Delay 1 ms, IGT 5:46:14.492, RTA 10:06:47.327-10:06:47.328
Tick 415874(415577), Delay 34 ms, IGT 5:46:14.542, RTA 10:06:47.328-10:06:47.362
Tick 415876(415579), Delay 64 ms, IGT 5:46:14.642, RTA 10:06:47.414-10:06:47.478
Tick 415877(415580), Delay 35 ms, IGT 5:46:14.692, RTA 10:06:47.478-10:06:47.513
Tick 415909(415612), Delay 1523 ms, IGT 5:46:16.292, RTA 10:06:49.063-10:06:50.586
Tick 415929(415632), Delay 56 ms, IGT 5:46:17.292, RTA 10:06:51.535-10:06:51.591
Tick 415930(415633), Delay 45 ms, IGT 5:46:17.342, RTA 10:06:51.591-10:06:51.636
Tick 415965(415668), Delay 61 ms, IGT 5:46:19.092, RTA 10:06:53.337-10:06:53.398
Tick 415966(415669), Delay 41 ms, IGT 5:46:19.142, RTA 10:06:53.398-10:06:53.439
Tick 415975(415678), Delay 55 ms, IGT 5:46:19.592, RTA 10:06:53.835-10:06:53.890
Tick 415989(415692), Delay 55 ms, IGT 5:46:20.292, RTA 10:06:54.536-10:06:54.591
Tick 415990(415693), Delay 45 ms, IGT 5:46:20.342, RTA 10:06:54.591-10:06:54.636
Tick 416015(415717), Delay 1847 ms, IGT 5:46:21.542, RTA 10:06:55.836-10:06:57.683
Tick 416016(415717), Delay 160084 ms, IGT 5:46:21.542, RTA 10:06:57.683-10:09:37.767
Tick 416017(415717), Delay 706 ms, IGT 5:46:21.542, RTA 10:09:37.767-10:09:38.473, due world load
Tick 416018(415717), Delay 7 ms, IGT 5:46:21.542, RTA 10:09:38.473-10:09:38.480, due world load
Tick 416019(415717), Delay 4 ms, IGT 5:46:21.542, RTA 10:09:38.480-10:09:38.484, due world load
Tick 416020(415717), Delay 1 ms, IGT 5:46:21.542, RTA 10:09:38.484-10:09:38.485, due world load
Tick 416021(415717), Delay 4 ms, IGT 5:46:21.542, RTA 10:09:38.485-10:09:38.489, due world load
Tick 416022(415717), Delay 2 ms, IGT 5:46:21.542, RTA 10:09:38.489-10:09:38.491, due world load
Tick 416023(415717), Delay 2 ms, IGT 5:46:21.542, RTA 10:09:38.491-10:09:38.493, due world load
Tick 416024(415717), Delay 2 ms, IGT 5:46:21.542, RTA 10:09:38.493-10:09:38.495, due world load
Tick 416025(415717), Delay 1 ms, IGT 5:46:21.542, RTA 10:09:38.495-10:09:38.496, due world load
Tick 416026(415717), Delay 2 ms, IGT 5:46:21.542, RTA 10:09:38.496-10:09:38.498, due world load
Tick 416028(415717), Delay 2 ms, IGT 5:46:21.542, RTA 10:09:38.545-10:09:38.547, due world load
Tick 416029(415717), Delay 35 ms, IGT 5:46:21.542, RTA 10:09:38.547-10:09:38.582, due world load
Tick 416030(415718), Delay 32 ms, IGT 5:46:21.571, RTA 10:09:38.582-10:09:38.614
Tick 416032(415720), Delay 55 ms, IGT 5:46:21.671, RTA 10:09:38.662-10:09:38.717
Tick 416033(415721), Delay 40 ms, IGT 5:46:21.721, RTA 10:09:38.717-10:09:38.757
Tick 416034(415722), Delay 60 ms, IGT 5:46:21.771, RTA 10:09:38.757-10:09:38.817
Tick 416035(415723), Delay 39 ms, IGT 5:46:21.821, RTA 10:09:38.817-10:09:38.856
Tick 416050(415738), Delay 55 ms, IGT 5:46:22.571, RTA 10:09:39.553-10:09:39.608
Tick 416071(415759), Delay 56 ms, IGT 5:46:23.621, RTA 10:09:40.603-10:09:40.659
Tick 416072(415760), Delay 43 ms, IGT 5:46:23.671, RTA 10:09:40.659-10:09:40.702
Tick 416077(415765), Delay 63 ms, IGT 5:46:23.921, RTA 10:09:40.904-10:09:40.967
Tick 416078(415766), Delay 44 ms, IGT 5:46:23.971, RTA 10:09:40.967-10:09:41.011
Tick 416079(415767), Delay 45 ms, IGT 5:46:24.021, RTA 10:09:41.011-10:09:41.056
Tick 416081(415769), Delay 67 ms, IGT 5:46:24.121, RTA 10:09:41.106-10:09:41.173
Tick 416082(415770), Delay 32 ms, IGT 5:46:24.171, RTA 10:09:41.173-10:09:41.205
Tick 416092(415780), Delay 55 ms, IGT 5:46:24.671, RTA 10:09:41.655-10:09:41.710
Tick 416096(415784), Delay 45 ms, IGT 5:46:24.871, RTA 10:09:41.859-10:09:41.904
Tick 416130(415818), Delay 55 ms, IGT 5:46:26.571, RTA 10:09:43.553-10:09:43.608
Tick 416161(415849), Delay 55 ms, IGT 5:46:28.121, RTA 10:09:45.101-10:09:45.156
Tick 416163(415851), Delay 45 ms, IGT 5:46:28.221, RTA 10:09:45.208-10:09:45.253
Tick 416170(415858), Delay 56 ms, IGT 5:46:28.571, RTA 10:09:45.551-10:09:45.607
Tick 416176(415864), Delay 59 ms, IGT 5:46:28.871, RTA 10:09:45.851-10:09:45.910
Tick 416178(415866), Delay 42 ms, IGT 5:46:28.971, RTA 10:09:45.961-10:09:46.003
Tick 416195(415882), Delay 164 ms, IGT 5:46:29.771, RTA 10:09:46.803-10:09:46.967, due world load
Tick 416196(415882), Delay 2 ms, IGT 5:46:29.771, RTA 10:09:46.967-10:09:46.969, due world load
Tick 416197(415882), Delay 2 ms, IGT 5:46:29.771, RTA 10:09:46.969-10:09:46.971, due world load
Tick 416198(415882), Delay 4 ms, IGT 5:46:29.771, RTA 10:09:46.971-10:09:46.975, due world load
Tick 416202(415886), Delay 44 ms, IGT 5:46:29.939, RTA 10:09:47.133-10:09:47.177
Tick 416205(415889), Delay 86 ms, IGT 5:46:30.089, RTA 10:09:47.276-10:09:47.362
Tick 416206(415890), Delay 16 ms, IGT 5:46:30.139, RTA 10:09:47.362-10:09:47.378
Tick 416207(415891), Delay 55 ms, IGT 5:46:30.189, RTA 10:09:47.378-10:09:47.433
Tick 416208(415892), Delay 42 ms, IGT 5:46:30.239, RTA 10:09:47.433-10:09:47.475
Tick 416209(415893), Delay 55 ms, IGT 5:46:30.289, RTA 10:09:47.475-10:09:47.530
Tick 416219(415903), Delay 61 ms, IGT 5:46:30.789, RTA 10:09:47.978-10:09:48.039
Tick 416220(415904), Delay 41 ms, IGT 5:46:30.839, RTA 10:09:48.039-10:09:48.080
Tick 416226(415910), Delay 45 ms, IGT 5:46:31.139, RTA 10:09:48.333-10:09:48.378
Tick 416229(415913), Delay 44 ms, IGT 5:46:31.289, RTA 10:09:48.483-10:09:48.527
Tick 416233(415917), Delay 55 ms, IGT 5:46:31.489, RTA 10:09:48.676-10:09:48.731
Tick 416235(415919), Delay 57 ms, IGT 5:46:31.589, RTA 10:09:48.782-10:09:48.839
Tick 416236(415920), Delay 39 ms, IGT 5:46:31.639, RTA 10:09:48.839-10:09:48.878
Tick 416238(415922), Delay 57 ms, IGT 5:46:31.739, RTA 10:09:48.927-10:09:48.984
Tick 416288(415972), Delay 61 ms, IGT 5:46:34.239, RTA 10:09:51.423-10:09:51.484
Tick 416289(415973), Delay 42 ms, IGT 5:46:34.289, RTA 10:09:51.484-10:09:51.526
Tick 416347(416031), Delay 107 ms, IGT 5:46:37.189, RTA 10:09:54.375-10:09:54.482
Tick 416348(416032), Delay 1 ms, IGT 5:46:37.239, RTA 10:09:54.482-10:09:54.483
Tick 416349(416033), Delay 41 ms, IGT 5:46:37.289, RTA 10:09:54.483-10:09:54.524
Tick 416383(416067), Delay 45 ms, IGT 5:46:38.989, RTA 10:09:56.179-10:09:56.224
Tick 416391(416075), Delay 45 ms, IGT 5:46:39.389, RTA 10:09:56.579-10:09:56.624
Tick 416397(416081), Delay 78 ms, IGT 5:46:39.689, RTA 10:09:56.874-10:09:56.952
Tick 416398(416082), Delay 23 ms, IGT 5:46:39.739, RTA 10:09:56.952-10:09:56.975
Tick 416546(416230), Delay 81 ms, IGT 5:46:47.139, RTA 10:10:04.326-10:10:04.407
Tick 416547(416231), Delay 18 ms, IGT 5:46:47.189, RTA 10:10:04.407-10:10:04.425
Tick 416549(416232), Delay 100 ms, IGT 5:46:47.239, RTA 10:10:04.473-10:10:04.573, due world load
Tick 416550(416232), Delay 9 ms, IGT 5:46:47.239, RTA 10:10:04.573-10:10:04.582, due world load
Tick 416553(416233), Delay 66 ms, IGT 5:46:47.284, RTA 10:10:04.681-10:10:04.747
Tick 416554(416234), Delay 38 ms, IGT 5:46:47.334, RTA 10:10:04.747-10:10:04.785
Tick 416568(416248), Delay 55 ms, IGT 5:46:48.034, RTA 10:10:05.433-10:10:05.488
Tick 416581(416261), Delay 55 ms, IGT 5:46:48.684, RTA 10:10:06.084-10:10:06.139
Tick 416584(416264), Delay 57 ms, IGT 5:46:48.834, RTA 10:10:06.233-10:10:06.290
Tick 416585(416265), Delay 45 ms, IGT 5:46:48.884, RTA 10:10:06.290-10:10:06.335
Tick 416605(416285), Delay 56 ms, IGT 5:46:49.884, RTA 10:10:07.281-10:10:07.337
Tick 416606(416286), Delay 45 ms, IGT 5:46:49.934, RTA 10:10:07.337-10:10:07.382
Tick 416622(416302), Delay 73 ms, IGT 5:46:50.734, RTA 10:10:08.132-10:10:08.205
Tick 416623(416303), Delay 28 ms, IGT 5:46:50.784, RTA 10:10:08.205-10:10:08.233
Tick 416625(416305), Delay 62 ms, IGT 5:46:50.884, RTA 10:10:08.281-10:10:08.343
Tick 416627(416307), Delay 41 ms, IGT 5:46:50.984, RTA 10:10:08.392-10:10:08.433
Tick 416642(416322), Delay 56 ms, IGT 5:46:51.734, RTA 10:10:09.131-10:10:09.187
Tick 416696(416376), Delay 55 ms, IGT 5:46:54.434, RTA 10:10:11.831-10:10:11.886
Tick 416705(416385), Delay 56 ms, IGT 5:46:54.884, RTA 10:10:12.283-10:10:12.339
Tick 416770(416450), Delay 45 ms, IGT 5:46:58.134, RTA 10:10:15.535-10:10:15.580
Tick 416808(416488), Delay 55 ms, IGT 5:47:00.034, RTA 10:10:17.430-10:10:17.485
Tick 416842(416522), Delay 55 ms, IGT 5:47:01.734, RTA 10:10:19.130-10:10:19.185
Tick 416843(416523), Delay 45 ms, IGT 5:47:01.784, RTA 10:10:19.185-10:10:19.230
Tick 416880(416560), Delay 56 ms, IGT 5:47:03.634, RTA 10:10:21.031-10:10:21.087
Tick 416881(416561), Delay 45 ms, IGT 5:47:03.684, RTA 10:10:21.087-10:10:21.132
Tick 416885(416565), Delay 45 ms, IGT 5:47:03.884, RTA 10:10:21.285-10:10:21.330
Tick 416900(416580), Delay 45 ms, IGT 5:47:04.634, RTA 10:10:22.035-10:10:22.080
Tick 416904(416584), Delay 55 ms, IGT 5:47:04.834, RTA 10:10:22.232-10:10:22.287
Tick 416925(416605), Delay 56 ms, IGT 5:47:05.884, RTA 10:10:23.282-10:10:23.338
Tick 416959(416639), Delay 82 ms, IGT 5:47:07.536, RTA 10:10:24.983-10:10:25.065
Tick 416960(416640), Delay 21 ms, IGT 5:47:07.586, RTA 10:10:25.065-10:10:25.086
Tick 416961(416641), Delay 64 ms, IGT 5:47:07.636, RTA 10:10:25.086-10:10:25.150
Tick 416962(416642), Delay 45 ms, IGT 5:47:07.686, RTA 10:10:25.150-10:10:25.195
Tick 416963(416643), Delay 38 ms, IGT 5:47:07.736, RTA 10:10:25.195-10:10:25.233
Tick 416968(416648), Delay 55 ms, IGT 5:47:07.986, RTA 10:10:25.430-10:10:25.485
Tick 416972(416652), Delay 69 ms, IGT 5:47:08.186, RTA 10:10:25.631-10:10:25.700
Tick 416973(416653), Delay 32 ms, IGT 5:47:08.236, RTA 10:10:25.700-10:10:25.732
Tick 416976(416656), Delay 44 ms, IGT 5:47:08.386, RTA 10:10:25.837-10:10:25.881
Tick 416977(416657), Delay 55 ms, IGT 5:47:08.436, RTA 10:10:25.881-10:10:25.936
Tick 416981(416661), Delay 75 ms, IGT 5:47:08.636, RTA 10:10:26.082-10:10:26.157
Tick 416982(416662), Delay 27 ms, IGT 5:47:08.686, RTA 10:10:26.157-10:10:26.184
Tick 416985(416665), Delay 59 ms, IGT 5:47:08.836, RTA 10:10:26.281-10:10:26.340
Tick 416986(416666), Delay 45 ms, IGT 5:47:08.886, RTA 10:10:26.340-10:10:26.385
Tick 416988(416668), Delay 44 ms, IGT 5:47:08.986, RTA 10:10:26.438-10:10:26.482
Tick 416991(416671), Delay 60 ms, IGT 5:47:09.136, RTA 10:10:26.581-10:10:26.641
Tick 416994(416674), Delay 58 ms, IGT 5:47:09.286, RTA 10:10:26.735-10:10:26.793
Tick 416995(416675), Delay 44 ms, IGT 5:47:09.336, RTA 10:10:26.793-10:10:26.837
Tick 416999(416679), Delay 44 ms, IGT 5:47:09.536, RTA 10:10:26.987-10:10:27.031
Tick 417031(416711), Delay 144 ms, IGT 5:47:11.099, RTA 10:10:28.579-10:10:28.723
Tick 417032(416712), Delay 0 ms, IGT 5:47:11.149, RTA 10:10:28.723-10:10:28.723
Tick 417033(416713), Delay 16 ms, IGT 5:47:11.199, RTA 10:10:28.723-10:10:28.739
Tick 417037(416717), Delay 55 ms, IGT 5:47:11.399, RTA 10:10:28.884-10:10:28.939
Tick 417039(416719), Delay 73 ms, IGT 5:47:11.499, RTA 10:10:28.986-10:10:29.059
Tick 417040(416720), Delay 29 ms, IGT 5:47:11.549, RTA 10:10:29.059-10:10:29.088
Tick 417050(416730), Delay 71 ms, IGT 5:47:12.049, RTA 10:10:29.542-10:10:29.613
Tick 417051(416731), Delay 25 ms, IGT 5:47:12.099, RTA 10:10:29.613-10:10:29.638
Tick 417061(416741), Delay 45 ms, IGT 5:47:12.599, RTA 10:10:30.090-10:10:30.135
Tick 417062(416742), Delay 56 ms, IGT 5:47:12.649, RTA 10:10:30.135-10:10:30.191
Tick 417066(416746), Delay 98 ms, IGT 5:47:12.802, RTA 10:10:30.339-10:10:30.437
Tick 417067(416747), Delay 1 ms, IGT 5:47:12.852, RTA 10:10:30.437-10:10:30.438
Tick 417068(416748), Delay 43 ms, IGT 5:47:12.902, RTA 10:10:30.438-10:10:30.481
Tick 417072(416752), Delay 77 ms, IGT 5:47:13.102, RTA 10:10:30.630-10:10:30.707
Tick 417073(416753), Delay 24 ms, IGT 5:47:13.152, RTA 10:10:30.707-10:10:30.731
Tick 417074(416754), Delay 121 ms, IGT 5:47:13.202, RTA 10:10:30.731-10:10:30.852
Tick 417075(416755), Delay 0 ms, IGT 5:47:13.252, RTA 10:10:30.852-10:10:30.852
Tick 417076(416756), Delay 29 ms, IGT 5:47:13.302, RTA 10:10:30.852-10:10:30.881
Tick 417085(416765), Delay 55 ms, IGT 5:47:13.752, RTA 10:10:31.281-10:10:31.336
Tick 417096(416776), Delay 44 ms, IGT 5:47:14.302, RTA 10:10:31.838-10:10:31.882
Tick 417122(416802), Delay 103 ms, IGT 5:47:15.602, RTA 10:10:33.129-10:10:33.232
Tick 417123(416803), Delay 1 ms, IGT 5:47:15.652, RTA 10:10:33.232-10:10:33.233
Tick 417145(416825), Delay 45 ms, IGT 5:47:16.752, RTA 10:10:34.284-10:10:34.329
Tick 417202(416882), Delay 133 ms, IGT 5:47:19.554, RTA 10:10:37.129-10:10:37.262
Tick 417203(416883), Delay 1 ms, IGT 5:47:19.604, RTA 10:10:37.262-10:10:37.263
Tick 417204(416884), Delay 17 ms, IGT 5:47:19.654, RTA 10:10:37.263-10:10:37.280
Tick 417210(416890), Delay 60 ms, IGT 5:47:19.954, RTA 10:10:37.535-10:10:37.595
Tick 417211(416891), Delay 39 ms, IGT 5:47:20.004, RTA 10:10:37.595-10:10:37.634
Tick 417214(416894), Delay 68 ms, IGT 5:47:20.154, RTA 10:10:37.732-10:10:37.800
Tick 417215(416895), Delay 34 ms, IGT 5:47:20.204, RTA 10:10:37.800-10:10:37.834
Tick 417267(416947), Delay 55 ms, IGT 5:47:22.804, RTA 10:10:40.381-10:10:40.436
Tick 417268(416948), Delay 44 ms, IGT 5:47:22.854, RTA 10:10:40.436-10:10:40.480
Tick 417383(417063), Delay 44 ms, IGT 5:47:28.604, RTA 10:10:46.185-10:10:46.229
Tick 417386(417066), Delay 55 ms, IGT 5:47:28.754, RTA 10:10:46.329-10:10:46.384
Tick 417445(417125), Delay 60 ms, IGT 5:47:31.704, RTA 10:10:49.280-10:10:49.340
Tick 417446(417126), Delay 39 ms, IGT 5:47:31.754, RTA 10:10:49.340-10:10:49.379
Tick 417471(417151), Delay 45 ms, IGT 5:47:33.004, RTA 10:10:50.584-10:10:50.629
Tick 417482(417162), Delay 45 ms, IGT 5:47:33.554, RTA 10:10:51.134-10:10:51.179
Tick 417596(417276), Delay 56 ms, IGT 5:47:39.254, RTA 10:10:56.831-10:10:56.887
Tick 417597(417277), Delay 43 ms, IGT 5:47:39.304, RTA 10:10:56.887-10:10:56.930
Tick 417766(417446), Delay 55 ms, IGT 5:47:47.754, RTA 10:11:05.330-10:11:05.385
Tick 417879(417558), Delay 353 ms, IGT 5:47:53.354, RTA 10:11:10.980-10:11:11.333
Tick 417880(417558), Delay 81251 ms, IGT 5:47:53.354, RTA 10:11:11.333-10:12:32.584
Tick 417881(417558), Delay 115 ms, IGT 5:47:53.354, RTA 10:12:32.584-10:12:32.699, due world load
Tick 417882(417558), Delay 1 ms, IGT 5:47:53.354, RTA 10:12:32.699-10:12:32.700, due world load
Tick 417883(417558), Delay 5 ms, IGT 5:47:53.354, RTA 10:12:32.700-10:12:32.705, due world load
Tick 418036(417711), Delay 45 ms, IGT 5:48:01.003, RTA 10:12:40.308-10:12:40.353
Tick 418049(417724), Delay 56 ms, IGT 5:48:01.653, RTA 10:12:40.955-10:12:41.011
Tick 418050(417725), Delay 45 ms, IGT 5:48:01.703, RTA 10:12:41.011-10:12:41.056
Tick 418058(417733), Delay 55 ms, IGT 5:48:02.103, RTA 10:12:41.401-10:12:41.456
Tick 418085(417760), Delay 89 ms, IGT 5:48:03.453, RTA 10:12:42.757-10:12:42.846
Tick 418086(417761), Delay 16 ms, IGT 5:48:03.503, RTA 10:12:42.846-10:12:42.862
Tick 418092(417767), Delay 55 ms, IGT 5:48:03.803, RTA 10:12:43.103-10:12:43.158
Tick 418153(417828), Delay 56 ms, IGT 5:48:06.853, RTA 10:12:46.153-10:12:46.209
Tick 418179(417854), Delay 69 ms, IGT 5:48:08.153, RTA 10:12:47.453-10:12:47.522
Tick 418180(417855), Delay 30 ms, IGT 5:48:08.203, RTA 10:12:47.522-10:12:47.552
Tick 418181(417856), Delay 55 ms, IGT 5:48:08.253, RTA 10:12:47.552-10:12:47.607
Tick 418350(418025), Delay 66 ms, IGT 5:48:16.703, RTA 10:12:56.005-10:12:56.071
Tick 418351(418026), Delay 33 ms, IGT 5:48:16.753, RTA 10:12:56.071-10:12:56.104
Tick 418561(418236), Delay 56 ms, IGT 5:48:27.253, RTA 10:13:06.553-10:13:06.609
Tick 418562(418237), Delay 44 ms, IGT 5:48:27.303, RTA 10:13:06.609-10:13:06.653
Tick 418802(418477), Delay 45 ms, IGT 5:48:39.303, RTA 10:13:18.608-10:13:18.653
Tick 419040(418715), Delay 55 ms, IGT 5:48:51.203, RTA 10:13:30.505-10:13:30.560
Tick 419041(418716), Delay 45 ms, IGT 5:48:51.253, RTA 10:13:30.560-10:13:30.605
Tick 419080(418755), Delay 55 ms, IGT 5:48:53.203, RTA 10:13:32.503-10:13:32.558
Tick 419145(418820), Delay 58 ms, IGT 5:48:56.453, RTA 10:13:35.757-10:13:35.815
Tick 419146(418821), Delay 39 ms, IGT 5:48:56.503, RTA 10:13:35.815-10:13:35.854
Tick 419333(419008), Delay 55 ms, IGT 5:49:05.853, RTA 10:13:45.153-10:13:45.208
Tick 419385(419060), Delay 55 ms, IGT 5:49:08.453, RTA 10:13:47.753-10:13:47.808
Tick 419447(419122), Delay 56 ms, IGT 5:49:11.553, RTA 10:13:50.853-10:13:50.909
Tick 419448(419123), Delay 44 ms, IGT 5:49:11.603, RTA 10:13:50.909-10:13:50.953
Tick 419626(419301), Delay 61 ms, IGT 5:49:20.503, RTA 10:13:59.804-10:13:59.865
Tick 419627(419302), Delay 39 ms, IGT 5:49:20.553, RTA 10:13:59.865-10:13:59.904
Tick 419696(419371), Delay 55 ms, IGT 5:49:24.003, RTA 10:14:03.302-10:14:03.357
Tick 419721(419396), Delay 43 ms, IGT 5:49:25.253, RTA 10:14:04.559-10:14:04.602
Tick 419756(419431), Delay 45 ms, IGT 5:49:27.003, RTA 10:14:06.308-10:14:06.353
Tick 419804(419479), Delay 55 ms, IGT 5:49:29.403, RTA 10:14:08.703-10:14:08.758
Tick 419805(419480), Delay 45 ms, IGT 5:49:29.453, RTA 10:14:08.758-10:14:08.803
Tick 419837(419512), Delay 56 ms, IGT 5:49:31.053, RTA 10:14:10.353-10:14:10.409
Tick 419873(419548), Delay 55 ms, IGT 5:49:32.853, RTA 10:14:12.154-10:14:12.209
Tick 419874(419549), Delay 45 ms, IGT 5:49:32.903, RTA 10:14:12.209-10:14:12.254
Tick 420060(419735), Delay 55 ms, IGT 5:49:42.203, RTA 10:14:21.503-10:14:21.558
Tick 420113(419788), Delay 55 ms, IGT 5:49:44.853, RTA 10:14:24.153-10:14:24.208
Tick 420114(419789), Delay 45 ms, IGT 5:49:44.903, RTA 10:14:24.208-10:14:24.253
Tick 420115(419790), Delay 55 ms, IGT 5:49:44.953, RTA 10:14:24.253-10:14:24.308
Tick 420306(419981), Delay 1186 ms, IGT 5:49:54.503, RTA 10:14:33.805-10:14:34.991
Tick 420574(420249), Delay 2182 ms, IGT 5:50:07.903, RTA 10:14:48.339-10:14:50.521
Tick 420758(420433), Delay 954 ms, IGT 5:50:17.103, RTA 10:14:59.672-10:15:00.626
Tick 421269(420944), Delay 1822 ms, IGT 5:50:42.653, RTA 10:15:26.125-10:15:27.947
Tick 421898(421573), Delay 1176 ms, IGT 5:51:14.103, RTA 10:15:59.347-10:16:00.523
Tick 422082(421757), Delay 45 ms, IGT 5:51:23.303, RTA 10:16:09.677-10:16:09.722
Tick 422573(422248), Delay 1436 ms, IGT 5:51:47.853, RTA 10:16:34.224-10:16:35.660
Tick 422589(422264), Delay 860 ms, IGT 5:51:48.653, RTA 10:16:36.410-10:16:37.270
Tick 423458(423133), Delay 62 ms, IGT 5:52:32.103, RTA 10:17:20.671-10:17:20.733
Tick 423460(423135), Delay 65 ms, IGT 5:52:32.203, RTA 10:17:20.779-10:17:20.844
Tick 423461(423136), Delay 33 ms, IGT 5:52:32.253, RTA 10:17:20.844-10:17:20.877
Tick 423462(423137), Delay 64 ms, IGT 5:52:32.303, RTA 10:17:20.877-10:17:20.941
Tick 423463(423138), Delay 31 ms, IGT 5:52:32.353, RTA 10:17:20.941-10:17:20.972
Tick 423464(423139), Delay 64 ms, IGT 5:52:32.403, RTA 10:17:20.972-10:17:21.036
Tick 423465(423140), Delay 63 ms, IGT 5:52:32.453, RTA 10:17:21.036-10:17:21.099
Tick 423466(423141), Delay 32 ms, IGT 5:52:32.503, RTA 10:17:21.099-10:17:21.131
Tick 423467(423142), Delay 62 ms, IGT 5:52:32.553, RTA 10:17:21.131-10:17:21.193
Tick 423468(423143), Delay 32 ms, IGT 5:52:32.603, RTA 10:17:21.193-10:17:21.225
Tick 423469(423144), Delay 64 ms, IGT 5:52:32.653, RTA 10:17:21.225-10:17:21.289
Tick 423470(423145), Delay 61 ms, IGT 5:52:32.703, RTA 10:17:21.289-10:17:21.350
Tick 423471(423146), Delay 30 ms, IGT 5:52:32.753, RTA 10:17:21.350-10:17:21.380
Tick 423472(423147), Delay 63 ms, IGT 5:52:32.803, RTA 10:17:21.380-10:17:21.443
Tick 423473(423148), Delay 30 ms, IGT 5:52:32.853, RTA 10:17:21.443-10:17:21.473
Tick 423474(423149), Delay 65 ms, IGT 5:52:32.903, RTA 10:17:21.473-10:17:21.538
Tick 423475(423150), Delay 62 ms, IGT 5:52:32.953, RTA 10:17:21.538-10:17:21.600
Tick 423476(423151), Delay 31 ms, IGT 5:52:33.003, RTA 10:17:21.600-10:17:21.631
Tick 423477(423152), Delay 70 ms, IGT 5:52:33.053, RTA 10:17:21.631-10:17:21.701
Tick 423478(423153), Delay 31 ms, IGT 5:52:33.103, RTA 10:17:21.701-10:17:21.732
Tick 423480(423155), Delay 61 ms, IGT 5:52:33.203, RTA 10:17:21.778-10:17:21.839
Tick 423481(423156), Delay 32 ms, IGT 5:52:33.253, RTA 10:17:21.839-10:17:21.871
Tick 423482(423157), Delay 69 ms, IGT 5:52:33.303, RTA 10:17:21.871-10:17:21.940
Tick 423483(423158), Delay 33 ms, IGT 5:52:33.353, RTA 10:17:21.940-10:17:21.973
Tick 423484(423159), Delay 62 ms, IGT 5:52:33.403, RTA 10:17:21.973-10:17:22.035
Tick 423485(423160), Delay 62 ms, IGT 5:52:33.453, RTA 10:17:22.035-10:17:22.097
Tick 423486(423161), Delay 32 ms, IGT 5:52:33.503, RTA 10:17:22.097-10:17:22.129
Tick 423487(423162), Delay 62 ms, IGT 5:52:33.553, RTA 10:17:22.129-10:17:22.191
Tick 423488(423163), Delay 31 ms, IGT 5:52:33.603, RTA 10:17:22.191-10:17:22.222
Tick 423489(423164), Delay 62 ms, IGT 5:52:33.653, RTA 10:17:22.222-10:17:22.284
Tick 423490(423165), Delay 63 ms, IGT 5:52:33.703, RTA 10:17:22.284-10:17:22.347
Tick 423491(423166), Delay 32 ms, IGT 5:52:33.753, RTA 10:17:22.347-10:17:22.379
Tick 423492(423167), Delay 61 ms, IGT 5:52:33.803, RTA 10:17:22.379-10:17:22.440
Tick 423493(423168), Delay 30 ms, IGT 5:52:33.853, RTA 10:17:22.440-10:17:22.470
Tick 423494(423169), Delay 62 ms, IGT 5:52:33.903, RTA 10:17:22.470-10:17:22.532
Tick 423495(423170), Delay 60 ms, IGT 5:52:33.953, RTA 10:17:22.532-10:17:22.592
Tick 423496(423171), Delay 31 ms, IGT 5:52:34.003, RTA 10:17:22.592-10:17:22.623
Tick 423497(423172), Delay 64 ms, IGT 5:52:34.053, RTA 10:17:22.623-10:17:22.687
Tick 423498(423173), Delay 60 ms, IGT 5:52:34.103, RTA 10:17:22.687-10:17:22.747
Tick 423499(423174), Delay 30 ms, IGT 5:52:34.153, RTA 10:17:22.747-10:17:22.777
Tick 423500(423175), Delay 61 ms, IGT 5:52:34.203, RTA 10:17:22.777-10:17:22.838
Tick 423501(423176), Delay 62 ms, IGT 5:52:34.253, RTA 10:17:22.838-10:17:22.900
Tick 423502(423177), Delay 30 ms, IGT 5:52:34.303, RTA 10:17:22.900-10:17:22.930
Tick 423503(423178), Delay 61 ms, IGT 5:52:34.353, RTA 10:17:22.930-10:17:22.991
Tick 423504(423179), Delay 31 ms, IGT 5:52:34.403, RTA 10:17:22.991-10:17:23.022
Tick 423505(423180), Delay 60 ms, IGT 5:52:34.453, RTA 10:17:23.022-10:17:23.082
Tick 423506(423181), Delay 62 ms, IGT 5:52:34.503, RTA 10:17:23.082-10:17:23.144
Tick 423507(423182), Delay 30 ms, IGT 5:52:34.553, RTA 10:17:23.144-10:17:23.174
Tick 423508(423183), Delay 62 ms, IGT 5:52:34.603, RTA 10:17:23.174-10:17:23.236
Tick 423509(423184), Delay 62 ms, IGT 5:52:34.653, RTA 10:17:23.236-10:17:23.298
Tick 423510(423185), Delay 30 ms, IGT 5:52:34.703, RTA 10:17:23.298-10:17:23.328
Tick 423511(423186), Delay 61 ms, IGT 5:52:34.753, RTA 10:17:23.328-10:17:23.389
Tick 423512(423187), Delay 62 ms, IGT 5:52:34.803, RTA 10:17:23.389-10:17:23.451
Tick 423513(423188), Delay 31 ms, IGT 5:52:34.853, RTA 10:17:23.451-10:17:23.482
Tick 423514(423189), Delay 61 ms, IGT 5:52:34.903, RTA 10:17:23.482-10:17:23.543
Tick 423515(423190), Delay 31 ms, IGT 5:52:34.953, RTA 10:17:23.543-10:17:23.574
Tick 423516(423191), Delay 61 ms, IGT 5:52:35.003, RTA 10:17:23.574-10:17:23.635
Tick 423517(423192), Delay 63 ms, IGT 5:52:35.053, RTA 10:17:23.635-10:17:23.698
Tick 423518(423193), Delay 31 ms, IGT 5:52:35.103, RTA 10:17:23.698-10:17:23.729
Tick 423520(423195), Delay 60 ms, IGT 5:52:35.203, RTA 10:17:23.778-10:17:23.838
Tick 423521(423196), Delay 61 ms, IGT 5:52:35.253, RTA 10:17:23.838-10:17:23.899
Tick 423522(423197), Delay 31 ms, IGT 5:52:35.303, RTA 10:17:23.899-10:17:23.930
Tick 423523(423198), Delay 61 ms, IGT 5:52:35.353, RTA 10:17:23.930-10:17:23.991
Tick 423524(423199), Delay 31 ms, IGT 5:52:35.403, RTA 10:17:23.991-10:17:24.022
Tick 423525(423200), Delay 62 ms, IGT 5:52:35.453, RTA 10:17:24.022-10:17:24.084
Tick 423526(423201), Delay 61 ms, IGT 5:52:35.503, RTA 10:17:24.084-10:17:24.145
Tick 423527(423202), Delay 30 ms, IGT 5:52:35.553, RTA 10:17:24.145-10:17:24.175
Tick 423528(423203), Delay 61 ms, IGT 5:52:35.603, RTA 10:17:24.175-10:17:24.236
Tick 423529(423204), Delay 61 ms, IGT 5:52:35.653, RTA 10:17:24.236-10:17:24.297
Tick 423530(423205), Delay 30 ms, IGT 5:52:35.703, RTA 10:17:24.297-10:17:24.327
Tick 423531(423206), Delay 61 ms, IGT 5:52:35.753, RTA 10:17:24.327-10:17:24.388
Tick 423532(423207), Delay 61 ms, IGT 5:52:35.803, RTA 10:17:24.388-10:17:24.449
Tick 423533(423208), Delay 31 ms, IGT 5:52:35.853, RTA 10:17:24.449-10:17:24.480
Tick 423534(423209), Delay 60 ms, IGT 5:52:35.903, RTA 10:17:24.480-10:17:24.540
Tick 423535(423210), Delay 30 ms, IGT 5:52:35.953, RTA 10:17:24.540-10:17:24.570
Tick 423536(423211), Delay 61 ms, IGT 5:52:36.003, RTA 10:17:24.570-10:17:24.631
Tick 423537(423212), Delay 61 ms, IGT 5:52:36.053, RTA 10:17:24.631-10:17:24.692
Tick 423538(423213), Delay 33 ms, IGT 5:52:36.103, RTA 10:17:24.692-10:17:24.725
Tick 423540(423215), Delay 62 ms, IGT 5:52:36.203, RTA 10:17:24.777-10:17:24.839
Tick 423541(423216), Delay 62 ms, IGT 5:52:36.253, RTA 10:17:24.839-10:17:24.901
Tick 423542(423217), Delay 30 ms, IGT 5:52:36.303, RTA 10:17:24.901-10:17:24.931
Tick 423543(423218), Delay 61 ms, IGT 5:52:36.353, RTA 10:17:24.931-10:17:24.992
Tick 423544(423219), Delay 31 ms, IGT 5:52:36.403, RTA 10:17:24.992-10:17:25.023
Tick 423545(423220), Delay 62 ms, IGT 5:52:36.453, RTA 10:17:25.023-10:17:25.085
Tick 423546(423221), Delay 61 ms, IGT 5:52:36.503, RTA 10:17:25.085-10:17:25.146
Tick 423547(423222), Delay 31 ms, IGT 5:52:36.553, RTA 10:17:25.146-10:17:25.177
Tick 423548(423223), Delay 60 ms, IGT 5:52:36.603, RTA 10:17:25.177-10:17:25.237
Tick 423549(423224), Delay 62 ms, IGT 5:52:36.653, RTA 10:17:25.237-10:17:25.299
Tick 423550(423225), Delay 31 ms, IGT 5:52:36.703, RTA 10:17:25.299-10:17:25.330
Tick 423551(423226), Delay 61 ms, IGT 5:52:36.753, RTA 10:17:25.330-10:17:25.391
Tick 423552(423227), Delay 31 ms, IGT 5:52:36.803, RTA 10:17:25.391-10:17:25.422
Tick 423553(423228), Delay 63 ms, IGT 5:52:36.853, RTA 10:17:25.422-10:17:25.485
Tick 423554(423229), Delay 61 ms, IGT 5:52:36.903, RTA 10:17:25.485-10:17:25.546
Tick 423555(423230), Delay 31 ms, IGT 5:52:36.953, RTA 10:17:25.546-10:17:25.577
Tick 423556(423231), Delay 62 ms, IGT 5:52:37.003, RTA 10:17:25.577-10:17:25.639
Tick 423557(423232), Delay 61 ms, IGT 5:52:37.053, RTA 10:17:25.639-10:17:25.700
Tick 423558(423233), Delay 33 ms, IGT 5:52:37.103, RTA 10:17:25.700-10:17:25.733
Tick 423559(423234), Delay 45 ms, IGT 5:52:37.153, RTA 10:17:25.733-10:17:25.778
Tick 423560(423235), Delay 61 ms, IGT 5:52:37.203, RTA 10:17:25.778-10:17:25.839
Tick 423561(423236), Delay 62 ms, IGT 5:52:37.253, RTA 10:17:25.839-10:17:25.901
Tick 423562(423237), Delay 30 ms, IGT 5:52:37.303, RTA 10:17:25.901-10:17:25.931
Tick 423563(423238), Delay 62 ms, IGT 5:52:37.353, RTA 10:17:25.931-10:17:25.993
Tick 423564(423239), Delay 31 ms, IGT 5:52:37.403, RTA 10:17:25.993-10:17:26.024
Tick 423565(423240), Delay 61 ms, IGT 5:52:37.453, RTA 10:17:26.024-10:17:26.085
Tick 423566(423241), Delay 61 ms, IGT 5:52:37.503, RTA 10:17:26.085-10:17:26.146
Tick 423567(423242), Delay 30 ms, IGT 5:52:37.553, RTA 10:17:26.146-10:17:26.176
Tick 423568(423243), Delay 61 ms, IGT 5:52:37.603, RTA 10:17:26.176-10:17:26.237
Tick 423569(423244), Delay 60 ms, IGT 5:52:37.653, RTA 10:17:26.237-10:17:26.297
Tick 423570(423245), Delay 32 ms, IGT 5:52:37.703, RTA 10:17:26.297-10:17:26.329
Tick 423571(423246), Delay 62 ms, IGT 5:52:37.753, RTA 10:17:26.329-10:17:26.391
Tick 423572(423247), Delay 30 ms, IGT 5:52:37.803, RTA 10:17:26.391-10:17:26.421
Tick 423573(423248), Delay 62 ms, IGT 5:52:37.853, RTA 10:17:26.421-10:17:26.483
Tick 423574(423249), Delay 60 ms, IGT 5:52:37.903, RTA 10:17:26.483-10:17:26.543
Tick 423575(423250), Delay 31 ms, IGT 5:52:37.953, RTA 10:17:26.543-10:17:26.574
Tick 423576(423251), Delay 61 ms, IGT 5:52:38.003, RTA 10:17:26.574-10:17:26.635
Tick 423577(423252), Delay 60 ms, IGT 5:52:38.053, RTA 10:17:26.635-10:17:26.695
Tick 423578(423253), Delay 31 ms, IGT 5:52:38.103, RTA 10:17:26.695-10:17:26.726
Tick 423580(423255), Delay 61 ms, IGT 5:52:38.203, RTA 10:17:26.778-10:17:26.839
Tick 423581(423256), Delay 62 ms, IGT 5:52:38.253, RTA 10:17:26.839-10:17:26.901
Tick 423582(423257), Delay 30 ms, IGT 5:52:38.303, RTA 10:17:26.901-10:17:26.931
Tick 423583(423258), Delay 61 ms, IGT 5:52:38.353, RTA 10:17:26.931-10:17:26.992
Tick 423584(423259), Delay 31 ms, IGT 5:52:38.403, RTA 10:17:26.992-10:17:27.023
Tick 423585(423260), Delay 60 ms, IGT 5:52:38.453, RTA 10:17:27.023-10:17:27.083
Tick 423586(423261), Delay 63 ms, IGT 5:52:38.503, RTA 10:17:27.083-10:17:27.146
Tick 423587(423262), Delay 31 ms, IGT 5:52:38.553, RTA 10:17:27.146-10:17:27.177
Tick 423588(423263), Delay 61 ms, IGT 5:52:38.603, RTA 10:17:27.177-10:17:27.238
Tick 423589(423264), Delay 62 ms, IGT 5:52:38.653, RTA 10:17:27.238-10:17:27.300
Tick 423590(423265), Delay 31 ms, IGT 5:52:38.703, RTA 10:17:27.300-10:17:27.331
Tick 423591(423266), Delay 60 ms, IGT 5:52:38.753, RTA 10:17:27.331-10:17:27.391
Tick 423592(423267), Delay 31 ms, IGT 5:52:38.803, RTA 10:17:27.391-10:17:27.422
Tick 423593(423268), Delay 61 ms, IGT 5:52:38.853, RTA 10:17:27.422-10:17:27.483
Tick 423594(423269), Delay 62 ms, IGT 5:52:38.903, RTA 10:17:27.483-10:17:27.545
Tick 423595(423270), Delay 31 ms, IGT 5:52:38.953, RTA 10:17:27.545-10:17:27.576
Tick 423596(423271), Delay 62 ms, IGT 5:52:39.003, RTA 10:17:27.576-10:17:27.638
Tick 423597(423272), Delay 61 ms, IGT 5:52:39.053, RTA 10:17:27.638-10:17:27.699
Tick 423598(423273), Delay 31 ms, IGT 5:52:39.103, RTA 10:17:27.699-10:17:27.730
Tick 423600(423275), Delay 61 ms, IGT 5:52:39.203, RTA 10:17:27.777-10:17:27.838
Tick 423601(423276), Delay 62 ms, IGT 5:52:39.253, RTA 10:17:27.838-10:17:27.900
Tick 423602(423277), Delay 30 ms, IGT 5:52:39.303, RTA 10:17:27.900-10:17:27.930
Tick 423603(423278), Delay 61 ms, IGT 5:52:39.353, RTA 10:17:27.930-10:17:27.991
Tick 423604(423279), Delay 30 ms, IGT 5:52:39.403, RTA 10:17:27.991-10:17:28.021
Tick 423605(423280), Delay 61 ms, IGT 5:52:39.453, RTA 10:17:28.021-10:17:28.082
Tick 423606(423281), Delay 61 ms, IGT 5:52:39.503, RTA 10:17:28.082-10:17:28.143
Tick 423607(423282), Delay 30 ms, IGT 5:52:39.553, RTA 10:17:28.143-10:17:28.173
Tick 423608(423283), Delay 62 ms, IGT 5:52:39.603, RTA 10:17:28.173-10:17:28.235
Tick 423609(423284), Delay 62 ms, IGT 5:52:39.653, RTA 10:17:28.235-10:17:28.297
Tick 423610(423285), Delay 31 ms, IGT 5:52:39.703, RTA 10:17:28.297-10:17:28.328
Tick 423611(423286), Delay 62 ms, IGT 5:52:39.753, RTA 10:17:28.328-10:17:28.390
Tick 423612(423287), Delay 31 ms, IGT 5:52:39.803, RTA 10:17:28.390-10:17:28.421
Tick 423613(423288), Delay 61 ms, IGT 5:52:39.853, RTA 10:17:28.421-10:17:28.482
Tick 423614(423289), Delay 60 ms, IGT 5:52:39.903, RTA 10:17:28.482-10:17:28.542
Tick 423615(423290), Delay 30 ms, IGT 5:52:39.953, RTA 10:17:28.542-10:17:28.572
Tick 423616(423291), Delay 62 ms, IGT 5:52:40.003, RTA 10:17:28.572-10:17:28.634
Tick 423617(423292), Delay 61 ms, IGT 5:52:40.053, RTA 10:17:28.634-10:17:28.695
Tick 423618(423293), Delay 31 ms, IGT 5:52:40.103, RTA 10:17:28.695-10:17:28.726
Tick 423619(423294), Delay 55 ms, IGT 5:52:40.153, RTA 10:17:28.726-10:17:28.781
Tick 423620(423295), Delay 60 ms, IGT 5:52:40.203, RTA 10:17:28.781-10:17:28.841
Tick 423621(423296), Delay 30 ms, IGT 5:52:40.253, RTA 10:17:28.841-10:17:28.871
Tick 423622(423297), Delay 61 ms, IGT 5:52:40.303, RTA 10:17:28.871-10:17:28.932
Tick 423623(423298), Delay 61 ms, IGT 5:52:40.353, RTA 10:17:28.932-10:17:28.993
Tick 423624(423299), Delay 31 ms, IGT 5:52:40.403, RTA 10:17:28.993-10:17:29.024
Tick 423625(423300), Delay 61 ms, IGT 5:52:40.453, RTA 10:17:29.024-10:17:29.085
Tick 423626(423301), Delay 61 ms, IGT 5:52:40.503, RTA 10:17:29.085-10:17:29.146
Tick 423627(423302), Delay 31 ms, IGT 5:52:40.553, RTA 10:17:29.146-10:17:29.177
Tick 423628(423303), Delay 61 ms, IGT 5:52:40.603, RTA 10:17:29.177-10:17:29.238
Tick 423629(423304), Delay 61 ms, IGT 5:52:40.653, RTA 10:17:29.238-10:17:29.299
Tick 423630(423305), Delay 31 ms, IGT 5:52:40.703, RTA 10:17:29.299-10:17:29.330
Tick 423631(423306), Delay 61 ms, IGT 5:52:40.753, RTA 10:17:29.330-10:17:29.391
Tick 423632(423307), Delay 31 ms, IGT 5:52:40.803, RTA 10:17:29.391-10:17:29.422
Tick 423633(423308), Delay 61 ms, IGT 5:52:40.853, RTA 10:17:29.422-10:17:29.483
Tick 423634(423309), Delay 62 ms, IGT 5:52:40.903, RTA 10:17:29.483-10:17:29.545
Tick 423635(423310), Delay 31 ms, IGT 5:52:40.953, RTA 10:17:29.545-10:17:29.576
Tick 423636(423311), Delay 61 ms, IGT 5:52:41.003, RTA 10:17:29.576-10:17:29.637
Tick 423637(423312), Delay 62 ms, IGT 5:52:41.053, RTA 10:17:29.637-10:17:29.699
Tick 423638(423313), Delay 31 ms, IGT 5:52:41.103, RTA 10:17:29.699-10:17:29.730
Tick 423640(423315), Delay 61 ms, IGT 5:52:41.203, RTA 10:17:29.779-10:17:29.840
Tick 423641(423316), Delay 30 ms, IGT 5:52:41.253, RTA 10:17:29.840-10:17:29.870
Tick 423642(423317), Delay 61 ms, IGT 5:52:41.303, RTA 10:17:29.870-10:17:29.931
Tick 423643(423318), Delay 62 ms, IGT 5:52:41.353, RTA 10:17:29.931-10:17:29.993
Tick 423644(423319), Delay 31 ms, IGT 5:52:41.403, RTA 10:17:29.993-10:17:30.024
Tick 423645(423320), Delay 61 ms, IGT 5:52:41.453, RTA 10:17:30.024-10:17:30.085
Tick 423646(423321), Delay 62 ms, IGT 5:52:41.503, RTA 10:17:30.085-10:17:30.147
Tick 423647(423322), Delay 30 ms, IGT 5:52:41.553, RTA 10:17:30.147-10:17:30.177
Tick 423648(423323), Delay 61 ms, IGT 5:52:41.603, RTA 10:17:30.177-10:17:30.238
Tick 423649(423324), Delay 63 ms, IGT 5:52:41.653, RTA 10:17:30.238-10:17:30.301
Tick 423650(423325), Delay 31 ms, IGT 5:52:41.703, RTA 10:17:30.301-10:17:30.332
Tick 423651(423326), Delay 60 ms, IGT 5:52:41.753, RTA 10:17:30.332-10:17:30.392
Tick 423652(423327), Delay 31 ms, IGT 5:52:41.803, RTA 10:17:30.392-10:17:30.423
Tick 423653(423328), Delay 61 ms, IGT 5:52:41.853, RTA 10:17:30.423-10:17:30.484
Tick 423654(423329), Delay 61 ms, IGT 5:52:41.903, RTA 10:17:30.484-10:17:30.545
Tick 423655(423330), Delay 30 ms, IGT 5:52:41.953, RTA 10:17:30.545-10:17:30.575
Tick 423656(423331), Delay 62 ms, IGT 5:52:42.003, RTA 10:17:30.575-10:17:30.637
Tick 423657(423332), Delay 61 ms, IGT 5:52:42.053, RTA 10:17:30.637-10:17:30.698
Tick 423658(423333), Delay 32 ms, IGT 5:52:42.103, RTA 10:17:30.698-10:17:30.730
Tick 423660(423335), Delay 63 ms, IGT 5:52:42.203, RTA 10:17:30.777-10:17:30.840
Tick 423661(423336), Delay 30 ms, IGT 5:52:42.253, RTA 10:17:30.840-10:17:30.870
Tick 423662(423337), Delay 62 ms, IGT 5:52:42.303, RTA 10:17:30.870-10:17:30.932
Tick 423663(423338), Delay 61 ms, IGT 5:52:42.353, RTA 10:17:30.932-10:17:30.993
Tick 423664(423339), Delay 31 ms, IGT 5:52:42.403, RTA 10:17:30.993-10:17:31.024
Tick 423665(423340), Delay 61 ms, IGT 5:52:42.453, RTA 10:17:31.024-10:17:31.085
Tick 423666(423341), Delay 61 ms, IGT 5:52:42.503, RTA 10:17:31.085-10:17:31.146
Tick 423667(423342), Delay 30 ms, IGT 5:52:42.553, RTA 10:17:31.146-10:17:31.176
Tick 423668(423343), Delay 62 ms, IGT 5:52:42.603, RTA 10:17:31.176-10:17:31.238
Tick 423669(423344), Delay 63 ms, IGT 5:52:42.653, RTA 10:17:31.238-10:17:31.301
Tick 423670(423345), Delay 30 ms, IGT 5:52:42.703, RTA 10:17:31.301-10:17:31.331
Tick 423671(423346), Delay 62 ms, IGT 5:52:42.753, RTA 10:17:31.331-10:17:31.393
Tick 423672(423347), Delay 30 ms, IGT 5:52:42.803, RTA 10:17:31.393-10:17:31.423
Tick 423673(423348), Delay 62 ms, IGT 5:52:42.853, RTA 10:17:31.423-10:17:31.485
Tick 423674(423349), Delay 61 ms, IGT 5:52:42.903, RTA 10:17:31.485-10:17:31.546
Tick 423675(423350), Delay 32 ms, IGT 5:52:42.953, RTA 10:17:31.546-10:17:31.578
Tick 423676(423351), Delay 61 ms, IGT 5:52:43.003, RTA 10:17:31.578-10:17:31.639
Tick 423677(423352), Delay 61 ms, IGT 5:52:43.053, RTA 10:17:31.639-10:17:31.700
Tick 423678(423353), Delay 30 ms, IGT 5:52:43.103, RTA 10:17:31.700-10:17:31.730
Tick 423680(423355), Delay 63 ms, IGT 5:52:43.203, RTA 10:17:31.777-10:17:31.840
Tick 423681(423356), Delay 31 ms, IGT 5:52:43.253, RTA 10:17:31.840-10:17:31.871
Tick 423682(423357), Delay 61 ms, IGT 5:52:43.303, RTA 10:17:31.871-10:17:31.932
Tick 423683(423358), Delay 61 ms, IGT 5:52:43.353, RTA 10:17:31.932-10:17:31.993
Tick 423684(423359), Delay 32 ms, IGT 5:52:43.403, RTA 10:17:31.993-10:17:32.025
Tick 423685(423360), Delay 62 ms, IGT 5:52:43.453, RTA 10:17:32.025-10:17:32.087
Tick 423686(423361), Delay 61 ms, IGT 5:52:43.503, RTA 10:17:32.087-10:17:32.148
Tick 423687(423362), Delay 31 ms, IGT 5:52:43.553, RTA 10:17:32.148-10:17:32.179
Tick 423688(423363), Delay 61 ms, IGT 5:52:43.603, RTA 10:17:32.179-10:17:32.240
Tick 423689(423364), Delay 31 ms, IGT 5:52:43.653, RTA 10:17:32.240-10:17:32.271
Tick 423690(423365), Delay 61 ms, IGT 5:52:43.703, RTA 10:17:32.271-10:17:32.332
Tick 423691(423366), Delay 60 ms, IGT 5:52:43.753, RTA 10:17:32.332-10:17:32.392
Tick 423692(423367), Delay 32 ms, IGT 5:52:43.803, RTA 10:17:32.392-10:17:32.424
Tick 423693(423368), Delay 61 ms, IGT 5:52:43.853, RTA 10:17:32.424-10:17:32.485
Tick 423694(423369), Delay 61 ms, IGT 5:52:43.903, RTA 10:17:32.485-10:17:32.546
Tick 423695(423370), Delay 31 ms, IGT 5:52:43.953, RTA 10:17:32.546-10:17:32.577
Tick 423696(423371), Delay 61 ms, IGT 5:52:44.003, RTA 10:17:32.577-10:17:32.638
Tick 423697(423372), Delay 63 ms, IGT 5:52:44.053, RTA 10:17:32.638-10:17:32.701
Tick 423698(423373), Delay 30 ms, IGT 5:52:44.103, RTA 10:17:32.701-10:17:32.731
Tick 423700(423375), Delay 64 ms, IGT 5:52:44.203, RTA 10:17:32.777-10:17:32.841
Tick 423701(423376), Delay 30 ms, IGT 5:52:44.253, RTA 10:17:32.841-10:17:32.871
Tick 423702(423377), Delay 61 ms, IGT 5:52:44.303, RTA 10:17:32.871-10:17:32.932
Tick 423703(423378), Delay 62 ms, IGT 5:52:44.353, RTA 10:17:32.932-10:17:32.994
Tick 423704(423379), Delay 30 ms, IGT 5:52:44.403, RTA 10:17:32.994-10:17:33.024
Tick 423705(423380), Delay 62 ms, IGT 5:52:44.453, RTA 10:17:33.024-10:17:33.086
Tick 423706(423381), Delay 61 ms, IGT 5:52:44.503, RTA 10:17:33.086-10:17:33.147
Tick 423707(423382), Delay 31 ms, IGT 5:52:44.553, RTA 10:17:33.147-10:17:33.178
Tick 423708(423383), Delay 61 ms, IGT 5:52:44.603, RTA 10:17:33.178-10:17:33.239
Tick 423709(423384), Delay 61 ms, IGT 5:52:44.653, RTA 10:17:33.239-10:17:33.300
Tick 423710(423385), Delay 30 ms, IGT 5:52:44.703, RTA 10:17:33.300-10:17:33.330
Tick 423711(423386), Delay 62 ms, IGT 5:52:44.753, RTA 10:17:33.330-10:17:33.392
Tick 423712(423387), Delay 30 ms, IGT 5:52:44.803, RTA 10:17:33.392-10:17:33.422
Tick 423713(423388), Delay 61 ms, IGT 5:52:44.853, RTA 10:17:33.422-10:17:33.483
Tick 423714(423389), Delay 62 ms, IGT 5:52:44.903, RTA 10:17:33.483-10:17:33.545
Tick 423715(423390), Delay 31 ms, IGT 5:52:44.953, RTA 10:17:33.545-10:17:33.576
Tick 423716(423391), Delay 61 ms, IGT 5:52:45.003, RTA 10:17:33.576-10:17:33.637
Tick 423717(423392), Delay 61 ms, IGT 5:52:45.053, RTA 10:17:33.637-10:17:33.698
Tick 423718(423393), Delay 31 ms, IGT 5:52:45.103, RTA 10:17:33.698-10:17:33.729
Tick 423720(423395), Delay 63 ms, IGT 5:52:45.203, RTA 10:17:33.778-10:17:33.841
Tick 423721(423396), Delay 31 ms, IGT 5:52:45.253, RTA 10:17:33.841-10:17:33.872
Tick 423722(423397), Delay 61 ms, IGT 5:52:45.303, RTA 10:17:33.872-10:17:33.933
Tick 423723(423398), Delay 62 ms, IGT 5:52:45.353, RTA 10:17:33.933-10:17:33.995
Tick 423724(423399), Delay 30 ms, IGT 5:52:45.403, RTA 10:17:33.995-10:17:34.025
Tick 423725(423400), Delay 61 ms, IGT 5:52:45.453, RTA 10:17:34.025-10:17:34.086
Tick 423726(423401), Delay 61 ms, IGT 5:52:45.503, RTA 10:17:34.086-10:17:34.147
Tick 423727(423402), Delay 31 ms, IGT 5:52:45.553, RTA 10:17:34.147-10:17:34.178
Tick 423728(423403), Delay 62 ms, IGT 5:52:45.603, RTA 10:17:34.178-10:17:34.240
Tick 423729(423404), Delay 31 ms, IGT 5:52:45.653, RTA 10:17:34.240-10:17:34.271
Tick 423730(423405), Delay 61 ms, IGT 5:52:45.703, RTA 10:17:34.271-10:17:34.332
Tick 423731(423406), Delay 60 ms, IGT 5:52:45.753, RTA 10:17:34.332-10:17:34.392
Tick 423732(423407), Delay 31 ms, IGT 5:52:45.803, RTA 10:17:34.392-10:17:34.423
Tick 423733(423408), Delay 62 ms, IGT 5:52:45.853, RTA 10:17:34.423-10:17:34.485
Tick 423734(423409), Delay 61 ms, IGT 5:52:45.903, RTA 10:17:34.485-10:17:34.546
Tick 423735(423410), Delay 30 ms, IGT 5:52:45.953, RTA 10:17:34.546-10:17:34.576
Tick 423736(423411), Delay 62 ms, IGT 5:52:46.003, RTA 10:17:34.576-10:17:34.638
Tick 423737(423412), Delay 62 ms, IGT 5:52:46.053, RTA 10:17:34.638-10:17:34.700
Tick 423738(423413), Delay 30 ms, IGT 5:52:46.103, RTA 10:17:34.700-10:17:34.730
Tick 423740(423415), Delay 63 ms, IGT 5:52:46.203, RTA 10:17:34.777-10:17:34.840
Tick 423741(423416), Delay 31 ms, IGT 5:52:46.253, RTA 10:17:34.840-10:17:34.871
Tick 423742(423417), Delay 61 ms, IGT 5:52:46.303, RTA 10:17:34.871-10:17:34.932
Tick 423743(423418), Delay 61 ms, IGT 5:52:46.353, RTA 10:17:34.932-10:17:34.993
Tick 423744(423419), Delay 31 ms, IGT 5:52:46.403, RTA 10:17:34.993-10:17:35.024
Tick 423745(423420), Delay 61 ms, IGT 5:52:46.453, RTA 10:17:35.024-10:17:35.085
Tick 423746(423421), Delay 61 ms, IGT 5:52:46.503, RTA 10:17:35.085-10:17:35.146
Tick 423747(423422), Delay 30 ms, IGT 5:52:46.553, RTA 10:17:35.146-10:17:35.176
Tick 423748(423423), Delay 61 ms, IGT 5:52:46.603, RTA 10:17:35.176-10:17:35.237
Tick 423749(423424), Delay 61 ms, IGT 5:52:46.653, RTA 10:17:35.237-10:17:35.298
Tick 423750(423425), Delay 31 ms, IGT 5:52:46.703, RTA 10:17:35.298-10:17:35.329
Tick 423751(423426), Delay 61 ms, IGT 5:52:46.753, RTA 10:17:35.329-10:17:35.390
Tick 423752(423427), Delay 31 ms, IGT 5:52:46.803, RTA 10:17:35.390-10:17:35.421
Tick 423753(423428), Delay 60 ms, IGT 5:52:46.853, RTA 10:17:35.421-10:17:35.481
Tick 423754(423429), Delay 62 ms, IGT 5:52:46.903, RTA 10:17:35.481-10:17:35.543
Tick 423755(423430), Delay 31 ms, IGT 5:52:46.953, RTA 10:17:35.543-10:17:35.574
Tick 423756(423431), Delay 62 ms, IGT 5:52:47.003, RTA 10:17:35.574-10:17:35.636
Tick 423757(423432), Delay 61 ms, IGT 5:52:47.053, RTA 10:17:35.636-10:17:35.697
Tick 423758(423433), Delay 31 ms, IGT 5:52:47.103, RTA 10:17:35.697-10:17:35.728
Tick 423760(423435), Delay 63 ms, IGT 5:52:47.203, RTA 10:17:35.778-10:17:35.841
Tick 423761(423436), Delay 31 ms, IGT 5:52:47.253, RTA 10:17:35.841-10:17:35.872
Tick 423762(423437), Delay 61 ms, IGT 5:52:47.303, RTA 10:17:35.872-10:17:35.933
Tick 423763(423438), Delay 63 ms, IGT 5:52:47.353, RTA 10:17:35.933-10:17:35.996
Tick 423764(423439), Delay 31 ms, IGT 5:52:47.403, RTA 10:17:35.996-10:17:36.027
Tick 423765(423440), Delay 61 ms, IGT 5:52:47.453, RTA 10:17:36.027-10:17:36.088
Tick 423766(423441), Delay 62 ms, IGT 5:52:47.503, RTA 10:17:36.088-10:17:36.150
Tick 423767(423442), Delay 31 ms, IGT 5:52:47.553, RTA 10:17:36.150-10:17:36.181
Tick 423768(423443), Delay 60 ms, IGT 5:52:47.603, RTA 10:17:36.181-10:17:36.241
Tick 423769(423444), Delay 31 ms, IGT 5:52:47.653, RTA 10:17:36.241-10:17:36.272
Tick 423770(423445), Delay 62 ms, IGT 5:52:47.703, RTA 10:17:36.272-10:17:36.334
Tick 423771(423446), Delay 62 ms, IGT 5:52:47.753, RTA 10:17:36.334-10:17:36.396
Tick 423772(423447), Delay 33 ms, IGT 5:52:47.803, RTA 10:17:36.396-10:17:36.429
Tick 423773(423448), Delay 61 ms, IGT 5:52:47.853, RTA 10:17:36.429-10:17:36.490
Tick 423774(423449), Delay 32 ms, IGT 5:52:47.903, RTA 10:17:36.490-10:17:36.522
Tick 423775(423450), Delay 62 ms, IGT 5:52:47.953, RTA 10:17:36.522-10:17:36.584
Tick 423776(423451), Delay 60 ms, IGT 5:52:48.003, RTA 10:17:36.584-10:17:36.644
Tick 423777(423452), Delay 31 ms, IGT 5:52:48.053, RTA 10:17:36.644-10:17:36.675
Tick 423778(423453), Delay 61 ms, IGT 5:52:48.103, RTA 10:17:36.675-10:17:36.736
Tick 423779(423454), Delay 43 ms, IGT 5:52:48.153, RTA 10:17:36.736-10:17:36.779
Tick 423780(423455), Delay 65 ms, IGT 5:52:48.203, RTA 10:17:36.779-10:17:36.844
Tick 423781(423456), Delay 30 ms, IGT 5:52:48.253, RTA 10:17:36.844-10:17:36.874
Tick 423782(423457), Delay 61 ms, IGT 5:52:48.303, RTA 10:17:36.874-10:17:36.935
Tick 423783(423458), Delay 62 ms, IGT 5:52:48.353, RTA 10:17:36.935-10:17:36.997
Tick 423784(423459), Delay 30 ms, IGT 5:52:48.403, RTA 10:17:36.997-10:17:37.027
Tick 423785(423460), Delay 62 ms, IGT 5:52:48.453, RTA 10:17:37.027-10:17:37.089
Tick 423786(423461), Delay 61 ms, IGT 5:52:48.503, RTA 10:17:37.089-10:17:37.150
Tick 423787(423462), Delay 34 ms, IGT 5:52:48.553, RTA 10:17:37.150-10:17:37.184
Tick 423788(423463), Delay 63 ms, IGT 5:52:48.603, RTA 10:17:37.184-10:17:37.247
Tick 423789(423464), Delay 31 ms, IGT 5:52:48.653, RTA 10:17:37.247-10:17:37.278
Tick 423790(423465), Delay 61 ms, IGT 5:52:48.703, RTA 10:17:37.278-10:17:37.339
Tick 423791(423466), Delay 62 ms, IGT 5:52:48.753, RTA 10:17:37.339-10:17:37.401
Tick 423792(423467), Delay 31 ms, IGT 5:52:48.803, RTA 10:17:37.401-10:17:37.432
Tick 423793(423468), Delay 60 ms, IGT 5:52:48.853, RTA 10:17:37.432-10:17:37.492
Tick 423794(423469), Delay 32 ms, IGT 5:52:48.903, RTA 10:17:37.492-10:17:37.524
Tick 423795(423470), Delay 61 ms, IGT 5:52:48.953, RTA 10:17:37.524-10:17:37.585
Tick 423796(423471), Delay 62 ms, IGT 5:52:49.003, RTA 10:17:37.585-10:17:37.647
Tick 423797(423472), Delay 31 ms, IGT 5:52:49.053, RTA 10:17:37.647-10:17:37.678
Tick 423798(423473), Delay 62 ms, IGT 5:52:49.103, RTA 10:17:37.678-10:17:37.740
Tick 423799(423474), Delay 37 ms, IGT 5:52:49.153, RTA 10:17:37.740-10:17:37.777
Tick 423800(423475), Delay 61 ms, IGT 5:52:49.203, RTA 10:17:37.777-10:17:37.838
Tick 423801(423476), Delay 33 ms, IGT 5:52:49.253, RTA 10:17:37.838-10:17:37.871
Tick 423802(423477), Delay 61 ms, IGT 5:52:49.303, RTA 10:17:37.871-10:17:37.932
Tick 423803(423478), Delay 61 ms, IGT 5:52:49.353, RTA 10:17:37.932-10:17:37.993
Tick 423804(423479), Delay 31 ms, IGT 5:52:49.403, RTA 10:17:37.993-10:17:38.024
Tick 423805(423480), Delay 61 ms, IGT 5:52:49.453, RTA 10:17:38.024-10:17:38.085
Tick 423806(423481), Delay 61 ms, IGT 5:52:49.503, RTA 10:17:38.085-10:17:38.146
Tick 423807(423482), Delay 30 ms, IGT 5:52:49.553, RTA 10:17:38.146-10:17:38.176
Tick 423808(423483), Delay 61 ms, IGT 5:52:49.603, RTA 10:17:38.176-10:17:38.237
Tick 423809(423484), Delay 61 ms, IGT 5:52:49.653, RTA 10:17:38.237-10:17:38.298
Tick 423810(423485), Delay 30 ms, IGT 5:52:49.703, RTA 10:17:38.298-10:17:38.328
Tick 423811(423486), Delay 61 ms, IGT 5:52:49.753, RTA 10:17:38.328-10:17:38.389
Tick 423812(423487), Delay 61 ms, IGT 5:52:49.803, RTA 10:17:38.389-10:17:38.450
Tick 423813(423488), Delay 31 ms, IGT 5:52:49.853, RTA 10:17:38.450-10:17:38.481
Tick 423814(423489), Delay 61 ms, IGT 5:52:49.903, RTA 10:17:38.481-10:17:38.542
Tick 423815(423490), Delay 30 ms, IGT 5:52:49.953, RTA 10:17:38.542-10:17:38.572
Tick 423816(423491), Delay 61 ms, IGT 5:52:50.003, RTA 10:17:38.572-10:17:38.633
Tick 423817(423492), Delay 62 ms, IGT 5:52:50.053, RTA 10:17:38.633-10:17:38.695
Tick 423818(423493), Delay 31 ms, IGT 5:52:50.103, RTA 10:17:38.695-10:17:38.726
Tick 423820(423495), Delay 62 ms, IGT 5:52:50.203, RTA 10:17:38.778-10:17:38.840
Tick 423821(423496), Delay 36 ms, IGT 5:52:50.253, RTA 10:17:38.840-10:17:38.876
Tick 423822(423497), Delay 62 ms, IGT 5:52:50.303, RTA 10:17:38.876-10:17:38.938
Tick 423823(423498), Delay 60 ms, IGT 5:52:50.353, RTA 10:17:38.938-10:17:38.998
Tick 423824(423499), Delay 31 ms, IGT 5:52:50.403, RTA 10:17:38.998-10:17:39.029
Tick 423825(423500), Delay 62 ms, IGT 5:52:50.453, RTA 10:17:39.029-10:17:39.091
Tick 423826(423501), Delay 31 ms, IGT 5:52:50.503, RTA 10:17:39.091-10:17:39.122
Tick 423827(423502), Delay 61 ms, IGT 5:52:50.553, RTA 10:17:39.122-10:17:39.183
Tick 423828(423503), Delay 61 ms, IGT 5:52:50.603, RTA 10:17:39.183-10:17:39.244
Tick 423829(423504), Delay 31 ms, IGT 5:52:50.653, RTA 10:17:39.244-10:17:39.275
Tick 423830(423505), Delay 61 ms, IGT 5:52:50.703, RTA 10:17:39.275-10:17:39.336
Tick 423831(423506), Delay 60 ms, IGT 5:52:50.753, RTA 10:17:39.336-10:17:39.396
Tick 423832(423507), Delay 31 ms, IGT 5:52:50.803, RTA 10:17:39.396-10:17:39.427
Tick 423833(423508), Delay 61 ms, IGT 5:52:50.853, RTA 10:17:39.427-10:17:39.488
Tick 423834(423509), Delay 61 ms, IGT 5:52:50.903, RTA 10:17:39.488-10:17:39.549
Tick 423835(423510), Delay 31 ms, IGT 5:52:50.953, RTA 10:17:39.549-10:17:39.580
Tick 423836(423511), Delay 61 ms, IGT 5:52:51.003, RTA 10:17:39.580-10:17:39.641
Tick 423837(423512), Delay 30 ms, IGT 5:52:51.053, RTA 10:17:39.641-10:17:39.671
Tick 423838(423513), Delay 62 ms, IGT 5:52:51.103, RTA 10:17:39.671-10:17:39.733
Tick 423839(423514), Delay 44 ms, IGT 5:52:51.153, RTA 10:17:39.733-10:17:39.777
Tick 423840(423515), Delay 61 ms, IGT 5:52:51.203, RTA 10:17:39.777-10:17:39.838
Tick 423841(423516), Delay 67 ms, IGT 5:52:51.253, RTA 10:17:39.838-10:17:39.905
Tick 423842(423517), Delay 31 ms, IGT 5:52:51.303, RTA 10:17:39.905-10:17:39.936
Tick 423843(423518), Delay 62 ms, IGT 5:52:51.353, RTA 10:17:39.936-10:17:39.998
Tick 423844(423519), Delay 31 ms, IGT 5:52:51.403, RTA 10:17:39.998-10:17:40.029
Tick 423845(423520), Delay 61 ms, IGT 5:52:51.453, RTA 10:17:40.029-10:17:40.090
Tick 423846(423521), Delay 61 ms, IGT 5:52:51.503, RTA 10:17:40.090-10:17:40.151
Tick 423847(423522), Delay 30 ms, IGT 5:52:51.553, RTA 10:17:40.151-10:17:40.181
Tick 423848(423523), Delay 61 ms, IGT 5:52:51.603, RTA 10:17:40.181-10:17:40.242
Tick 423849(423524), Delay 31 ms, IGT 5:52:51.653, RTA 10:17:40.242-10:17:40.273
Tick 423850(423525), Delay 61 ms, IGT 5:52:51.703, RTA 10:17:40.273-10:17:40.334
Tick 423851(423526), Delay 61 ms, IGT 5:52:51.753, RTA 10:17:40.334-10:17:40.395
Tick 423852(423527), Delay 31 ms, IGT 5:52:51.803, RTA 10:17:40.395-10:17:40.426
Tick 423853(423528), Delay 61 ms, IGT 5:52:51.853, RTA 10:17:40.426-10:17:40.487
Tick 423854(423529), Delay 62 ms, IGT 5:52:51.903, RTA 10:17:40.487-10:17:40.549
Tick 423855(423530), Delay 30 ms, IGT 5:52:51.953, RTA 10:17:40.549-10:17:40.579
Tick 423856(423531), Delay 62 ms, IGT 5:52:52.003, RTA 10:17:40.579-10:17:40.641
Tick 423857(423532), Delay 31 ms, IGT 5:52:52.053, RTA 10:17:40.641-10:17:40.672
Tick 423858(423533), Delay 61 ms, IGT 5:52:52.103, RTA 10:17:40.672-10:17:40.733
Tick 423859(423534), Delay 45 ms, IGT 5:52:52.153, RTA 10:17:40.733-10:17:40.778
Tick 423860(423535), Delay 63 ms, IGT 5:52:52.203, RTA 10:17:40.778-10:17:40.841
Tick 423861(423536), Delay 31 ms, IGT 5:52:52.253, RTA 10:17:40.841-10:17:40.872
Tick 423862(423537), Delay 64 ms, IGT 5:52:52.303, RTA 10:17:40.872-10:17:40.936
Tick 423863(423538), Delay 62 ms, IGT 5:52:52.353, RTA 10:17:40.936-10:17:40.998
Tick 423864(423539), Delay 31 ms, IGT 5:52:52.403, RTA 10:17:40.998-10:17:41.029
Tick 423865(423540), Delay 60 ms, IGT 5:52:52.453, RTA 10:17:41.029-10:17:41.089
Tick 423866(423541), Delay 62 ms, IGT 5:52:52.503, RTA 10:17:41.089-10:17:41.151
Tick 423867(423542), Delay 30 ms, IGT 5:52:52.553, RTA 10:17:41.151-10:17:41.181
Tick 423868(423543), Delay 60 ms, IGT 5:52:52.603, RTA 10:17:41.181-10:17:41.241
Tick 423869(423544), Delay 31 ms, IGT 5:52:52.653, RTA 10:17:41.241-10:17:41.272
Tick 423870(423545), Delay 63 ms, IGT 5:52:52.703, RTA 10:17:41.272-10:17:41.335
Tick 423871(423546), Delay 61 ms, IGT 5:52:52.753, RTA 10:17:41.335-10:17:41.396
Tick 423872(423547), Delay 30 ms, IGT 5:52:52.803, RTA 10:17:41.396-10:17:41.426
Tick 423873(423548), Delay 62 ms, IGT 5:52:52.853, RTA 10:17:41.426-10:17:41.488
Tick 423874(423549), Delay 61 ms, IGT 5:52:52.903, RTA 10:17:41.488-10:17:41.549
Tick 423875(423550), Delay 30 ms, IGT 5:52:52.953, RTA 10:17:41.549-10:17:41.579
Tick 423876(423551), Delay 61 ms, IGT 5:52:53.003, RTA 10:17:41.579-10:17:41.640
Tick 423877(423552), Delay 31 ms, IGT 5:52:53.053, RTA 10:17:41.640-10:17:41.671
Tick 423878(423553), Delay 61 ms, IGT 5:52:53.103, RTA 10:17:41.671-10:17:41.732
Tick 423879(423554), Delay 45 ms, IGT 5:52:53.153, RTA 10:17:41.732-10:17:41.777
Tick 423880(423555), Delay 62 ms, IGT 5:52:53.203, RTA 10:17:41.777-10:17:41.839
Tick 423881(423556), Delay 62 ms, IGT 5:52:53.253, RTA 10:17:41.839-10:17:41.901
Tick 423882(423557), Delay 31 ms, IGT 5:52:53.303, RTA 10:17:41.901-10:17:41.932
Tick 423883(423558), Delay 60 ms, IGT 5:52:53.353, RTA 10:17:41.932-10:17:41.992
Tick 423884(423559), Delay 31 ms, IGT 5:52:53.403, RTA 10:17:41.992-10:17:42.023
Tick 423885(423560), Delay 61 ms, IGT 5:52:53.453, RTA 10:17:42.023-10:17:42.084
Tick 423886(423561), Delay 62 ms, IGT 5:52:53.503, RTA 10:17:42.084-10:17:42.146
Tick 423887(423562), Delay 30 ms, IGT 5:52:53.553, RTA 10:17:42.146-10:17:42.176
Tick 423888(423563), Delay 60 ms, IGT 5:52:53.603, RTA 10:17:42.176-10:17:42.236
Tick 423889(423564), Delay 42 ms, IGT 5:52:53.653, RTA 10:17:42.236-10:17:42.278
Tick 423890(423565), Delay 61 ms, IGT 5:52:53.703, RTA 10:17:42.278-10:17:42.339
Tick 423891(423566), Delay 62 ms, IGT 5:52:53.753, RTA 10:17:42.339-10:17:42.401
Tick 423892(423567), Delay 31 ms, IGT 5:52:53.803, RTA 10:17:42.401-10:17:42.432
Tick 423893(423568), Delay 60 ms, IGT 5:52:53.853, RTA 10:17:42.432-10:17:42.492
Tick 423894(423569), Delay 31 ms, IGT 5:52:53.903, RTA 10:17:42.492-10:17:42.523
Tick 423895(423570), Delay 62 ms, IGT 5:52:53.953, RTA 10:17:42.523-10:17:42.585
Tick 423896(423571), Delay 61 ms, IGT 5:52:54.003, RTA 10:17:42.585-10:17:42.646
Tick 423897(423572), Delay 31 ms, IGT 5:52:54.053, RTA 10:17:42.646-10:17:42.677
Tick 423898(423573), Delay 60 ms, IGT 5:52:54.103, RTA 10:17:42.677-10:17:42.737
Tick 423899(423574), Delay 41 ms, IGT 5:52:54.153, RTA 10:17:42.737-10:17:42.778
Tick 423900(423575), Delay 61 ms, IGT 5:52:54.203, RTA 10:17:42.778-10:17:42.839
Tick 423901(423576), Delay 61 ms, IGT 5:52:54.253, RTA 10:17:42.839-10:17:42.900
Tick 423902(423577), Delay 32 ms, IGT 5:52:54.303, RTA 10:17:42.900-10:17:42.932
Tick 423903(423578), Delay 62 ms, IGT 5:52:54.353, RTA 10:17:42.932-10:17:42.994
Tick 423904(423579), Delay 31 ms, IGT 5:52:54.403, RTA 10:17:42.994-10:17:43.025
Tick 423905(423580), Delay 61 ms, IGT 5:52:54.453, RTA 10:17:43.025-10:17:43.086
Tick 423906(423581), Delay 62 ms, IGT 5:52:54.503, RTA 10:17:43.086-10:17:43.148
Tick 423907(423582), Delay 31 ms, IGT 5:52:54.553, RTA 10:17:43.148-10:17:43.179
Tick 423908(423583), Delay 61 ms, IGT 5:52:54.603, RTA 10:17:43.179-10:17:43.240
Tick 423909(423584), Delay 31 ms, IGT 5:52:54.653, RTA 10:17:43.240-10:17:43.271
Tick 423910(423585), Delay 61 ms, IGT 5:52:54.703, RTA 10:17:43.271-10:17:43.332
Tick 423911(423586), Delay 62 ms, IGT 5:52:54.753, RTA 10:17:43.332-10:17:43.394
Tick 423912(423587), Delay 31 ms, IGT 5:52:54.803, RTA 10:17:43.394-10:17:43.425
Tick 423913(423588), Delay 61 ms, IGT 5:52:54.853, RTA 10:17:43.425-10:17:43.486
Tick 423914(423589), Delay 62 ms, IGT 5:52:54.903, RTA 10:17:43.486-10:17:43.548
Tick 423915(423590), Delay 31 ms, IGT 5:52:54.953, RTA 10:17:43.548-10:17:43.579
Tick 423916(423591), Delay 61 ms, IGT 5:52:55.003, RTA 10:17:43.579-10:17:43.640
Tick 423917(423592), Delay 31 ms, IGT 5:52:55.053, RTA 10:17:43.640-10:17:43.671
Tick 423918(423593), Delay 61 ms, IGT 5:52:55.103, RTA 10:17:43.671-10:17:43.732
Tick 423919(423594), Delay 45 ms, IGT 5:52:55.153, RTA 10:17:43.732-10:17:43.777
Tick 423920(423595), Delay 61 ms, IGT 5:52:55.203, RTA 10:17:43.777-10:17:43.838
Tick 423921(423596), Delay 61 ms, IGT 5:52:55.253, RTA 10:17:43.838-10:17:43.899
Tick 423922(423597), Delay 31 ms, IGT 5:52:55.303, RTA 10:17:43.899-10:17:43.930
Tick 423923(423598), Delay 63 ms, IGT 5:52:55.353, RTA 10:17:43.930-10:17:43.993
Tick 423924(423599), Delay 31 ms, IGT 5:52:55.403, RTA 10:17:43.993-10:17:44.024
Tick 423925(423600), Delay 61 ms, IGT 5:52:55.453, RTA 10:17:44.024-10:17:44.085
Tick 423926(423601), Delay 61 ms, IGT 5:52:55.503, RTA 10:17:44.085-10:17:44.146
Tick 423927(423602), Delay 30 ms, IGT 5:52:55.553, RTA 10:17:44.146-10:17:44.176
Tick 423928(423603), Delay 62 ms, IGT 5:52:55.603, RTA 10:17:44.176-10:17:44.238
Tick 423929(423604), Delay 61 ms, IGT 5:52:55.653, RTA 10:17:44.238-10:17:44.299
Tick 423930(423605), Delay 31 ms, IGT 5:52:55.703, RTA 10:17:44.299-10:17:44.330
Tick 423931(423606), Delay 61 ms, IGT 5:52:55.753, RTA 10:17:44.330-10:17:44.391
Tick 423932(423607), Delay 31 ms, IGT 5:52:55.803, RTA 10:17:44.391-10:17:44.422
Tick 423933(423608), Delay 61 ms, IGT 5:52:55.853, RTA 10:17:44.422-10:17:44.483
Tick 423934(423609), Delay 62 ms, IGT 5:52:55.903, RTA 10:17:44.483-10:17:44.545
Tick 423935(423610), Delay 30 ms, IGT 5:52:55.953, RTA 10:17:44.545-10:17:44.575
Tick 423936(423611), Delay 61 ms, IGT 5:52:56.003, RTA 10:17:44.575-10:17:44.636
Tick 423937(423612), Delay 61 ms, IGT 5:52:56.053, RTA 10:17:44.636-10:17:44.697
Tick 423938(423613), Delay 32 ms, IGT 5:52:56.103, RTA 10:17:44.697-10:17:44.729
Tick 423940(423615), Delay 61 ms, IGT 5:52:56.203, RTA 10:17:44.778-10:17:44.839
Tick 423941(423616), Delay 61 ms, IGT 5:52:56.253, RTA 10:17:44.839-10:17:44.900
Tick 423942(423617), Delay 30 ms, IGT 5:52:56.303, RTA 10:17:44.900-10:17:44.930
Tick 423943(423618), Delay 65 ms, IGT 5:52:56.353, RTA 10:17:44.930-10:17:44.995
Tick 423944(423619), Delay 30 ms, IGT 5:52:56.403, RTA 10:17:44.995-10:17:45.025
Tick 423945(423620), Delay 61 ms, IGT 5:52:56.453, RTA 10:17:45.025-10:17:45.086
Tick 423946(423621), Delay 61 ms, IGT 5:52:56.503, RTA 10:17:45.086-10:17:45.147
Tick 423947(423622), Delay 31 ms, IGT 5:52:56.553, RTA 10:17:45.147-10:17:45.178
Tick 423948(423623), Delay 62 ms, IGT 5:52:56.603, RTA 10:17:45.178-10:17:45.240
Tick 423949(423624), Delay 61 ms, IGT 5:52:56.653, RTA 10:17:45.240-10:17:45.301
Tick 423950(423625), Delay 30 ms, IGT 5:52:56.703, RTA 10:17:45.301-10:17:45.331
Tick 423951(423626), Delay 62 ms, IGT 5:52:56.753, RTA 10:17:45.331-10:17:45.393
Tick 423952(423627), Delay 30 ms, IGT 5:52:56.803, RTA 10:17:45.393-10:17:45.423
Tick 423953(423628), Delay 62 ms, IGT 5:52:56.853, RTA 10:17:45.423-10:17:45.485
Tick 423954(423629), Delay 60 ms, IGT 5:52:56.903, RTA 10:17:45.485-10:17:45.545
Tick 423955(423630), Delay 32 ms, IGT 5:52:56.953, RTA 10:17:45.545-10:17:45.577
Tick 423956(423631), Delay 61 ms, IGT 5:52:57.003, RTA 10:17:45.577-10:17:45.638
Tick 423957(423632), Delay 62 ms, IGT 5:52:57.053, RTA 10:17:45.638-10:17:45.700
Tick 423958(423633), Delay 31 ms, IGT 5:52:57.103, RTA 10:17:45.700-10:17:45.731
Tick 423960(423635), Delay 61 ms, IGT 5:52:57.203, RTA 10:17:45.778-10:17:45.839
Tick 423961(423636), Delay 61 ms, IGT 5:52:57.253, RTA 10:17:45.839-10:17:45.900
Tick 423962(423637), Delay 31 ms, IGT 5:52:57.303, RTA 10:17:45.900-10:17:45.931
Tick 423963(423638), Delay 65 ms, IGT 5:52:57.353, RTA 10:17:45.931-10:17:45.996
Tick 423964(423639), Delay 31 ms, IGT 5:52:57.403, RTA 10:17:45.996-10:17:46.027
Tick 423965(423640), Delay 60 ms, IGT 5:52:57.453, RTA 10:17:46.027-10:17:46.087
Tick 423966(423641), Delay 62 ms, IGT 5:52:57.503, RTA 10:17:46.087-10:17:46.149
Tick 423967(423642), Delay 31 ms, IGT 5:52:57.553, RTA 10:17:46.149-10:17:46.180
Tick 423968(423643), Delay 61 ms, IGT 5:52:57.603, RTA 10:17:46.180-10:17:46.241
Tick 423969(423644), Delay 31 ms, IGT 5:52:57.653, RTA 10:17:46.241-10:17:46.272
Tick 423970(423645), Delay 63 ms, IGT 5:52:57.703, RTA 10:17:46.272-10:17:46.335
Tick 423971(423646), Delay 60 ms, IGT 5:52:57.753, RTA 10:17:46.335-10:17:46.395
Tick 423972(423647), Delay 31 ms, IGT 5:52:57.803, RTA 10:17:46.395-10:17:46.426
Tick 423973(423648), Delay 60 ms, IGT 5:52:57.853, RTA 10:17:46.426-10:17:46.486
Tick 423974(423649), Delay 61 ms, IGT 5:52:57.903, RTA 10:17:46.486-10:17:46.547
Tick 423975(423650), Delay 32 ms, IGT 5:52:57.953, RTA 10:17:46.547-10:17:46.579
Tick 423976(423651), Delay 61 ms, IGT 5:52:58.003, RTA 10:17:46.579-10:17:46.640
Tick 423977(423652), Delay 30 ms, IGT 5:52:58.053, RTA 10:17:46.640-10:17:46.670
Tick 423978(423653), Delay 61 ms, IGT 5:52:58.103, RTA 10:17:46.670-10:17:46.731
Tick 423980(423655), Delay 61 ms, IGT 5:52:58.203, RTA 10:17:46.778-10:17:46.839
Tick 423981(423656), Delay 61 ms, IGT 5:52:58.253, RTA 10:17:46.839-10:17:46.900
Tick 423982(423657), Delay 31 ms, IGT 5:52:58.303, RTA 10:17:46.900-10:17:46.931
Tick 423983(423658), Delay 62 ms, IGT 5:52:58.353, RTA 10:17:46.931-10:17:46.993
Tick 423984(423659), Delay 31 ms, IGT 5:52:58.403, RTA 10:17:46.993-10:17:47.024
Tick 423985(423660), Delay 61 ms, IGT 5:52:58.453, RTA 10:17:47.024-10:17:47.085
Tick 423986(423661), Delay 61 ms, IGT 5:52:58.503, RTA 10:17:47.085-10:17:47.146
Tick 423987(423662), Delay 30 ms, IGT 5:52:58.553, RTA 10:17:47.146-10:17:47.176
Tick 423988(423663), Delay 61 ms, IGT 5:52:58.603, RTA 10:17:47.176-10:17:47.237
Tick 423989(423664), Delay 61 ms, IGT 5:52:58.653, RTA 10:17:47.237-10:17:47.298
Tick 423990(423665), Delay 31 ms, IGT 5:52:58.703, RTA 10:17:47.298-10:17:47.329
Tick 423991(423666), Delay 62 ms, IGT 5:52:58.753, RTA 10:17:47.329-10:17:47.391
Tick 423992(423667), Delay 31 ms, IGT 5:52:58.803, RTA 10:17:47.391-10:17:47.422
Tick 423993(423668), Delay 62 ms, IGT 5:52:58.853, RTA 10:17:47.422-10:17:47.484
Tick 423994(423669), Delay 61 ms, IGT 5:52:58.903, RTA 10:17:47.484-10:17:47.545
Tick 423995(423670), Delay 30 ms, IGT 5:52:58.953, RTA 10:17:47.545-10:17:47.575
Tick 423996(423671), Delay 62 ms, IGT 5:52:59.003, RTA 10:17:47.575-10:17:47.637
Tick 423997(423672), Delay 61 ms, IGT 5:52:59.053, RTA 10:17:47.637-10:17:47.698
Tick 423998(423673), Delay 31 ms, IGT 5:52:59.103, RTA 10:17:47.698-10:17:47.729
Tick 424000(423675), Delay 60 ms, IGT 5:52:59.203, RTA 10:17:47.779-10:17:47.839
Tick 424001(423676), Delay 62 ms, IGT 5:52:59.253, RTA 10:17:47.839-10:17:47.901
Tick 424002(423677), Delay 30 ms, IGT 5:52:59.303, RTA 10:17:47.901-10:17:47.931
Tick 424003(423678), Delay 64 ms, IGT 5:52:59.353, RTA 10:17:47.931-10:17:47.995
Tick 424004(423679), Delay 30 ms, IGT 5:52:59.403, RTA 10:17:47.995-10:17:48.025
Tick 424005(423680), Delay 61 ms, IGT 5:52:59.453, RTA 10:17:48.025-10:17:48.086
Tick 424006(423681), Delay 62 ms, IGT 5:52:59.503, RTA 10:17:48.086-10:17:48.148
Tick 424007(423682), Delay 31 ms, IGT 5:52:59.553, RTA 10:17:48.148-10:17:48.179
Tick 424008(423683), Delay 61 ms, IGT 5:52:59.603, RTA 10:17:48.179-10:17:48.240
Tick 424009(423684), Delay 31 ms, IGT 5:52:59.653, RTA 10:17:48.240-10:17:48.271
Tick 424010(423685), Delay 61 ms, IGT 5:52:59.703, RTA 10:17:48.271-10:17:48.332
Tick 424011(423686), Delay 60 ms, IGT 5:52:59.753, RTA 10:17:48.332-10:17:48.392
Tick 424012(423687), Delay 31 ms, IGT 5:52:59.803, RTA 10:17:48.392-10:17:48.423
Tick 424013(423688), Delay 62 ms, IGT 5:52:59.853, RTA 10:17:48.423-10:17:48.485
Tick 424014(423689), Delay 61 ms, IGT 5:52:59.903, RTA 10:17:48.485-10:17:48.546
Tick 424015(423690), Delay 30 ms, IGT 5:52:59.953, RTA 10:17:48.546-10:17:48.576
Tick 424016(423691), Delay 62 ms, IGT 5:53:00.003, RTA 10:17:48.576-10:17:48.638
Tick 424017(423692), Delay 61 ms, IGT 5:53:00.053, RTA 10:17:48.638-10:17:48.699
Tick 424018(423693), Delay 31 ms, IGT 5:53:00.103, RTA 10:17:48.699-10:17:48.730
Tick 424020(423695), Delay 61 ms, IGT 5:53:00.203, RTA 10:17:48.777-10:17:48.838
Tick 424021(423696), Delay 62 ms, IGT 5:53:00.253, RTA 10:17:48.838-10:17:48.900
Tick 424022(423697), Delay 31 ms, IGT 5:53:00.303, RTA 10:17:48.900-10:17:48.931
Tick 424023(423698), Delay 63 ms, IGT 5:53:00.353, RTA 10:17:48.931-10:17:48.994
Tick 424024(423699), Delay 31 ms, IGT 5:53:00.403, RTA 10:17:48.994-10:17:49.025
Tick 424025(423700), Delay 61 ms, IGT 5:53:00.453, RTA 10:17:49.025-10:17:49.086
Tick 424026(423701), Delay 62 ms, IGT 5:53:00.503, RTA 10:17:49.086-10:17:49.148
Tick 424027(423702), Delay 30 ms, IGT 5:53:00.553, RTA 10:17:49.148-10:17:49.178
Tick 424028(423703), Delay 61 ms, IGT 5:53:00.603, RTA 10:17:49.178-10:17:49.239
Tick 424029(423704), Delay 31 ms, IGT 5:53:00.653, RTA 10:17:49.239-10:17:49.270
Tick 424030(423705), Delay 62 ms, IGT 5:53:00.703, RTA 10:17:49.270-10:17:49.332
Tick 424031(423706), Delay 60 ms, IGT 5:53:00.753, RTA 10:17:49.332-10:17:49.392
Tick 424032(423707), Delay 30 ms, IGT 5:53:00.803, RTA 10:17:49.392-10:17:49.422
Tick 424033(423708), Delay 63 ms, IGT 5:53:00.853, RTA 10:17:49.422-10:17:49.485
Tick 424034(423709), Delay 61 ms, IGT 5:53:00.903, RTA 10:17:49.485-10:17:49.546
Tick 424035(423710), Delay 31 ms, IGT 5:53:00.953, RTA 10:17:49.546-10:17:49.577
Tick 424036(423711), Delay 61 ms, IGT 5:53:01.003, RTA 10:17:49.577-10:17:49.638
Tick 424037(423712), Delay 62 ms, IGT 5:53:01.053, RTA 10:17:49.638-10:17:49.700
Tick 424038(423713), Delay 31 ms, IGT 5:53:01.103, RTA 10:17:49.700-10:17:49.731
Tick 424040(423715), Delay 61 ms, IGT 5:53:01.203, RTA 10:17:49.778-10:17:49.839
Tick 424041(423716), Delay 60 ms, IGT 5:53:01.253, RTA 10:17:49.839-10:17:49.899
Tick 424042(423717), Delay 31 ms, IGT 5:53:01.303, RTA 10:17:49.899-10:17:49.930
Tick 424043(423718), Delay 61 ms, IGT 5:53:01.353, RTA 10:17:49.930-10:17:49.991
Tick 424044(423719), Delay 33 ms, IGT 5:53:01.403, RTA 10:17:49.991-10:17:50.024
Tick 424045(423720), Delay 61 ms, IGT 5:53:01.453, RTA 10:17:50.024-10:17:50.085
Tick 424046(423721), Delay 60 ms, IGT 5:53:01.503, RTA 10:17:50.085-10:17:50.145
Tick 424047(423722), Delay 31 ms, IGT 5:53:01.553, RTA 10:17:50.145-10:17:50.176
Tick 424048(423723), Delay 62 ms, IGT 5:53:01.603, RTA 10:17:50.176-10:17:50.238
Tick 424049(423724), Delay 61 ms, IGT 5:53:01.653, RTA 10:17:50.238-10:17:50.299
Tick 424050(423725), Delay 31 ms, IGT 5:53:01.703, RTA 10:17:50.299-10:17:50.330
Tick 424051(423726), Delay 63 ms, IGT 5:53:01.753, RTA 10:17:50.330-10:17:50.393
Tick 424052(423727), Delay 30 ms, IGT 5:53:01.803, RTA 10:17:50.393-10:17:50.423
Tick 424053(423728), Delay 61 ms, IGT 5:53:01.853, RTA 10:17:50.423-10:17:50.484
Tick 424054(423729), Delay 62 ms, IGT 5:53:01.903, RTA 10:17:50.484-10:17:50.546
Tick 424055(423730), Delay 30 ms, IGT 5:53:01.953, RTA 10:17:50.546-10:17:50.576
Tick 424056(423731), Delay 62 ms, IGT 5:53:02.003, RTA 10:17:50.576-10:17:50.638
Tick 424057(423732), Delay 62 ms, IGT 5:53:02.053, RTA 10:17:50.638-10:17:50.700
Tick 424058(423733), Delay 31 ms, IGT 5:53:02.103, RTA 10:17:50.700-10:17:50.731
Tick 424060(423735), Delay 61 ms, IGT 5:53:02.203, RTA 10:17:50.778-10:17:50.839
Tick 424061(423736), Delay 31 ms, IGT 5:53:02.253, RTA 10:17:50.839-10:17:50.870
Tick 424062(423737), Delay 62 ms, IGT 5:53:02.303, RTA 10:17:50.870-10:17:50.932
Tick 424063(423738), Delay 65 ms, IGT 5:53:02.353, RTA 10:17:50.932-10:17:50.997
Tick 424064(423739), Delay 33 ms, IGT 5:53:02.403, RTA 10:17:50.997-10:17:51.030
Tick 424065(423740), Delay 60 ms, IGT 5:53:02.453, RTA 10:17:51.030-10:17:51.090
Tick 424066(423741), Delay 31 ms, IGT 5:53:02.503, RTA 10:17:51.090-10:17:51.121
Tick 424067(423742), Delay 61 ms, IGT 5:53:02.553, RTA 10:17:51.121-10:17:51.182
Tick 424068(423743), Delay 63 ms, IGT 5:53:02.603, RTA 10:17:51.182-10:17:51.245
Tick 424069(423744), Delay 32 ms, IGT 5:53:02.653, RTA 10:17:51.245-10:17:51.277
Tick 424070(423745), Delay 63 ms, IGT 5:53:02.703, RTA 10:17:51.277-10:17:51.340
Tick 424071(423746), Delay 31 ms, IGT 5:53:02.753, RTA 10:17:51.340-10:17:51.371
Tick 424072(423747), Delay 61 ms, IGT 5:53:02.803, RTA 10:17:51.371-10:17:51.432
Tick 424073(423748), Delay 62 ms, IGT 5:53:02.853, RTA 10:17:51.432-10:17:51.494
Tick 424074(423749), Delay 31 ms, IGT 5:53:02.903, RTA 10:17:51.494-10:17:51.525
Tick 424075(423750), Delay 61 ms, IGT 5:53:02.953, RTA 10:17:51.525-10:17:51.586
Tick 424076(423751), Delay 61 ms, IGT 5:53:03.003, RTA 10:17:51.586-10:17:51.647
Tick 424077(423752), Delay 31 ms, IGT 5:53:03.053, RTA 10:17:51.647-10:17:51.678
Tick 424078(423753), Delay 61 ms, IGT 5:53:03.103, RTA 10:17:51.678-10:17:51.739
Tick 424079(423754), Delay 39 ms, IGT 5:53:03.153, RTA 10:17:51.739-10:17:51.778
Tick 424080(423755), Delay 61 ms, IGT 5:53:03.203, RTA 10:17:51.778-10:17:51.839
Tick 424081(423756), Delay 62 ms, IGT 5:53:03.253, RTA 10:17:51.839-10:17:51.901
Tick 424082(423757), Delay 31 ms, IGT 5:53:03.303, RTA 10:17:51.901-10:17:51.932
Tick 424083(423758), Delay 60 ms, IGT 5:53:03.353, RTA 10:17:51.932-10:17:51.992
Tick 424084(423759), Delay 30 ms, IGT 5:53:03.403, RTA 10:17:51.992-10:17:52.022
Tick 424085(423760), Delay 64 ms, IGT 5:53:03.453, RTA 10:17:52.022-10:17:52.086
Tick 424086(423761), Delay 61 ms, IGT 5:53:03.503, RTA 10:17:52.086-10:17:52.147
Tick 424087(423762), Delay 31 ms, IGT 5:53:03.553, RTA 10:17:52.147-10:17:52.178
Tick 424088(423763), Delay 61 ms, IGT 5:53:03.603, RTA 10:17:52.178-10:17:52.239
Tick 424089(423764), Delay 61 ms, IGT 5:53:03.653, RTA 10:17:52.239-10:17:52.300
Tick 424090(423765), Delay 30 ms, IGT 5:53:03.703, RTA 10:17:52.300-10:17:52.330
Tick 424091(423766), Delay 61 ms, IGT 5:53:03.753, RTA 10:17:52.330-10:17:52.391
Tick 424092(423767), Delay 30 ms, IGT 5:53:03.803, RTA 10:17:52.391-10:17:52.421
Tick 424093(423768), Delay 62 ms, IGT 5:53:03.853, RTA 10:17:52.421-10:17:52.483
Tick 424094(423769), Delay 61 ms, IGT 5:53:03.903, RTA 10:17:52.483-10:17:52.544
Tick 424095(423770), Delay 31 ms, IGT 5:53:03.953, RTA 10:17:52.544-10:17:52.575
Tick 424096(423771), Delay 62 ms, IGT 5:53:04.003, RTA 10:17:52.575-10:17:52.637
Tick 424097(423772), Delay 61 ms, IGT 5:53:04.053, RTA 10:17:52.637-10:17:52.698
Tick 424098(423773), Delay 31 ms, IGT 5:53:04.103, RTA 10:17:52.698-10:17:52.729
Tick 424100(423775), Delay 60 ms, IGT 5:53:04.203, RTA 10:17:52.778-10:17:52.838
Tick 424101(423776), Delay 61 ms, IGT 5:53:04.253, RTA 10:17:52.838-10:17:52.899
Tick 424102(423777), Delay 30 ms, IGT 5:53:04.303, RTA 10:17:52.899-10:17:52.929
Tick 424103(423778), Delay 61 ms, IGT 5:53:04.353, RTA 10:17:52.929-10:17:52.990
Tick 424104(423779), Delay 31 ms, IGT 5:53:04.403, RTA 10:17:52.990-10:17:53.021
Tick 424105(423780), Delay 63 ms, IGT 5:53:04.453, RTA 10:17:53.021-10:17:53.084
Tick 424106(423781), Delay 61 ms, IGT 5:53:04.503, RTA 10:17:53.084-10:17:53.145
Tick 424107(423782), Delay 31 ms, IGT 5:53:04.553, RTA 10:17:53.145-10:17:53.176
Tick 424108(423783), Delay 62 ms, IGT 5:53:04.603, RTA 10:17:53.176-10:17:53.238
Tick 424109(423784), Delay 62 ms, IGT 5:53:04.653, RTA 10:17:53.238-10:17:53.300
Tick 424110(423785), Delay 30 ms, IGT 5:53:04.703, RTA 10:17:53.300-10:17:53.330
Tick 424111(423786), Delay 61 ms, IGT 5:53:04.753, RTA 10:17:53.330-10:17:53.391
Tick 424112(423787), Delay 30 ms, IGT 5:53:04.803, RTA 10:17:53.391-10:17:53.421
Tick 424113(423788), Delay 60 ms, IGT 5:53:04.853, RTA 10:17:53.421-10:17:53.481
Tick 424114(423789), Delay 61 ms, IGT 5:53:04.903, RTA 10:17:53.481-10:17:53.542
Tick 424115(423790), Delay 30 ms, IGT 5:53:04.953, RTA 10:17:53.542-10:17:53.572
Tick 424116(423791), Delay 63 ms, IGT 5:53:05.003, RTA 10:17:53.572-10:17:53.635
Tick 424117(423792), Delay 61 ms, IGT 5:53:05.053, RTA 10:17:53.635-10:17:53.696
Tick 424118(423793), Delay 30 ms, IGT 5:53:05.103, RTA 10:17:53.696-10:17:53.726
Tick 424120(423795), Delay 62 ms, IGT 5:53:05.203, RTA 10:17:53.777-10:17:53.839
Tick 424121(423796), Delay 61 ms, IGT 5:53:05.253, RTA 10:17:53.839-10:17:53.900
Tick 424122(423797), Delay 30 ms, IGT 5:53:05.303, RTA 10:17:53.900-10:17:53.930
Tick 424123(423798), Delay 62 ms, IGT 5:53:05.353, RTA 10:17:53.930-10:17:53.992
Tick 424124(423799), Delay 30 ms, IGT 5:53:05.403, RTA 10:17:53.992-10:17:54.022
Tick 424125(423800), Delay 64 ms, IGT 5:53:05.453, RTA 10:17:54.022-10:17:54.086
Tick 424126(423801), Delay 62 ms, IGT 5:53:05.503, RTA 10:17:54.086-10:17:54.148
Tick 424127(423802), Delay 31 ms, IGT 5:53:05.553, RTA 10:17:54.148-10:17:54.179
Tick 424128(423803), Delay 61 ms, IGT 5:53:05.603, RTA 10:17:54.179-10:17:54.240
Tick 424129(423804), Delay 30 ms, IGT 5:53:05.653, RTA 10:17:54.240-10:17:54.270
Tick 424130(423805), Delay 61 ms, IGT 5:53:05.703, RTA 10:17:54.270-10:17:54.331
Tick 424131(423806), Delay 61 ms, IGT 5:53:05.753, RTA 10:17:54.331-10:17:54.392
Tick 424132(423807), Delay 30 ms, IGT 5:53:05.803, RTA 10:17:54.392-10:17:54.422
Tick 424133(423808), Delay 62 ms, IGT 5:53:05.853, RTA 10:17:54.422-10:17:54.484
Tick 424134(423809), Delay 62 ms, IGT 5:53:05.903, RTA 10:17:54.484-10:17:54.546
Tick 424135(423810), Delay 30 ms, IGT 5:53:05.953, RTA 10:17:54.546-10:17:54.576
Tick 424136(423811), Delay 62 ms, IGT 5:53:06.003, RTA 10:17:54.576-10:17:54.638
Tick 424137(423812), Delay 61 ms, IGT 5:53:06.053, RTA 10:17:54.638-10:17:54.699
Tick 424138(423813), Delay 31 ms, IGT 5:53:06.103, RTA 10:17:54.699-10:17:54.730
Tick 424140(423815), Delay 61 ms, IGT 5:53:06.203, RTA 10:17:54.777-10:17:54.838
Tick 424141(423816), Delay 62 ms, IGT 5:53:06.253, RTA 10:17:54.838-10:17:54.900
Tick 424142(423817), Delay 31 ms, IGT 5:53:06.303, RTA 10:17:54.900-10:17:54.931
Tick 424143(423818), Delay 60 ms, IGT 5:53:06.353, RTA 10:17:54.931-10:17:54.991
Tick 424144(423819), Delay 30 ms, IGT 5:53:06.403, RTA 10:17:54.991-10:17:55.021
Tick 424145(423820), Delay 61 ms, IGT 5:53:06.453, RTA 10:17:55.021-10:17:55.082
Tick 424146(423821), Delay 64 ms, IGT 5:53:06.503, RTA 10:17:55.082-10:17:55.146
Tick 424147(423822), Delay 31 ms, IGT 5:53:06.553, RTA 10:17:55.146-10:17:55.177
Tick 424148(423823), Delay 60 ms, IGT 5:53:06.603, RTA 10:17:55.177-10:17:55.237
Tick 424149(423824), Delay 62 ms, IGT 5:53:06.653, RTA 10:17:55.237-10:17:55.299
Tick 424150(423825), Delay 30 ms, IGT 5:53:06.703, RTA 10:17:55.299-10:17:55.329
Tick 424151(423826), Delay 61 ms, IGT 5:53:06.753, RTA 10:17:55.329-10:17:55.390
Tick 424152(423827), Delay 61 ms, IGT 5:53:06.803, RTA 10:17:55.390-10:17:55.451
Tick 424153(423828), Delay 30 ms, IGT 5:53:06.853, RTA 10:17:55.451-10:17:55.481
Tick 424154(423829), Delay 60 ms, IGT 5:53:06.903, RTA 10:17:55.481-10:17:55.541
Tick 424155(423830), Delay 31 ms, IGT 5:53:06.953, RTA 10:17:55.541-10:17:55.572
Tick 424156(423831), Delay 61 ms, IGT 5:53:07.003, RTA 10:17:55.572-10:17:55.633
Tick 424157(423832), Delay 62 ms, IGT 5:53:07.053, RTA 10:17:55.633-10:17:55.695
Tick 424158(423833), Delay 30 ms, IGT 5:53:07.103, RTA 10:17:55.695-10:17:55.725
Tick 424160(423835), Delay 62 ms, IGT 5:53:07.203, RTA 10:17:55.777-10:17:55.839
Tick 424161(423836), Delay 61 ms, IGT 5:53:07.253, RTA 10:17:55.839-10:17:55.900
Tick 424162(423837), Delay 31 ms, IGT 5:53:07.303, RTA 10:17:55.900-10:17:55.931
Tick 424163(423838), Delay 62 ms, IGT 5:53:07.353, RTA 10:17:55.931-10:17:55.993
Tick 424164(423839), Delay 32 ms, IGT 5:53:07.403, RTA 10:17:55.993-10:17:56.025
Tick 424165(423840), Delay 61 ms, IGT 5:53:07.453, RTA 10:17:56.025-10:17:56.086
Tick 424166(423841), Delay 64 ms, IGT 5:53:07.503, RTA 10:17:56.086-10:17:56.150
Tick 424167(423842), Delay 30 ms, IGT 5:53:07.553, RTA 10:17:56.150-10:17:56.180
Tick 424168(423843), Delay 60 ms, IGT 5:53:07.603, RTA 10:17:56.180-10:17:56.240
Tick 424169(423844), Delay 31 ms, IGT 5:53:07.653, RTA 10:17:56.240-10:17:56.271
Tick 424170(423845), Delay 60 ms, IGT 5:53:07.703, RTA 10:17:56.271-10:17:56.331
Tick 424171(423846), Delay 62 ms, IGT 5:53:07.753, RTA 10:17:56.331-10:17:56.393
Tick 424172(423847), Delay 31 ms, IGT 5:53:07.803, RTA 10:17:56.393-10:17:56.424
Tick 424173(423848), Delay 61 ms, IGT 5:53:07.853, RTA 10:17:56.424-10:17:56.485
Tick 424174(423849), Delay 62 ms, IGT 5:53:07.903, RTA 10:17:56.485-10:17:56.547
Tick 424175(423850), Delay 31 ms, IGT 5:53:07.953, RTA 10:17:56.547-10:17:56.578
Tick 424176(423851), Delay 61 ms, IGT 5:53:08.003, RTA 10:17:56.578-10:17:56.639
Tick 424177(423852), Delay 61 ms, IGT 5:53:08.053, RTA 10:17:56.639-10:17:56.700
Tick 424178(423853), Delay 31 ms, IGT 5:53:08.103, RTA 10:17:56.700-10:17:56.731
Tick 424180(423855), Delay 62 ms, IGT 5:53:08.203, RTA 10:17:56.777-10:17:56.839
Tick 424181(423856), Delay 31 ms, IGT 5:53:08.253, RTA 10:17:56.839-10:17:56.870
Tick 424182(423857), Delay 62 ms, IGT 5:53:08.303, RTA 10:17:56.870-10:17:56.932
Tick 424183(423858), Delay 61 ms, IGT 5:53:08.353, RTA 10:17:56.932-10:17:56.993
Tick 424184(423859), Delay 30 ms, IGT 5:53:08.403, RTA 10:17:56.993-10:17:57.023
Tick 424185(423860), Delay 62 ms, IGT 5:53:08.453, RTA 10:17:57.023-10:17:57.085
Tick 424186(423861), Delay 63 ms, IGT 5:53:08.503, RTA 10:17:57.085-10:17:57.148
Tick 424187(423862), Delay 32 ms, IGT 5:53:08.553, RTA 10:17:57.148-10:17:57.180
Tick 424188(423863), Delay 61 ms, IGT 5:53:08.603, RTA 10:17:57.180-10:17:57.241
Tick 424189(423864), Delay 31 ms, IGT 5:53:08.653, RTA 10:17:57.241-10:17:57.272
Tick 424193(423868), Delay 63 ms, IGT 5:53:08.853, RTA 10:17:57.422-10:17:57.485
Tick 424194(423869), Delay 35 ms, IGT 5:53:08.903, RTA 10:17:57.485-10:17:57.520
Tick 424197(423872), Delay 62 ms, IGT 5:53:09.053, RTA 10:17:57.623-10:17:57.685
Tick 424198(423873), Delay 35 ms, IGT 5:53:09.103, RTA 10:17:57.685-10:17:57.720
Tick 424202(423877), Delay 63 ms, IGT 5:53:09.303, RTA 10:17:57.871-10:17:57.934
Tick 424203(423878), Delay 62 ms, IGT 5:53:09.353, RTA 10:17:57.934-10:17:57.996
Tick 424204(423879), Delay 30 ms, IGT 5:53:09.403, RTA 10:17:57.996-10:17:58.026
Tick 424205(423880), Delay 62 ms, IGT 5:53:09.453, RTA 10:17:58.026-10:17:58.088
Tick 424206(423881), Delay 64 ms, IGT 5:53:09.503, RTA 10:17:58.088-10:17:58.152
Tick 424207(423882), Delay 31 ms, IGT 5:53:09.553, RTA 10:17:58.152-10:17:58.183
Tick 424208(423883), Delay 62 ms, IGT 5:53:09.603, RTA 10:17:58.183-10:17:58.245
Tick 424209(423884), Delay 30 ms, IGT 5:53:09.653, RTA 10:17:58.245-10:17:58.275
Tick 424210(423885), Delay 62 ms, IGT 5:53:09.703, RTA 10:17:58.275-10:17:58.337
Tick 424211(423886), Delay 61 ms, IGT 5:53:09.753, RTA 10:17:58.337-10:17:58.398
Tick 424212(423887), Delay 31 ms, IGT 5:53:09.803, RTA 10:17:58.398-10:17:58.429
Tick 424213(423888), Delay 61 ms, IGT 5:53:09.853, RTA 10:17:58.429-10:17:58.490
Tick 424214(423889), Delay 30 ms, IGT 5:53:09.903, RTA 10:17:58.490-10:17:58.520
Tick 424215(423890), Delay 61 ms, IGT 5:53:09.953, RTA 10:17:58.520-10:17:58.581
Tick 424216(423891), Delay 62 ms, IGT 5:53:10.003, RTA 10:17:58.581-10:17:58.643
Tick 424217(423892), Delay 31 ms, IGT 5:53:10.053, RTA 10:17:58.643-10:17:58.674
Tick 424218(423893), Delay 62 ms, IGT 5:53:10.103, RTA 10:17:58.674-10:17:58.736
Tick 424219(423894), Delay 42 ms, IGT 5:53:10.153, RTA 10:17:58.736-10:17:58.778
Tick 424220(423895), Delay 62 ms, IGT 5:53:10.203, RTA 10:17:58.778-10:17:58.840
Tick 424221(423896), Delay 31 ms, IGT 5:53:10.253, RTA 10:17:58.840-10:17:58.871
Tick 424222(423897), Delay 61 ms, IGT 5:53:10.303, RTA 10:17:58.871-10:17:58.932
Tick 424223(423898), Delay 63 ms, IGT 5:53:10.353, RTA 10:17:58.932-10:17:58.995
Tick 424224(423899), Delay 32 ms, IGT 5:53:10.403, RTA 10:17:58.995-10:17:59.027
Tick 424225(423900), Delay 62 ms, IGT 5:53:10.453, RTA 10:17:59.027-10:17:59.089
Tick 424226(423901), Delay 35 ms, IGT 5:53:10.503, RTA 10:17:59.089-10:17:59.124
Tick 424227(423902), Delay 64 ms, IGT 5:53:10.553, RTA 10:17:59.124-10:17:59.188
Tick 424228(423903), Delay 32 ms, IGT 5:53:10.603, RTA 10:17:59.188-10:17:59.220
Tick 424229(423904), Delay 62 ms, IGT 5:53:10.653, RTA 10:17:59.220-10:17:59.282
Tick 424230(423905), Delay 62 ms, IGT 5:53:10.703, RTA 10:17:59.282-10:17:59.344
Tick 424231(423906), Delay 31 ms, IGT 5:53:10.753, RTA 10:17:59.344-10:17:59.375
Tick 424232(423907), Delay 61 ms, IGT 5:53:10.803, RTA 10:17:59.375-10:17:59.436
Tick 424233(423908), Delay 62 ms, IGT 5:53:10.853, RTA 10:17:59.436-10:17:59.498
Tick 424234(423909), Delay 32 ms, IGT 5:53:10.903, RTA 10:17:59.498-10:17:59.530
Tick 424235(423910), Delay 64 ms, IGT 5:53:10.953, RTA 10:17:59.530-10:17:59.594
Tick 424236(423911), Delay 31 ms, IGT 5:53:11.003, RTA 10:17:59.594-10:17:59.625
Tick 424237(423912), Delay 62 ms, IGT 5:53:11.053, RTA 10:17:59.625-10:17:59.687
Tick 424238(423913), Delay 60 ms, IGT 5:53:11.103, RTA 10:17:59.687-10:17:59.747
Tick 424239(423914), Delay 31 ms, IGT 5:53:11.153, RTA 10:17:59.747-10:17:59.778
Tick 424240(423915), Delay 61 ms, IGT 5:53:11.203, RTA 10:17:59.778-10:17:59.839
Tick 424241(423916), Delay 31 ms, IGT 5:53:11.253, RTA 10:17:59.839-10:17:59.870
Tick 424242(423917), Delay 61 ms, IGT 5:53:11.303, RTA 10:17:59.870-10:17:59.931
Tick 424243(423918), Delay 61 ms, IGT 5:53:11.353, RTA 10:17:59.931-10:17:59.992
Tick 424244(423919), Delay 33 ms, IGT 5:53:11.403, RTA 10:17:59.992-10:18:00.025
Tick 424245(423920), Delay 63 ms, IGT 5:53:11.453, RTA 10:18:00.025-10:18:00.088
Tick 424246(423921), Delay 61 ms, IGT 5:53:11.503, RTA 10:18:00.088-10:18:00.149
Tick 424247(423922), Delay 33 ms, IGT 5:53:11.553, RTA 10:18:00.149-10:18:00.182
Tick 424248(423923), Delay 63 ms, IGT 5:53:11.603, RTA 10:18:00.182-10:18:00.245
Tick 424249(423924), Delay 31 ms, IGT 5:53:11.653, RTA 10:18:00.245-10:18:00.276
Tick 424250(423925), Delay 62 ms, IGT 5:53:11.703, RTA 10:18:00.276-10:18:00.338
Tick 424251(423926), Delay 61 ms, IGT 5:53:11.753, RTA 10:18:00.338-10:18:00.399
Tick 424252(423927), Delay 31 ms, IGT 5:53:11.803, RTA 10:18:00.399-10:18:00.430
Tick 424253(423928), Delay 62 ms, IGT 5:53:11.853, RTA 10:18:00.430-10:18:00.492
Tick 424254(423929), Delay 31 ms, IGT 5:53:11.903, RTA 10:18:00.492-10:18:00.523
Tick 424255(423930), Delay 61 ms, IGT 5:53:11.953, RTA 10:18:00.523-10:18:00.584
Tick 424256(423931), Delay 60 ms, IGT 5:53:12.003, RTA 10:18:00.584-10:18:00.644
Tick 424257(423932), Delay 30 ms, IGT 5:53:12.053, RTA 10:18:00.644-10:18:00.674
Tick 424258(423933), Delay 61 ms, IGT 5:53:12.103, RTA 10:18:00.674-10:18:00.735
Tick 424259(423934), Delay 43 ms, IGT 5:53:12.153, RTA 10:18:00.735-10:18:00.778
Tick 424260(423935), Delay 61 ms, IGT 5:53:12.203, RTA 10:18:00.778-10:18:00.839
Tick 424261(423936), Delay 62 ms, IGT 5:53:12.253, RTA 10:18:00.839-10:18:00.901
Tick 424262(423937), Delay 30 ms, IGT 5:53:12.303, RTA 10:18:00.901-10:18:00.931
Tick 424263(423938), Delay 61 ms, IGT 5:53:12.353, RTA 10:18:00.931-10:18:00.992
Tick 424264(423939), Delay 31 ms, IGT 5:53:12.403, RTA 10:18:00.992-10:18:01.023
Tick 424265(423940), Delay 61 ms, IGT 5:53:12.453, RTA 10:18:01.023-10:18:01.084
Tick 424266(423941), Delay 61 ms, IGT 5:53:12.503, RTA 10:18:01.084-10:18:01.145
Tick 424267(423942), Delay 31 ms, IGT 5:53:12.553, RTA 10:18:01.145-10:18:01.176
Tick 424268(423943), Delay 63 ms, IGT 5:53:12.603, RTA 10:18:01.176-10:18:01.239
Tick 424269(423944), Delay 62 ms, IGT 5:53:12.653, RTA 10:18:01.239-10:18:01.301
Tick 424270(423945), Delay 30 ms, IGT 5:53:12.703, RTA 10:18:01.301-10:18:01.331
Tick 424271(423946), Delay 61 ms, IGT 5:53:12.753, RTA 10:18:01.331-10:18:01.392
Tick 424272(423947), Delay 31 ms, IGT 5:53:12.803, RTA 10:18:01.392-10:18:01.423
Tick 424273(423948), Delay 62 ms, IGT 5:53:12.853, RTA 10:18:01.423-10:18:01.485
Tick 424274(423949), Delay 61 ms, IGT 5:53:12.903, RTA 10:18:01.485-10:18:01.546
Tick 424275(423950), Delay 30 ms, IGT 5:53:12.953, RTA 10:18:01.546-10:18:01.576
Tick 424276(423951), Delay 62 ms, IGT 5:53:13.003, RTA 10:18:01.576-10:18:01.638
Tick 424277(423952), Delay 61 ms, IGT 5:53:13.053, RTA 10:18:01.638-10:18:01.699
Tick 424278(423953), Delay 30 ms, IGT 5:53:13.103, RTA 10:18:01.699-10:18:01.729
Tick 424280(423955), Delay 61 ms, IGT 5:53:13.203, RTA 10:18:01.778-10:18:01.839
Tick 424281(423956), Delay 61 ms, IGT 5:53:13.253, RTA 10:18:01.839-10:18:01.900
Tick 424282(423957), Delay 31 ms, IGT 5:53:13.303, RTA 10:18:01.900-10:18:01.931
Tick 424283(423958), Delay 61 ms, IGT 5:53:13.353, RTA 10:18:01.931-10:18:01.992
Tick 424284(423959), Delay 30 ms, IGT 5:53:13.403, RTA 10:18:01.992-10:18:02.022
