No   IGT            Start RTA      End RTA        Length     Retime?    Reason / Notice
1    00:01.264      00:01.236      00:07.474      6.238      6.238      Paused by player, Unpause by player
2    00:10.464      00:16.706      00:28.623      11.917     11.917     Paused by player, Unpause by player
3    00:59.214      01:17.379      01:58.094      40.715     40.715     Paused by player, Unpause by player
4    01:17.614      02:16.457      02:56.114      39.657     39.657     Paused by player, Unpause by player
0    01:35.614      03:14.074      06:42.704      208.630               Paused by player, Unpause by rendered
0    01:53.089      07:00.190      07:18.474      18.284                Paused by player, Unpause by rendered
0    02:08.336      07:33.722      07:35.593      1.871                 Paused by player, Unpause by changed look direction
0    02:08.651      07:35.878      10:35.304      179.426               Paused by player, Unpause by changed look direction
0    02:50.618      11:17.266      18:03.373      406.107               Paused by player, Unpause by changed look direction
1    02:57.718      18:10.392      1:06:44.863    2914.471   2909.471   Paused by player, Unpause by player / changed option
2    03:27.518      1:07:14.651    1:07:30.267    15.616     15.616     Paused by player, Unpause by player
3    03:50.468      1:07:53.189    1:08:03.653    10.464     10.464     Paused by player, Unpause by player
4    04:10.818      1:08:23.959    1:08:31.465    7.506      7.506      Paused by player, Unpause by player
5    04:22.868      1:08:43.544    1:08:44.847    1.303      1.303      Paused by player, Unpause by player
6    04:38.018      1:08:59.989    1:09:04.480    4.491      4.491      Paused by player, Unpause by player
7    06:32.018      1:10:58.432    1:11:00.082    1.650      1.650      Paused by player, Unpause by player
8    06:48.218      1:11:16.284    1:11:22.261    5.977      5.977      Paused by player, Unpause by player
9    06:49.618      1:11:23.636    1:11:24.151    0.515      0.515      Paused by player, Unpause by player
10   06:56.868      1:11:31.358    1:11:36.575    5.217      5.217      Paused by player, Unpause by player
11   07:09.218      1:11:48.913    1:11:54.865    5.952      5.952      Paused by player, Unpause by player
12   07:36.068      1:12:21.707    1:12:52.311    30.604     30.604     Paused by player, Unpause by player
13   10:01.368      1:15:17.596    1:15:17.711    0.115                 Paused by changed dimension, Unpause by rendered
14   10:11.326      1:15:27.672    1:15:48.602    20.930     20.930     Paused by player, Unpause by player
0    10:11.676      1:15:48.966    1:16:22.148    33.182                Paused by player, Unpause by rendered
1    10:13.365      1:16:23.839    1:16:46.550    22.711     22.711     Paused by player, Unpause by player
2    10:13.915      1:16:47.070    1:16:50.107    3.037      3.037      Paused by player, Unpause by player
3    10:13.965      1:16:50.115    1:16:50.196    0.081                 Paused by changed dimension, Unpause by rendered
4    10:35.399      1:17:11.615    1:17:11.711    0.096                 Paused by changed dimension, Unpause by rendered
5    10:35.393      1:17:11.717    1:17:11.790    0.073                 Paused by changed dimension, Unpause by rendered
6    10:45.586      1:17:21.965    1:17:21.999    0.034                 Paused by changed dimension, Unpause by changed look direction
7    10:45.639      1:17:22.065    1:17:22.129    0.064                 Paused by changed dimension, Unpause by changed look direction
8    10:53.896      1:17:30.366    1:17:30.425    0.059                 Paused by changed dimension, Unpause by changed look direction
9    10:53.999      1:17:30.513    1:17:30.580    0.067                 Paused by changed dimension, Unpause by changed look direction
0    10:59.253      1:17:35.809    1:26:15.080    519.271               Paused by player, Unpause by changed look direction
1    11:01.406      1:26:17.161    1:26:17.255    0.094                 Paused by changed dimension, Unpause by rendered
2    11:01.391      1:26:17.265    1:26:17.340    0.075                 Paused by changed dimension, Unpause by rendered
3    11:06.338      1:26:22.278    1:26:30.277    7.999      7.999      Paused by player, Unpause by player
0    11:07.238      1:26:31.175    1:26:33.251    2.076                 Paused by player, Unpause by changed look direction
1    11:09.356      1:26:35.369    1:26:35.503    0.134                 Paused by changed dimension, Unpause by rendered
2    11:09.345      1:26:35.518    1:26:35.628    0.110                 Paused by changed dimension, Unpause by rendered
0    11:14.340      1:26:40.665    1:26:48.306    7.641                 Paused by player, Unpause by changed look direction
1    11:15.905      1:26:49.866    1:26:49.983    0.117                 Paused by changed dimension, Unpause by rendered
2    11:15.915      1:26:50.021    1:26:50.126    0.105                 Paused by changed dimension, Unpause by rendered
0    11:21.812      1:26:56.008    1:27:10.702    14.694                Paused by player, Unpause by changed look direction
1    11:22.577      1:27:11.473    1:27:11.509    0.036                 Paused by changed dimension, Unpause by moved mouse
2    11:22.733      1:27:11.704    1:27:11.763    0.059                 Paused by changed dimension, Unpause by rendered
0    11:28.331      1:27:17.379    1:30:32.871    195.492               Paused by player, Unpause by changed look direction
1    11:30.135      1:30:34.614    1:30:34.798    0.184                 Paused by changed dimension, Unpause by rendered
2    11:30.928      1:30:35.595    1:30:39.514    3.919      3.919      Paused by player, Unpause by player
3    11:34.878      1:30:43.453    1:30:43.575    0.122                 Paused by changed dimension, Unpause by rendered
4    11:45.773      1:30:54.467    1:30:54.496    0.029                 Paused by changed dimension, Unpause by changed look direction
5    11:46.378      1:30:55.076    1:31:07.372    12.296     12.296     Paused by player, Unpause by player
6    11:46.428      1:31:07.415    1:31:07.531    0.116                 Paused by changed dimension, Unpause by rendered
7    11:48.795      1:31:09.916    1:31:09.996    0.080                 Paused by changed dimension, Unpause by rendered
8    11:48.784      1:31:10.016    1:31:10.088    0.072                 Paused by changed dimension, Unpause by rendered
9    11:55.732      1:31:17.065    1:31:17.203    0.138                 Paused by changed dimension, Unpause by rendered
10   11:55.719      1:31:17.223    1:31:17.300    0.077                 Paused by changed dimension, Unpause by rendered
0    11:56.416      1:31:18.010    1:32:29.123    71.113                Paused by player, Unpause by rendered
0    11:57.812      1:32:30.534    1:32:33.850    3.316                 Paused by player, Unpause by rendered
1    11:59.410      1:32:35.481    1:32:35.536    0.055                 Paused by changed dimension, Unpause by rendered
2    12:00.586      1:32:36.717    1:32:47.567    10.850     10.850     Paused by player, Unpause by player
3    12:01.236      1:32:48.199    1:33:31.630    43.431     43.431     Paused by player, Unpause by player
4    12:02.836      1:33:33.230    1:33:33.729    0.499      0.499      Paused by player, Unpause by player
5    12:05.036      1:33:35.928    1:38:58.857    322.929    322.929    Paused by player, Unpause by player
6    12:05.586      1:38:59.378    1:38:59.466    0.088                 Paused by changed dimension, Unpause by rendered
7    12:17.683      1:39:11.577    1:39:11.642    0.065                 Paused by changed dimension, Unpause by moved mouse
8    12:18.440      1:39:12.404    1:39:14.809    2.405      2.405      Paused by player, Unpause by player
9    12:20.840      1:39:17.178    1:39:17.304    0.126                 Paused by changed dimension, Unpause by rendered
10   12:26.896      1:39:23.378    1:39:23.462    0.084                 Paused by changed dimension, Unpause by rendered
11   12:27.925      1:39:24.494    1:39:34.626    10.132     10.132     Paused by player, Unpause by player
12   12:32.975      1:39:39.656    1:39:45.862    6.206      6.206      Paused by player, Unpause by player
13   12:33.425      1:39:46.328    1:39:46.413    0.085                 Paused by changed dimension, Unpause by changed look direction
14   12:49.036      1:40:01.978    1:40:02.015    0.037                 Paused by changed dimension, Unpause by moved mouse
15   12:49.579      1:40:02.560    1:40:06.560    4.000      4.000      Paused by player, Unpause by player
16   12:50.129      1:40:07.127    1:40:07.248    0.121                 Paused by changed dimension, Unpause by rendered
17   13:05.891      1:40:23.029    1:40:23.093    0.064                 Paused by changed dimension, Unpause by moved mouse
18   13:06.702      1:40:23.905    1:41:08.303    44.398     44.398     Paused by player, Unpause by player
19   13:07.402      1:41:08.977    1:41:09.104    0.127                 Paused by changed dimension, Unpause by rendered
0    13:27.905      1:41:29.613    1:42:47.785    78.172                Paused by player, Unpause by rendered
1    15:00.802      1:44:20.676    1:44:21.242    0.566      0.566      Paused by player, Unpause by player
2    15:18.152      1:44:38.575    1:44:39.913    1.338      1.338      Paused by player, Unpause by player
3    15:25.002      1:44:46.739    1:44:48.360    1.621      1.621      Paused by player, Unpause by player
4    16:58.202      1:46:21.516    1:46:27.373    5.857      5.857      Paused by player, Unpause by player
5    16:58.552      1:46:27.721    1:46:40.668    12.947     12.947     Paused by player, Unpause by player
6    17:02.752      1:46:44.865    1:46:48.287    3.422      3.422      Paused by player, Unpause by player
7    17:06.252      1:46:51.764    1:46:56.905    5.141      5.141      Paused by player, Unpause by player
8    17:12.202      1:47:02.834    1:47:05.568    2.734      2.734      Paused by player, Unpause by player
9    17:25.302      1:47:18.671    1:47:19.553    0.882      0.882      Paused by player, Unpause by player
10   17:26.802      1:47:21.018    1:47:21.772    0.754      0.754      Paused by player, Unpause by player
11   17:27.702      1:47:22.633    1:47:23.864    1.231      1.231      Paused by player, Unpause by player
12   17:31.752      1:47:27.893    1:47:30.985    3.092      3.092      Paused by player, Unpause by player
13   17:32.302      1:47:31.521    1:47:33.128    1.607      1.607      Paused by player, Unpause by player
14   17:32.702      1:47:33.505    1:47:36.529    3.024      3.024      Paused by player, Unpause by player
15   17:36.052      1:47:39.874    1:47:40.880    1.006      1.006      Paused by player, Unpause by player
16   17:42.702      1:47:47.519    1:48:07.391    19.872     19.872     Paused by player, Unpause by player
17   18:00.602      1:48:25.262    1:48:36.521    11.259     11.259     Paused by player, Unpause by player
18   18:04.852      1:48:40.732    1:48:43.926    3.194      3.194      Paused by player, Unpause by player
19   18:08.752      1:48:47.787    1:49:01.094    13.307     13.307     Paused by player, Unpause by player
20   19:43.102      1:50:35.448    1:50:49.443    13.995     13.995     Paused by player, Unpause by player
21   21:27.952      1:52:34.297    1:52:34.993    0.696      0.696      Paused by player, Unpause by player
22   21:33.052      1:52:40.094    1:52:40.521    0.427      0.427      Paused by player, Unpause by player
23   22:38.902      1:53:46.345    1:53:47.810    1.465      1.465      Paused by player, Unpause by player
24   22:40.402      1:53:49.268    1:53:49.654    0.386      0.386      Paused by player, Unpause by player
25   22:40.752      1:53:49.975    1:53:55.353    5.378      5.378      Paused by player, Unpause by player
26   22:44.852      1:53:59.440    1:54:04.307    4.867      4.867      Paused by player, Unpause by player
27   23:55.102      1:55:14.520    1:55:16.338    1.818      1.818      Paused by player, Unpause by player
28   23:59.052      1:55:20.280    1:55:26.043    5.763      5.763      Paused by player, Unpause by player
29   24:10.502      1:55:37.472    1:55:40.508    3.036      3.036      Paused by player, Unpause by player
30   24:42.252      1:56:12.251    1:56:12.830    0.579      0.579      Paused by player, Unpause by player
31   24:53.702      1:56:24.244    1:56:24.822    0.578      0.578      Paused by player, Unpause by player
32   25:08.702      1:56:39.808    1:56:45.757    5.949      5.949      Paused by player, Unpause by player
33   26:09.702      1:57:46.741    1:57:47.753    1.012      1.012      Paused by player, Unpause by player
34   26:14.002      1:57:52.029    1:57:53.078    1.049      1.049      Paused by player, Unpause by player
35   26:14.502      1:57:53.551    1:57:56.423    2.872      2.872      Paused by player, Unpause by player
0    26:17.652      1:57:59.604    2:00:03.290    123.686               Paused by player, Unpause by rendered
1    26:21.450      2:00:07.079    2:00:08.346    1.267      1.267      Paused by player, Unpause by player
2    26:21.700      2:00:08.597    2:00:09.830    1.233      1.233      Paused by player, Unpause by player
3    28:19.000      2:02:07.096    2:02:10.430    3.334      3.334      Paused by player, Unpause by player
4    29:07.300      2:02:58.713    2:02:59.293    0.580      0.580      Paused by player, Unpause by player
5    29:15.800      2:03:07.812    2:03:09.125    1.313      1.313      Paused by player, Unpause by player
6    30:22.150      2:04:15.464    2:04:16.505    1.041      1.041      Paused by player, Unpause by player
7    30:30.000      2:04:24.353    2:04:30.678    6.325      6.325      Paused by player, Unpause by player
8    30:51.450      2:04:52.100    2:04:54.991    2.891      2.891      Paused by player, Unpause by player
9    31:56.250      2:05:59.772    2:06:11.855    12.083     12.083     Paused by player, Unpause by player
10   32:05.500      2:06:21.099    2:06:28.363    7.264      7.264      Paused by player, Unpause by player
11   32:19.950      2:06:42.834    2:09:05.681    142.847    142.847    Paused by player, Unpause by player
12   32:38.700      2:09:24.454    2:10:51.466    87.012     87.012     Paused by player, Unpause by player
13   32:53.700      2:11:06.444    2:11:10.946    4.502      4.502      Paused by player, Unpause by player
14   37:43.450      2:16:00.690    2:16:11.743    11.053     11.053     Paused by player, Unpause by player
15   37:47.850      2:16:16.143    2:16:20.043    3.900      3.900      Paused by player, Unpause by player
16   37:51.200      2:16:23.414    2:16:52.844    29.430     29.430     Paused by player, Unpause by player
17   38:18.000      2:17:19.640    2:18:26.452    66.812     66.812     Paused by player, Unpause by player
18   38:21.200      2:18:29.680    2:18:33.109    3.429      3.429      Paused by player, Unpause by player
19   41:00.000      2:21:11.887    2:21:30.968    19.081     19.081     Paused by player, Unpause by player
20   41:18.850      2:21:49.835    2:22:21.406    31.571     31.571     Paused by player, Unpause by player
0    41:39.900      2:22:42.464    2:35:20.350    757.886               Paused by player, Unpause by changed look direction
1    41:46.552      2:35:26.996    2:37:35.405    128.409    128.409    Paused by player, Unpause by player
2    43:11.802      2:39:00.665    2:39:03.732    3.067      3.067      Paused by player, Unpause by player
3    45:52.452      2:41:44.358    2:42:46.204    61.846     61.846     Paused by player, Unpause by player
4    45:57.252      2:42:51.011    2:43:17.210    26.199     26.199     Paused by player, Unpause by player
5    46:15.202      2:43:35.166    2:43:36.992    1.826      1.826      Paused by player, Unpause by player
6    46:36.652      2:43:58.443    2:44:00.171    1.728      1.728      Paused by player, Unpause by player
7    46:55.802      2:44:19.288    2:44:25.861    6.573      6.573      Paused by player, Unpause by player
8    46:56.402      2:44:26.451    2:44:30.459    4.008      4.008      Paused by player, Unpause by player
9    47:04.852      2:44:38.891    2:44:40.711    1.820      1.820      Paused by player, Unpause by player
10   47:05.702      2:44:41.559    2:44:43.983    2.424      2.424      Paused by player, Unpause by player
11   47:06.102      2:44:44.359    2:44:45.949    1.590      1.590      Paused by player, Unpause by player
12   47:06.402      2:44:46.233    2:44:46.798    0.565      0.565      Paused by player, Unpause by player
13   47:06.902      2:44:47.312    2:45:10.878    23.566     23.566     Paused by player, Unpause by player
14   47:23.902      2:45:27.839    2:45:39.055    11.216     11.216     Paused by player, Unpause by player
15   47:40.152      2:45:55.300    2:46:05.813    10.513     10.513     Paused by player, Unpause by player
16   47:51.502      2:46:17.138    2:46:23.211    6.073      6.073      Paused by player, Unpause by player
17   48:03.152      2:46:34.866    2:46:44.310    9.444      9.444      Paused by player, Unpause by player
18   48:03.702      2:46:44.819    2:46:53.931    9.112      9.112      Paused by player, Unpause by player
19   48:04.802      2:46:55.024    2:46:55.787    0.763      0.763      Paused by player, Unpause by player
20   48:15.602      2:47:06.564    2:47:18.189    11.625     11.625     Paused by player, Unpause by player
21   48:16.352      2:47:18.943    2:47:20.161    1.218      1.218      Paused by player, Unpause by player
22   48:34.852      2:47:38.643    2:47:48.352    9.709      9.709      Paused by player, Unpause by player
23   48:40.602      2:47:54.113    2:48:19.100    24.987     24.987     Paused by player, Unpause by player
24   48:52.052      2:48:30.527    2:48:31.608    1.081      1.081      Paused by player, Unpause by player
25   49:04.952      2:48:44.512    2:48:47.311    2.799      2.799      Paused by player, Unpause by player
26   49:11.702      2:48:54.063    2:48:56.909    2.846      2.846      Paused by player, Unpause by player
27   49:12.202      2:48:57.406    2:49:01.295    3.889      3.889      Paused by player, Unpause by player
28   49:18.552      2:49:07.607    2:49:13.415    5.808      5.808      Paused by player, Unpause by player
29   50:08.452      2:50:03.316    2:50:07.896    4.580      4.580      Paused by player, Unpause by player
30   50:08.902      2:50:08.317    2:50:10.726    2.409      2.409      Paused by player, Unpause by player
31   50:13.502      2:50:15.284    2:50:29.344    14.060     14.060     Paused by player, Unpause by player
32   50:25.902      2:50:41.743    2:50:43.311    1.568      1.568      Paused by player, Unpause by player
33   50:40.752      2:50:58.153    2:52:28.740    90.587     90.587     Paused by player, Unpause by player
34   50:44.152      2:52:32.134    2:52:48.465    16.331     16.331     Paused by player, Unpause by player
35   50:55.902      2:53:00.201    2:53:09.250    9.049      9.049      Paused by player, Unpause by player
36   51:00.202      2:53:13.510    2:53:17.424    3.914      3.914      Paused by player, Unpause by player
37   51:05.652      2:53:22.900    2:54:27.886    64.986     64.986     Paused by player, Unpause by player
38   51:08.802      2:54:30.994    2:54:33.148    2.154      2.154      Paused by player, Unpause by player
39   51:10.152      2:54:34.469    2:54:35.113    0.644      0.644      Paused by player, Unpause by player
40   51:11.002      2:54:35.937    2:54:36.835    0.898      0.898      Paused by player, Unpause by player
41   51:11.502      2:54:37.306    2:54:44.828    7.522      7.522      Paused by player, Unpause by player
42   51:12.152      2:54:45.481    2:54:49.603    4.122      4.122      Paused by player, Unpause by player
43   51:12.602      2:54:50.028    2:54:53.837    3.809      3.809      Paused by player, Unpause by player
44   52:28.002      2:56:09.225    2:56:09.526    0.301      0.301      Paused by player, Unpause by player
45   52:44.402      2:56:25.921    2:56:54.469    28.548     28.548     Paused by player, Unpause by player
46   52:45.802      2:56:55.878    2:57:57.444    61.566     61.566     Paused by player, Unpause by player
47   53:24.252      2:58:35.874    2:58:36.793    0.919      0.919      Paused by player, Unpause by player
48   53:33.352      2:58:45.914    2:59:38.084    52.170     52.170     Paused by player, Unpause by player
49   53:51.852      2:59:56.598    2:59:57.102    0.504      0.504      Paused by player, Unpause by player
50   53:58.552      3:00:03.768    3:00:13.549    9.781      9.781      Paused by player, Unpause by player
51   54:03.902      3:00:18.882    3:00:19.358    0.476      0.476      Paused by player, Unpause by player
52   54:45.652      3:01:01.077    3:01:14.764    13.687     13.687     Paused by player, Unpause by player
53   54:53.302      3:01:22.431    3:01:24.007    1.576      1.576      Paused by player, Unpause by player
54   55:28.702      3:01:59.399    3:02:01.130    1.731      1.731      Paused by player, Unpause by player
55   55:30.252      3:02:02.639    3:02:04.343    1.704      1.704      Paused by player, Unpause by player
56   55:30.952      3:02:05.043    3:02:06.135    1.092      1.092      Paused by player, Unpause by player
57   55:31.502      3:02:06.640    3:02:07.194    0.554      0.554      Paused by player, Unpause by player
58   55:31.952      3:02:07.657    3:03:28.148    80.491     80.491     Paused by player, Unpause by player
59   55:45.652      3:03:41.835    3:03:43.508    1.673      1.673      Paused by player, Unpause by player
60   56:06.552      3:04:04.403    3:04:11.096    6.693      6.693      Paused by player, Unpause by player
61   57:15.052      3:05:19.610    3:05:53.334    33.724     33.724     Paused by player, Unpause by player
62   57:50.802      3:06:29.075    3:06:32.386    3.311      3.311      Paused by player, Unpause by player
63   59:50.252      3:08:31.801    3:08:34.937    3.136      3.136      Paused by player, Unpause by player
64   59:58.002      3:08:42.665    3:08:43.464    0.799      0.799      Paused by player, Unpause by player
65   59:58.552      3:08:44.003    3:08:45.346    1.343      1.343      Paused by player, Unpause by player
66   59:59.452      3:08:46.237    3:08:46.823    0.586      0.586      Paused by player, Unpause by player
67   1:00:00.352    3:08:47.723    3:08:48.816    1.093      1.093      Paused by player, Unpause by player
68   1:00:01.352    3:08:49.819    3:08:54.290    4.471      4.471      Paused by player, Unpause by player
69   1:00:01.802    3:08:54.722    3:08:56.135    1.413      1.413      Paused by player, Unpause by player
70   1:00:04.252    3:08:58.550    3:08:59.798    1.248      1.248      Paused by player, Unpause by player
71   1:00:05.052    3:09:00.560    3:09:02.157    1.597      1.597      Paused by player, Unpause by player
72   1:00:06.052    3:09:03.122    3:09:04.699    1.577      1.577      Paused by player, Unpause by player
73   1:00:09.252    3:09:07.892    3:09:09.528    1.636      1.636      Paused by player, Unpause by player
74   1:00:09.602    3:09:09.878    3:09:10.768    0.890      0.890      Paused by player, Unpause by player
75   1:00:10.052    3:09:11.187    3:09:13.113    1.926      1.926      Paused by player, Unpause by player
76   1:00:11.752    3:09:14.792    3:09:16.272    1.480      1.480      Paused by player, Unpause by player
77   1:00:12.802    3:09:17.316    3:09:18.974    1.658      1.658      Paused by player, Unpause by player
78   1:00:13.702    3:09:19.862    3:09:22.702    2.840      2.840      Paused by player, Unpause by player
79   1:00:14.252    3:09:23.253    3:09:24.526    1.273      1.273      Paused by player, Unpause by player
80   1:00:14.702    3:09:24.953    3:09:26.954    2.001      2.001      Paused by player, Unpause by player
81   1:00:15.152    3:09:27.381    3:09:31.343    3.962      3.962      Paused by player, Unpause by player
82   1:00:21.402    3:09:37.558    3:09:38.492    0.934      0.934      Paused by player, Unpause by player
83   1:00:21.802    3:09:38.878    3:09:40.296    1.418      1.418      Paused by player, Unpause by player
84   1:00:23.802    3:09:42.262    3:09:42.922    0.660      0.660      Paused by player, Unpause by player
85   1:00:24.552    3:09:43.630    3:09:44.996    1.366      1.366      Paused by player, Unpause by player
86   1:00:27.402    3:09:47.834    3:09:48.425    0.591      0.591      Paused by player, Unpause by player
87   1:00:28.752    3:09:49.766    3:09:54.423    4.657      4.657      Paused by player, Unpause by player
88   1:00:29.952    3:09:55.610    3:09:56.878    1.268      1.268      Paused by player, Unpause by player
89   1:00:30.752    3:09:57.647    3:10:04.229    6.582      6.582      Paused by player, Unpause by player
90   1:00:33.302    3:10:06.757    3:10:07.022    0.265      0.265      Paused by player, Unpause by player
91   1:00:35.402    3:10:09.081    3:10:10.024    0.943      0.943      Paused by player, Unpause by player
92   1:00:35.752    3:10:10.339    3:10:11.890    1.551      1.551      Paused by player, Unpause by player
93   1:00:36.302    3:10:12.403    3:10:21.816    9.413      9.413      Paused by player, Unpause by player
94   1:00:38.502    3:10:24.016    3:10:25.110    1.094      1.094      Paused by player, Unpause by player
95   1:00:40.352    3:10:26.915    3:10:27.430    0.515      0.515      Paused by player, Unpause by player
96   1:00:42.402    3:10:29.473    3:10:31.302    1.829      1.829      Paused by player, Unpause by player
97   1:00:42.902    3:10:31.764    3:10:32.693    0.929      0.929      Paused by player, Unpause by player
98   1:00:44.202    3:10:33.974    3:10:34.758    0.784      0.784      Paused by player, Unpause by player
99   1:00:44.802    3:10:35.309    3:10:35.917    0.608      0.608      Paused by player, Unpause by player
100  1:00:45.202    3:10:36.311    3:10:37.393    1.082      1.082      Paused by player, Unpause by player
101  1:00:46.552    3:10:38.706    3:10:39.345    0.639      0.639      Paused by player, Unpause by player
102  1:00:46.952    3:10:39.717    3:10:40.089    0.372      0.372      Paused by player, Unpause by player
103  1:00:47.502    3:10:40.640    3:10:41.468    0.828      0.828      Paused by player, Unpause by player
104  1:00:48.302    3:10:42.241    3:10:45.087    2.846      2.846      Paused by player, Unpause by player
105  1:00:52.052    3:10:48.815    3:10:49.770    0.955      0.955      Paused by player, Unpause by player
106  1:00:52.702    3:10:50.389    3:10:51.500    1.111      1.111      Paused by player, Unpause by player
107  1:01:07.252    3:11:06.009    3:11:12.149    6.140      6.140      Paused by player, Unpause by player
108  1:01:38.052    3:11:42.917    3:11:51.397    8.480      8.480      Paused by player, Unpause by player
109  1:01:39.902    3:11:53.233    3:11:56.544    3.311      3.311      Paused by player, Unpause by player
110  1:01:43.602    3:12:00.221    3:13:14.152    73.931     73.931     Paused by player, Unpause by player
111  1:01:49.952    3:13:20.494    3:13:23.704    3.210      3.210      Paused by player, Unpause by player
112  1:01:55.752    3:13:29.483    3:14:20.788    51.305     51.305     Paused by player, Unpause by player
113  1:02:52.702    3:15:17.710    3:15:20.735    3.025      3.025      Paused by player, Unpause by player
114  1:02:53.752    3:15:21.781    3:15:22.629    0.848      0.848      Paused by player, Unpause by player
115  1:02:54.302    3:15:23.172    3:15:23.615    0.443      0.443      Paused by player, Unpause by player
116  1:02:54.652    3:15:23.967    3:15:25.001    1.034      1.034      Paused by player, Unpause by player
117  1:02:55.052    3:15:25.366    3:15:25.610    0.244      0.244      Paused by player, Unpause by player
118  1:02:55.352    3:15:25.876    3:15:26.084    0.208      0.208      Paused by player, Unpause by player
119  1:02:55.702    3:15:26.393    3:15:26.617    0.224      0.224      Paused by player, Unpause by player
120  1:02:56.402    3:15:27.296    3:15:27.499    0.203      0.203      Paused by player, Unpause by player
121  1:03:38.002    3:16:09.076    3:16:12.774    3.698      3.698      Paused by player, Unpause by player
122  1:03:38.452    3:16:13.201    3:16:14.746    1.545      1.545      Paused by player, Unpause by player
123  1:03:40.602    3:16:16.873    3:16:17.263    0.390      0.390      Paused by player, Unpause by player
124  1:03:40.952    3:16:17.600    3:16:18.123    0.523      0.523      Paused by player, Unpause by player
125  1:03:41.252    3:16:18.381    3:16:18.745    0.364      0.364      Paused by player, Unpause by player
126  1:03:41.752    3:16:19.241    3:16:19.701    0.460      0.460      Paused by player, Unpause by player
127  1:03:42.052    3:16:19.980    3:16:20.377    0.397      0.397      Paused by player, Unpause by player
128  1:03:42.352    3:16:20.658    3:16:21.065    0.407      0.407      Paused by player, Unpause by player
129  1:03:44.002    3:16:22.688    3:16:23.344    0.656      0.656      Paused by player, Unpause by player
130  1:03:44.852    3:16:24.158    3:16:24.524    0.366      0.366      Paused by player, Unpause by player
131  1:03:45.202    3:16:24.865    3:16:25.077    0.212      0.212      Paused by player, Unpause by player
132  1:03:45.952    3:16:25.809    3:16:27.184    1.375      1.375      Paused by player, Unpause by player
133  1:03:46.302    3:16:27.534    3:16:27.832    0.298      0.298      Paused by player, Unpause by player
134  1:03:46.602    3:16:28.083    3:16:28.357    0.274      0.274      Paused by player, Unpause by player
135  1:03:47.252    3:16:28.987    3:16:29.713    0.726      0.726      Paused by player, Unpause by player
136  1:03:52.202    3:16:34.617    3:16:39.554    4.937      4.937      Paused by player, Unpause by player
137  1:03:55.352    3:16:42.673    3:16:44.331    1.658      1.658      Paused by player, Unpause by player
138  1:03:55.952    3:16:44.888    3:16:46.461    1.573      1.573      Paused by player, Unpause by player
139  1:03:57.652    3:16:48.139    3:16:48.946    0.807      0.807      Paused by player, Unpause by player
140  1:04:01.802    3:16:53.065    3:16:55.099    2.034      2.034      Paused by player, Unpause by player
141  1:04:02.752    3:16:56.035    3:16:57.185    1.150      1.150      Paused by player, Unpause by player
142  1:04:04.952    3:16:59.371    3:17:00.604    1.233      1.233      Paused by player, Unpause by player
143  1:04:05.552    3:17:01.153    3:17:02.143    0.990      0.990      Paused by player, Unpause by player
144  1:04:41.352    3:17:37.907    3:17:38.566    0.659      0.659      Paused by player, Unpause by player
145  1:04:44.902    3:17:42.119    3:17:53.792    11.673     11.673     Paused by player, Unpause by player
146  1:04:58.802    3:18:07.668    3:19:11.659    63.991     63.991     Paused by player, Unpause by player
147  1:05:01.252    3:19:14.093    3:19:14.464    0.371      0.371      Paused by player, Unpause by player
148  1:05:01.652    3:19:14.823    3:19:15.083    0.260      0.260      Paused by player, Unpause by player
149  1:05:02.152    3:19:15.580    3:19:15.902    0.322      0.322      Paused by player, Unpause by player
150  1:05:02.502    3:19:16.222    3:19:16.431    0.209      0.209      Paused by player, Unpause by player
151  1:05:03.252    3:19:17.144    3:19:17.364    0.220      0.220      Paused by player, Unpause by player
152  1:05:03.552    3:19:17.653    3:19:18.076    0.423      0.423      Paused by player, Unpause by player
153  1:05:12.302    3:19:26.795    3:19:53.424    26.629     26.629     Paused by player, Unpause by player
154  1:05:23.702    3:20:04.806    3:20:06.168    1.362      1.362      Paused by player, Unpause by player
155  1:05:25.402    3:20:07.837    3:20:08.490    0.653      0.653      Paused by player, Unpause by player
156  1:05:27.102    3:20:10.149    3:20:10.738    0.589      0.589      Paused by player, Unpause by player
157  1:05:40.052    3:20:23.661    3:20:26.154    2.493      2.493      Paused by player, Unpause by player
158  1:05:41.702    3:20:27.778    3:20:28.955    1.177      1.177      Paused by player, Unpause by player
159  1:05:42.202    3:20:29.450    3:20:30.161    0.711      0.711      Paused by player, Unpause by player
160  1:05:42.602    3:20:30.542    3:20:31.499    0.957      0.957      Paused by player, Unpause by player
161  1:06:41.002    3:21:29.903    3:21:32.872    2.969      2.969      Paused by player, Unpause by player
162  1:07:01.352    3:21:53.205    3:21:57.331    4.126      4.126      Paused by player, Unpause by player
163  1:08:01.152    3:22:57.109    3:22:57.599    0.490      0.490      Paused by player, Unpause by player
164  1:08:01.602    3:22:58.033    3:22:58.752    0.719      0.719      Paused by player, Unpause by player
165  1:08:02.052    3:22:59.165    3:22:59.873    0.708      0.708      Paused by player, Unpause by player
166  1:08:02.602    3:23:00.377    3:23:00.862    0.485      0.485      Paused by player, Unpause by player
167  1:08:03.552    3:23:01.783    3:23:02.089    0.306      0.306      Paused by player, Unpause by player
168  1:08:04.002    3:23:02.504    3:23:03.704    1.200      1.200      Paused by player, Unpause by player
169  1:11:12.552    3:26:12.224    3:29:20.629    188.405    188.405    Paused by player, Unpause by player
170  1:11:18.402    3:29:26.499    3:29:29.873    3.374      3.374      Paused by player, Unpause by player
0    1:12:21.202    3:30:32.684    3:31:59.565    86.881                Paused by player, Unpause by changed look direction
1    1:12:25.966    3:32:04.315    3:32:34.944    30.629     30.629     Paused by player, Unpause by player
2    1:14:17.466    3:34:26.477    3:34:52.920    26.443     26.443     Paused by player, Unpause by player
3    1:14:41.866    3:35:17.278    3:35:19.200    1.922      1.922      Paused by player, Unpause by player
4    1:14:45.716    3:35:23.072    3:35:24.897    1.825      1.825      Paused by player, Unpause by player
5    1:16:22.116    3:37:01.283    3:37:03.194    1.911      1.911      Paused by player, Unpause by player
6    1:17:22.916    3:38:04.021    3:38:05.760    1.739      1.739      Paused by player, Unpause by player
7    1:18:16.266    3:38:59.100    3:39:38.801    39.701     39.701     Paused by player, Unpause by player
8    1:21:29.766    3:42:52.280    3:44:02.783    70.503     70.503     Paused by player, Unpause by player
9    1:22:03.716    3:44:36.734    3:44:36.858    0.124      0.124      Paused by player, Unpause by player
10   1:22:03.916    3:44:37.071    3:44:37.340    0.269      0.269      Paused by player, Unpause by player
11   1:23:03.316    3:45:36.718    3:45:41.272    4.554      4.554      Paused by player, Unpause by player
12   1:24:01.866    3:46:39.791    3:46:41.521    1.730      1.730      Paused by player, Unpause by player
13   1:37:28.116    4:00:07.776    4:00:09.528    1.752      1.752      Paused by player, Unpause by player
14   1:37:28.666    4:00:10.067    4:00:22.703    12.636     12.636     Paused by player, Unpause by player
15   1:40:39.116    4:03:33.175    4:04:12.733    39.558     39.558     Paused by player, Unpause by player
16   1:40:42.566    4:04:16.189    4:04:30.968    14.779     14.779     Paused by player, Unpause by player
17   1:41:17.916    4:05:06.339    4:05:09.303    2.964      2.964      Paused by player, Unpause by player
18   1:43:43.816    4:07:35.189    4:07:40.660    5.471      5.471      Paused by player, Unpause by player
19   1:44:06.416    4:08:03.230    4:08:20.293    17.063     17.063     Paused by player, Unpause by player
20   1:44:08.566    4:08:22.448    4:09:09.846    47.398     47.398     Paused by player, Unpause by player
21   1:44:13.516    4:09:14.802    4:09:29.352    14.550     14.550     Paused by player, Unpause by player
22   1:44:14.266    4:09:30.107    4:09:38.737    8.630      8.630      Paused by player, Unpause by player
23   1:44:15.966    4:09:40.407    4:09:44.042    3.635      3.635      Paused by player, Unpause by player
24   1:44:21.516    4:09:49.591    4:09:59.127    9.536      9.536      Paused by player, Unpause by player
25   1:44:27.866    4:10:05.476    4:10:09.869    4.393      4.393      Paused by player, Unpause by player
0    1:44:39.616    4:10:21.616    4:15:15.689    294.073               Paused by player, Unpause by rendered
1    1:46:38.014    4:17:14.127    4:17:16.012    1.885      1.885      Paused by player, Unpause by player
2    1:53:13.914    4:23:51.910    4:23:58.702    6.792      6.792      Paused by player, Unpause by player
3    1:54:35.314    4:25:20.055    4:25:25.527    5.472      5.472      Paused by player, Unpause by player
4    1:54:39.964    4:25:30.160    4:25:36.032    5.872      5.872      Paused by player, Unpause by player
5    1:54:45.314    4:25:41.343    4:25:44.079    2.736      2.736      Paused by player, Unpause by player
6    1:57:01.864    4:28:00.607    4:28:06.099    5.492      5.492      Paused by player, Unpause by player
7    1:57:11.964    4:28:16.177    4:28:19.984    3.807      3.807      Paused by player, Unpause by player
8    1:57:14.414    4:28:22.402    4:28:27.948    5.546      5.546      Paused by player, Unpause by player
9    1:57:26.914    4:28:40.427    4:28:55.517    15.090     15.090     Paused by player, Unpause by player
10   1:58:44.114    4:30:12.700    4:30:16.564    3.864      3.864      Paused by player, Unpause by player
11   1:58:53.964    4:30:26.428    4:31:31.717    65.289     65.289     Paused by player, Unpause by player
12   1:59:00.064    4:31:37.795    4:31:45.140    7.345      7.345      Paused by player, Unpause by player
13   1:59:29.764    4:32:14.867    4:32:25.241    10.374     10.374     Paused by player, Unpause by player
14   2:00:01.414    4:32:56.887    4:33:19.238    22.351     22.351     Paused by player, Unpause by player
15   2:01:17.414    4:34:35.208    4:34:44.693    9.485      9.485      Paused by player, Unpause by player
16   2:02:10.814    4:35:38.083    4:36:12.304    34.221     34.221     Paused by player, Unpause by player
17   2:02:47.964    4:36:49.409    4:36:55.460    6.051      6.051      Paused by player, Unpause by player
0    2:04:49.414    4:38:56.909    4:42:06.348    189.439               Paused by player, Unpause by changed look direction
0    2:04:57.966    4:42:14.859    4:42:16.912    2.053                 Paused by player, Unpause by rendered
1    2:08:41.760    4:46:00.684    4:46:11.777    11.093     11.093     Paused by player, Unpause by player
2    2:08:43.210    4:46:13.194    4:46:18.685    5.491      5.491      Paused by player, Unpause by player
3    2:08:44.560    4:46:20.008    4:46:34.862    14.854     14.854     Paused by player, Unpause by player
0    2:09:11.760    4:47:02.033    4:47:16.398    14.365                Paused by player, Unpause by rendered
1    2:12:06.533    4:50:11.166    4:50:46.803    35.637     35.637     Paused by player, Unpause by player
2    2:12:10.533    4:50:50.767    4:50:59.355    8.588      8.588      Paused by player, Unpause by player
3    2:12:16.933    4:51:05.732    4:51:22.375    16.643     16.643     Paused by player, Unpause by player
4    2:12:28.033    4:51:33.476    4:52:01.614    28.138     28.138     Paused by player, Unpause by player
5    2:12:34.333    4:52:07.934    4:52:37.801    29.867     29.867     Paused by player, Unpause by player
6    2:12:38.933    4:52:42.382    4:53:02.014    19.632     19.632     Paused by player, Unpause by player
7    2:12:41.483    4:53:04.602    4:53:05.875    1.273      1.273      Paused by player, Unpause by player
8    2:13:04.583    4:53:28.951    4:53:29.520    0.569      0.569      Paused by player, Unpause by player
9    2:18:15.583    4:58:40.480    4:58:43.390    2.910      2.910      Paused by player, Unpause by player
10   2:18:25.733    4:58:53.535    5:00:01.234    67.699     67.699     Paused by player, Unpause by player
11   2:18:31.233    5:00:06.733    5:00:36.574    29.841     29.841     Paused by player, Unpause by player
12   2:19:36.633    5:01:41.934    5:01:42.996    1.062      1.062      Paused by player, Unpause by player
13   2:19:36.983    5:01:43.339    5:01:46.890    3.551      3.551      Paused by player, Unpause by player
14   2:19:53.433    5:02:03.333    5:02:12.360    9.027      9.027      Paused by player, Unpause by player
15   2:20:48.733    5:03:07.626    5:03:42.913    35.287     35.287     Paused by player, Unpause by player
16   2:20:52.733    5:03:46.888    5:04:03.132    16.244     16.244     Paused by player, Unpause by player
17   2:20:55.633    5:04:06.017    5:04:08.336    2.319      2.319      Paused by player, Unpause by player
18   2:20:55.683    5:04:08.382    5:04:08.789    0.407      0.407      Paused by player, Unpause by player
19   2:20:57.833    5:04:10.939    5:04:44.951    34.012     34.012     Paused by player, Unpause by player
20   2:20:58.833    5:04:45.941    5:04:58.932    12.991     12.991     Paused by player, Unpause by player
21   2:20:59.583    5:04:59.678    5:05:39.669    39.991     39.991     Paused by player, Unpause by player
22   2:21:04.483    5:05:44.527    5:05:51.619    7.092      7.092      Paused by player, Unpause by player
23   2:21:07.733    5:05:54.827    5:06:17.050    22.223     22.223     Paused by player, Unpause by player
24   2:23:31.183    5:08:40.488    5:08:50.198    9.710      9.710      Paused by player, Unpause by player
25   2:23:31.983    5:08:50.974    5:08:56.922    5.948      5.948      Paused by player, Unpause by player
26   2:23:32.783    5:08:57.696    5:09:02.901    5.205      5.205      Paused by player, Unpause by player
27   2:24:36.733    5:10:06.817    5:10:07.638    0.821      0.821      Paused by player, Unpause by player
28   2:24:39.233    5:10:10.131    5:10:13.389    3.258      3.258      Paused by player, Unpause by player
29   2:24:39.783    5:10:13.926    5:10:26.690    12.764     12.764     Paused by player, Unpause by player
30   2:24:40.333    5:10:27.210    5:10:29.246    2.036      2.036      Paused by player, Unpause by player
31   2:24:40.733    5:10:29.630    5:10:30.863    1.233      1.233      Paused by player, Unpause by player
32   2:24:41.083    5:10:31.165    5:10:40.626    9.461      9.461      Paused by player, Unpause by player
33   2:24:41.583    5:10:41.121    5:10:46.570    5.449      5.449      Paused by player, Unpause by player
34   2:24:42.733    5:10:47.712    5:10:51.377    3.665      3.665      Paused by player, Unpause by player
35   2:24:44.283    5:10:52.910    5:10:54.362    1.452      1.452      Paused by player, Unpause by player
36   2:24:44.633    5:10:54.685    5:10:55.577    0.892      0.892      Paused by player, Unpause by player
37   2:24:44.933    5:10:55.855    5:11:01.725    5.870      5.870      Paused by player, Unpause by player
38   2:24:45.933    5:11:02.684    5:11:06.678    3.994      3.994      Paused by player, Unpause by player
39   2:25:04.383    5:11:25.095    5:11:38.051    12.956     12.956     Paused by player, Unpause by player
40   2:25:05.633    5:11:39.257    5:11:41.873    2.616      2.616      Paused by player, Unpause by player
41   2:25:25.383    5:12:01.612    5:12:06.132    4.520      4.520      Paused by player, Unpause by player
42   2:25:25.783    5:12:06.503    5:12:23.576    17.073     17.073     Paused by player, Unpause by player
43   2:25:26.133    5:12:23.922    5:12:24.485    0.563      0.563      Paused by player, Unpause by player
44   2:25:26.483    5:12:24.822    5:12:25.283    0.461      0.461      Paused by player, Unpause by player
45   2:25:47.283    5:12:46.055    5:12:48.755    2.700      2.700      Paused by player, Unpause by player
46   2:25:47.633    5:12:49.078    5:12:49.689    0.611      0.611      Paused by player, Unpause by player
47   2:25:48.683    5:12:50.696    5:12:51.260    0.564      0.564      Paused by player, Unpause by player
48   2:25:48.883    5:12:51.448    5:12:51.957    0.509      0.509      Paused by player, Unpause by player
49   2:25:49.133    5:12:52.188    5:12:52.854    0.666      0.666      Paused by player, Unpause by player
50   2:25:49.533    5:12:53.220    5:12:53.829    0.609      0.609      Paused by player, Unpause by player
51   2:25:49.933    5:12:54.181    5:12:55.005    0.824      0.824      Paused by player, Unpause by player
52   2:26:00.783    5:13:05.833    5:13:07.199    1.366      1.366      Paused by player, Unpause by player
53   2:26:01.133    5:13:07.512    5:13:08.063    0.551      0.551      Paused by player, Unpause by player
54   2:26:01.483    5:13:08.375    5:13:27.829    19.454     19.454     Paused by player, Unpause by player
55   2:26:01.933    5:13:28.239    5:13:33.898    5.659      5.659      Paused by player, Unpause by player
56   2:26:02.333    5:13:34.299    5:13:38.437    4.138      4.138      Paused by player, Unpause by player
57   2:26:02.883    5:13:38.945    5:13:44.818    5.873      5.873      Paused by player, Unpause by player
58   2:26:03.383    5:13:45.306    5:13:48.446    3.140      3.140      Paused by player, Unpause by player
59   2:26:03.783    5:13:48.847    5:13:51.493    2.646      2.646      Paused by player, Unpause by player
60   2:26:04.283    5:13:51.942    5:13:53.062    1.120      1.120      Paused by player, Unpause by player
61   2:26:04.733    5:13:53.495    5:13:55.286    1.791      1.791      Paused by player, Unpause by player
62   2:26:05.083    5:13:55.630    5:13:57.072    1.442      1.442      Paused by player, Unpause by player
63   2:26:05.333    5:13:57.323    5:13:57.592    0.269      0.269      Paused by player, Unpause by player
64   2:26:05.583    5:13:57.818    5:13:59.912    2.094      2.094      Paused by player, Unpause by player
65   2:26:06.033    5:14:00.342    5:14:01.903    1.561      1.561      Paused by player, Unpause by player
66   2:26:06.283    5:14:02.125    5:14:03.464    1.339      1.339      Paused by player, Unpause by player
67   2:26:06.683    5:14:03.846    5:14:04.162    0.316      0.316      Paused by player, Unpause by player
68   2:26:06.983    5:14:04.424    5:14:04.665    0.241      0.241      Paused by player, Unpause by player
69   2:26:07.283    5:14:04.935    5:14:05.170    0.235      0.235      Paused by player, Unpause by player
70   2:26:07.533    5:14:05.407    5:14:05.636    0.229      0.229      Paused by player, Unpause by player
71   2:26:08.283    5:14:06.340    5:14:06.610    0.270      0.270      Paused by player, Unpause by player
72   2:26:08.533    5:14:06.842    5:14:07.844    1.002      1.002      Paused by player, Unpause by player
73   2:26:08.833    5:14:08.124    5:14:10.711    2.587      2.587      Paused by player, Unpause by player
74   2:26:09.333    5:14:11.208    5:14:12.644    1.436      1.436      Paused by player, Unpause by player
75   2:26:09.933    5:14:13.203    5:14:14.371    1.168      1.168      Paused by player, Unpause by player
76   2:26:10.533    5:14:14.958    5:14:15.959    1.001      1.001      Paused by player, Unpause by player
77   2:26:11.683    5:14:17.097    5:14:22.369    5.272      5.272      Paused by player, Unpause by player
78   2:26:14.883    5:14:25.529    5:14:26.423    0.894      0.894      Paused by player, Unpause by player
79   2:26:17.983    5:14:29.488    5:14:31.681    2.193      2.193      Paused by player, Unpause by player
80   2:26:18.183    5:14:31.880    5:15:26.785    54.905     54.905     Paused by player, Unpause by player
81   2:26:18.583    5:15:27.154    5:15:29.419    2.265      2.265      Paused by player, Unpause by player
82   2:26:20.083    5:15:30.870    5:15:32.476    1.606      1.606      Paused by player, Unpause by player
83   2:26:21.133    5:15:33.523    5:15:35.564    2.041      2.041      Paused by player, Unpause by player
84   2:26:21.533    5:15:35.920    5:15:36.589    0.669      0.669      Paused by player, Unpause by player
85   2:26:53.283    5:16:08.322    5:16:16.359    8.037      8.037      Paused by player, Unpause by player
86   2:26:53.683    5:16:16.758    5:16:17.222    0.464      0.464      Paused by player, Unpause by player
87   2:26:54.083    5:16:17.604    5:16:19.733    2.129      2.129      Paused by player, Unpause by player
88   2:26:54.383    5:16:19.991    5:16:20.380    0.389      0.389      Paused by player, Unpause by player
89   2:26:58.183    5:16:24.148    5:16:27.619    3.471      3.471      Paused by player, Unpause by player
90   2:27:13.383    5:16:42.813    5:16:44.148    1.335      1.335      Paused by player, Unpause by player
91   2:27:14.083    5:16:44.803    5:16:45.697    0.894      0.894      Paused by player, Unpause by player
92   2:27:14.633    5:16:46.206    5:16:51.838    5.632      5.632      Paused by player, Unpause by player
93   2:27:59.033    5:17:36.216    5:18:15.512    39.296     39.296     Paused by player, Unpause by player
94   2:28:16.183    5:18:32.676    5:18:33.116    0.440      0.440      Paused by player, Unpause by player
95   2:28:20.633    5:18:37.555    5:18:38.717    1.162      1.162      Paused by player, Unpause by player
96   2:28:20.983    5:18:39.071    5:19:12.300    33.229     33.229     Paused by player, Unpause by player
97   2:28:57.833    5:19:49.181    5:19:56.034    6.853      6.853      Paused by player, Unpause by player
98   2:29:03.183    5:20:01.383    5:20:51.316    49.933     49.933     Paused by player, Unpause by player
99   2:29:56.783    5:21:44.881    5:21:54.659    9.778      9.778      Paused by player, Unpause by player
100  2:30:20.483    5:22:18.342    5:22:22.898    4.556      4.556      Paused by player, Unpause by player
101  2:30:45.433    5:22:47.824    5:23:01.390    13.566     13.566     Paused by player, Unpause by player
102  2:31:51.383    5:24:07.295    5:24:07.624    0.329      0.329      Paused by player, Unpause by player
103  2:32:24.233    5:24:40.450    5:24:49.013    8.563      8.563      Paused by player, Unpause by player
104  2:32:36.283    5:25:01.040    5:25:16.958    15.918     15.918     Paused by player, Unpause by player
105  2:32:39.883    5:25:20.554    5:25:23.384    2.830      2.830      Paused by player, Unpause by player
106  2:32:40.283    5:25:23.746    5:25:32.070    8.324      8.324      Paused by player, Unpause by player
107  2:32:40.683    5:25:32.459    5:25:46.523    14.064     14.064     Paused by player, Unpause by player
108  2:32:56.333    5:26:02.145    5:26:15.563    13.418     13.418     Paused by player, Unpause by player
109  2:33:00.433    5:26:19.616    5:26:41.594    21.978     21.978     Paused by player, Unpause by player
110  2:33:01.033    5:26:42.167    5:26:49.050    6.883      6.883      Paused by player, Unpause by player
111  2:33:01.783    5:26:49.791    5:26:50.970    1.179      1.179      Paused by player, Unpause by player
112  2:33:02.183    5:26:51.328    5:26:52.247    0.919      0.919      Paused by player, Unpause by player
113  2:33:29.933    5:27:20.024    5:27:26.676    6.652      6.652      Paused by player, Unpause by player
114  2:33:51.183    5:27:47.917    5:28:03.295    15.378     15.378     Paused by player, Unpause by player
115  2:34:06.933    5:28:19.003    5:28:28.665    9.662      9.662      Paused by player, Unpause by player
116  2:34:12.083    5:28:33.812    5:28:38.393    4.581      4.581      Paused by player, Unpause by player
117  2:34:13.083    5:28:39.363    5:28:44.531    5.168      5.168      Paused by player, Unpause by player
118  2:34:13.533    5:28:44.977    5:28:48.782    3.805      3.805      Paused by player, Unpause by player
119  2:34:45.983    5:29:21.216    5:29:21.769    0.553      0.553      Paused by player, Unpause by player
120  2:34:46.483    5:29:22.249    5:29:25.654    3.405      3.405      Paused by player, Unpause by player
121  2:34:47.383    5:29:26.528    5:29:27.130    0.602      0.602      Paused by player, Unpause by player
122  2:34:47.733    5:29:27.449    5:29:31.714    4.265      4.265      Paused by player, Unpause by player
123  2:36:19.133    5:31:03.140    5:31:15.073    11.933     11.933     Paused by player, Unpause by player
124  2:37:29.483    5:32:25.429    5:32:44.193    18.764     18.764     Paused by player, Unpause by player
125  2:39:44.183    5:34:58.876    5:35:02.613    3.737      3.737      Paused by player, Unpause by player
126  2:41:44.333    5:37:02.772    5:37:13.753    10.981     10.981     Paused by player, Unpause by player
127  2:42:54.033    5:38:23.444    5:38:24.948    1.504      1.504      Paused by player, Unpause by player
128  2:42:54.383    5:38:25.281    5:38:26.653    1.372      1.372      Paused by player, Unpause by player
129  2:42:54.983    5:38:27.213    5:38:27.403    0.190      0.190      Paused by player, Unpause by player
130  2:42:55.683    5:38:28.065    5:38:28.241    0.176      0.176      Paused by player, Unpause by player
131  2:42:56.283    5:38:28.828    5:38:29.245    0.417      0.417      Paused by player, Unpause by player
132  2:42:56.933    5:38:29.866    5:38:32.011    2.145      2.145      Paused by player, Unpause by player
133  2:42:57.483    5:38:32.533    5:38:34.710    2.177      2.177      Paused by player, Unpause by player
134  2:42:58.183    5:38:35.405    5:38:36.383    0.978      0.978      Paused by player, Unpause by player
135  2:42:58.933    5:38:37.095    5:38:38.970    1.875      1.875      Paused by player, Unpause by player
136  2:43:13.633    5:38:53.660    5:39:12.056    18.396     18.396     Paused by player, Unpause by player
137  2:43:34.533    5:39:32.946    5:39:38.151    5.205      5.205      Paused by player, Unpause by player
138  2:44:08.983    5:40:12.591    5:40:13.171    0.580      0.580      Paused by player, Unpause by player
139  2:44:09.433    5:40:13.576    5:40:15.364    1.788      1.788      Paused by player, Unpause by player
140  2:44:09.983    5:40:15.881    5:40:23.038    7.157      7.157      Paused by player, Unpause by player
141  2:44:10.733    5:40:23.743    5:40:24.765    1.022      1.022      Paused by player, Unpause by player
142  2:44:11.183    5:40:25.198    5:40:27.127    1.929      1.929      Paused by player, Unpause by player
143  2:44:11.683    5:40:27.630    5:40:33.117    5.487      5.487      Paused by player, Unpause by player
144  2:44:13.233    5:40:34.634    5:40:35.743    1.109      1.109      Paused by player, Unpause by player
145  2:44:13.683    5:40:36.198    5:40:38.303    2.105      2.105      Paused by player, Unpause by player
146  2:44:14.233    5:40:38.846    5:40:40.543    1.697      1.697      Paused by player, Unpause by player
147  2:44:15.683    5:40:41.988    5:40:43.738    1.750      1.750      Paused by player, Unpause by player
148  2:44:16.683    5:40:44.738    5:40:45.254    0.516      0.516      Paused by player, Unpause by player
149  2:44:17.183    5:40:45.731    5:40:46.114    0.383      0.383      Paused by player, Unpause by player
150  2:44:18.483    5:40:47.409    5:40:48.755    1.346      1.346      Paused by player, Unpause by player
151  2:44:19.733    5:40:50.001    5:40:53.475    3.474      3.474      Paused by player, Unpause by player
152  2:44:20.233    5:40:53.945    5:40:59.497    5.552      5.552      Paused by player, Unpause by player
153  2:45:02.583    5:41:41.815    5:41:58.005    16.190     16.190     Paused by player, Unpause by player
154  2:45:13.333    5:42:08.769    5:42:09.328    0.559      0.559      Paused by player, Unpause by player
155  2:45:13.683    5:42:09.652    5:42:10.408    0.756                 Paused by player, Unpause by player / changed option
156  2:45:37.183    5:42:33.874    5:42:40.611    6.737      6.737      Paused by player, Unpause by player
157  2:45:41.533    5:42:44.940    5:42:45.247    0.307      0.307      Paused by player, Unpause by player
158  2:46:09.883    5:43:13.567    5:43:17.345    3.778      3.778      Paused by player, Unpause by player
159  2:46:39.783    5:43:47.236    5:44:08.199    20.963     20.963     Paused by player, Unpause by player
160  2:46:45.383    5:44:13.775    5:44:15.271    1.496      1.496      Paused by player, Unpause by player
161  2:46:51.333    5:44:21.198    5:44:25.053    3.855      3.855      Paused by player, Unpause by player
162  2:46:51.733    5:44:25.421    5:44:30.739    5.318      5.318      Paused by player, Unpause by player
163  2:46:52.183    5:44:31.190    5:44:31.720    0.530      0.530      Paused by player, Unpause by player
164  2:46:52.933    5:44:32.436    5:44:32.632    0.196      0.196      Paused by player, Unpause by player
165  2:46:53.483    5:44:33.150    5:44:33.362    0.212      0.212      Paused by player, Unpause by player
166  2:46:53.983    5:44:33.861    5:44:34.075    0.214      0.214      Paused by player, Unpause by player
167  2:46:54.483    5:44:34.563    5:44:35.789    1.226      1.226      Paused by player, Unpause by player
168  2:46:55.083    5:44:36.352    5:44:36.614    0.262      0.262      Paused by player, Unpause by player
169  2:46:55.733    5:44:37.258    5:44:39.364    2.106      2.106      Paused by player, Unpause by player
170  2:46:56.133    5:44:39.754    5:44:41.806    2.052      2.052      Paused by player, Unpause by player
171  2:47:05.933    5:44:51.587    5:44:54.730    3.143      3.143      Paused by player, Unpause by player
172  2:47:33.283    5:45:22.101    5:45:23.062    0.961      0.961      Paused by player, Unpause by player
173  2:47:39.783    5:45:29.536    5:45:41.152    11.616     11.616     Paused by player, Unpause by player
174  2:47:41.033    5:45:42.357    5:45:43.215    0.858      0.858      Paused by player, Unpause by player
175  2:49:49.233    5:47:51.425    5:49:02.256    70.831     70.831     Paused by player, Unpause by player
176  2:50:14.433    5:49:27.420    5:49:35.870    8.450      8.450      Paused by player, Unpause by player
177  2:50:15.583    5:49:36.982    5:49:45.587    8.605      8.605      Paused by player, Unpause by player
178  2:50:16.633    5:49:46.599    5:49:48.482    1.883      1.883      Paused by player, Unpause by player
179  2:51:22.983    5:50:54.804    5:51:04.615    9.811      9.811      Paused by player, Unpause by player
180  2:52:05.033    5:51:46.627    5:51:56.375    9.748      9.748      Paused by player, Unpause by player
181  2:52:34.133    5:52:25.432    5:52:34.129    8.697      8.697      Paused by player, Unpause by player
182  2:52:55.183    5:52:55.149    5:52:57.211    2.062      2.062      Paused by player, Unpause by player
183  2:53:00.333    5:53:02.359    5:53:16.648    14.289     14.289     Paused by player, Unpause by player
184  2:53:10.933    5:53:27.207    5:53:31.574    4.367      4.367      Paused by player, Unpause by player
185  2:53:17.433    5:53:38.065    5:53:43.735    5.670      5.670      Paused by player, Unpause by player
186  2:53:27.283    5:53:53.552    5:53:56.614    3.062      3.062      Paused by player, Unpause by player
0    2:56:23.433    5:56:52.772    5:56:55.577    2.805                 Paused by player, Unpause by rendered
1    2:57:16.830    5:57:48.963    5:57:52.357    3.394      3.394      Paused by player, Unpause by player
2    2:57:24.880    5:58:00.386    5:58:05.510    5.124      5.124      Paused by player, Unpause by player
3    2:57:36.980    5:58:17.611    5:58:23.985    6.374      6.374      Paused by player, Unpause by player
4    2:58:11.430    5:58:58.411    5:59:00.837    2.426      2.426      Paused by player, Unpause by player
5    2:58:12.180    5:59:01.583    5:59:03.126    1.543      1.543      Paused by player, Unpause by player
6    2:58:12.680    5:59:03.628    5:59:04.929    1.301      1.301      Paused by player, Unpause by player
7    2:58:13.280    5:59:05.526    5:59:06.758    1.232      1.232      Paused by player, Unpause by player
8    2:58:43.780    5:59:37.225    5:59:37.561    0.336      0.336      Paused by player, Unpause by player
9    2:58:44.230    5:59:37.990    5:59:57.198    19.208     19.208     Paused by player, Unpause by player
10   2:58:57.080    6:00:10.018    6:00:14.380    4.362      4.362      Paused by player, Unpause by player
11   2:58:59.080    6:00:16.349    6:00:16.705    0.356      0.356      Paused by player, Unpause by player
12   2:58:59.380    6:00:16.966    6:00:17.285    0.319      0.319      Paused by player, Unpause by player
13   2:59:52.730    6:01:10.665    6:01:10.712    0.047                 Paused by changed dimension, Unpause by moved mouse
14   2:59:58.774    6:01:16.755    6:01:21.461    4.706      4.706      Paused by player, Unpause by player
15   2:59:59.024    6:01:21.700    6:04:11.436    169.736    169.736    Paused by player, Unpause by player
16   2:59:59.724    6:04:12.133    6:04:13.662    1.529      1.529      Paused by player, Unpause by player
17   3:00:00.274    6:04:14.215    6:04:14.367    0.152                 Paused by changed dimension, Unpause by rendered
18   3:00:16.976    6:04:31.066    6:04:31.104    0.038                 Paused by changed dimension, Unpause by changed look direction
19   3:00:17.776    6:04:31.837    6:04:36.558    4.721      4.721      Paused by player, Unpause by player
20   3:00:18.376    6:04:37.165    6:04:37.282    0.117                 Paused by changed dimension, Unpause by rendered
21   3:00:24.474    6:04:43.365    6:04:43.502    0.137                 Paused by changed dimension, Unpause by rendered
22   3:00:24.933    6:04:43.966    6:04:46.673    2.707      2.707      Paused by player, Unpause by player
23   3:00:24.983    6:04:46.714    6:04:46.798    0.084                 Paused by changed dimension, Unpause by changed look direction
24   3:00:32.937    6:04:54.716    6:04:54.802    0.086                 Paused by changed dimension, Unpause by rendered
25   3:00:32.987    6:04:54.817    6:04:54.894    0.077                 Paused by changed dimension, Unpause by rendered
26   3:02:16.772    6:06:38.658    6:06:41.768    3.110      3.110      Paused by player, Unpause by player
27   3:02:18.722    6:06:43.696    6:06:44.350    0.654      0.654      Paused by player, Unpause by player
28   3:02:19.472    6:06:45.069    6:06:46.114    1.045      1.045      Paused by player, Unpause by player
29   3:02:19.822    6:06:46.434    6:06:47.719    1.285      1.285      Paused by player, Unpause by player
30   3:02:20.172    6:06:48.055    6:06:48.876    0.821      0.821      Paused by player, Unpause by player
31   3:02:20.922    6:06:49.593    6:06:54.009    4.416      4.416      Paused by player, Unpause by player
32   3:02:30.372    6:07:03.456    6:07:04.019    0.563      0.563      Paused by player, Unpause by player
33   3:02:30.822    6:07:04.453    6:07:05.203    0.750      0.750      Paused by player, Unpause by player
34   3:02:31.222    6:07:05.584    6:07:06.948    1.364      1.364      Paused by player, Unpause by player
35   3:02:32.022    6:07:07.711    6:07:08.039    0.328      0.328      Paused by player, Unpause by player
36   3:02:32.672    6:07:08.671    6:07:09.456    0.785      0.785      Paused by player, Unpause by player
37   3:02:32.972    6:07:09.748    6:07:10.350    0.602      0.602      Paused by player, Unpause by player
38   3:02:33.922    6:07:11.293    6:07:14.923    3.630      3.630      Paused by player, Unpause by player
39   3:02:37.722    6:07:18.677    6:07:19.147    0.470      0.470      Paused by player, Unpause by player
40   3:02:38.172    6:07:19.583    6:07:20.015    0.432      0.432      Paused by player, Unpause by player
41   3:02:38.672    6:07:20.511    6:07:21.000    0.489      0.489      Paused by player, Unpause by player
42   3:02:55.772    6:07:38.064    6:07:38.163    0.099                 Paused by changed dimension, Unpause by rendered
43   3:02:55.773    6:07:38.169    6:07:38.252    0.083                 Paused by changed dimension, Unpause by rendered
0    3:03:00.212    6:07:42.679    6:08:10.382    27.703                Paused by player, Unpause by rendered
1    3:03:06.207    6:08:16.389    6:08:16.450    0.061                 Paused by changed dimension, Unpause by rendered
2    3:03:06.199    6:08:16.459    6:08:16.592    0.133                 Paused by changed dimension, Unpause by rendered
3    3:03:39.593    6:08:49.987    6:08:52.764    2.777      2.777      Paused by player, Unpause by player
4    3:05:10.443    6:10:23.615    6:10:54.800    31.185     31.185     Paused by player, Unpause by player
5    3:06:19.443    6:12:03.754    6:12:04.851    1.097      1.097      Paused by player, Unpause by player
6    3:06:20.043    6:12:05.408    6:12:07.119    1.711      1.711      Paused by player, Unpause by player
7    3:06:20.393    6:12:07.465    6:12:12.238    4.773      4.773      Paused by player, Unpause by player
8    3:06:21.243    6:12:13.062    6:12:26.280    13.218     13.218     Paused by player, Unpause by player
9    3:06:51.893    6:12:56.886    6:13:23.311    26.425     26.425     Paused by player, Unpause by player
10   3:07:06.993    6:13:38.391    6:13:51.210    12.819     12.819     Paused by player, Unpause by player
11   3:07:20.993    6:14:05.188    6:14:28.041    22.853     22.853     Paused by player, Unpause by player
12   3:07:33.143    6:14:40.153    6:14:40.891    0.738      0.738      Paused by player, Unpause by player
13   3:07:33.543    6:14:41.264    6:14:41.974    0.710      0.710      Paused by player, Unpause by player
14   3:07:34.093    6:14:42.481    6:14:42.936    0.455      0.455      Paused by player, Unpause by player
15   3:07:35.493    6:14:44.340    6:14:44.837    0.497      0.497      Paused by player, Unpause by player
16   3:07:35.843    6:14:45.186    6:14:52.426    7.240      7.240      Paused by player, Unpause by player
17   3:07:58.893    6:15:15.439    6:15:16.332    0.893      0.893      Paused by player, Unpause by player
18   3:07:59.693    6:15:17.100    6:15:24.836    7.736      7.736      Paused by player, Unpause by player
19   3:08:17.493    6:15:42.614    6:15:52.559    9.945      9.945      Paused by player, Unpause by player
20   3:08:44.443    6:16:19.494    6:16:23.013    3.519      3.519      Paused by player, Unpause by player
21   3:09:01.093    6:16:39.626    6:16:40.632    1.006      1.006      Paused by player, Unpause by player
22   3:09:01.593    6:16:41.088    6:16:58.365    17.277     17.277     Paused by player, Unpause by player
23   3:09:03.193    6:16:59.941    6:17:24.725    24.784     24.784     Paused by player, Unpause by player
24   3:09:10.093    6:17:31.611    6:17:32.635    1.024      1.024      Paused by player, Unpause by player
25   3:09:18.443    6:17:40.943    6:17:51.183    10.240     10.240     Paused by player, Unpause by player
26   3:09:35.143    6:18:07.853    6:18:08.404    0.551      0.551      Paused by player, Unpause by player
27   3:09:35.443    6:18:08.676    6:18:08.990    0.314      0.314      Paused by player, Unpause by player
28   3:09:35.643    6:18:09.189    6:18:10.756    1.567      1.567      Paused by player, Unpause by player
29   3:09:36.443    6:18:11.535    6:18:12.106    0.571      0.571      Paused by player, Unpause by player
30   3:09:36.793    6:18:12.411    6:18:18.491    6.080      6.080      Paused by player, Unpause by player
31   3:09:37.343    6:18:19.022    6:18:19.249    0.227      0.227      Paused by player, Unpause by player
32   3:09:37.643    6:18:19.543    6:18:22.702    3.159      3.159      Paused by player, Unpause by player
33   3:09:46.343    6:18:31.393    6:18:31.837    0.444      0.444      Paused by player, Unpause by player
34   3:10:21.443    6:19:06.923    6:19:16.698    9.775      9.775      Paused by player, Unpause by player
35   3:10:50.643    6:19:45.888    6:19:45.979    0.091                 Paused by changed dimension, Unpause by rendered
36   3:10:50.630    6:19:45.995    6:19:46.070    0.075                 Paused by changed dimension, Unpause by rendered
37   3:11:18.076    6:20:13.510    6:20:19.511    6.001      6.001      Paused by player, Unpause by player
38   3:11:37.076    6:20:38.471    6:20:48.138    9.667      9.667      Paused by player, Unpause by player
39   3:12:11.376    6:21:22.427    6:21:25.459    3.032      3.032      Paused by player, Unpause by player
40   3:12:33.926    6:21:48.010    6:21:51.016    3.006      3.006      Paused by player, Unpause by player
41   3:13:25.126    6:22:42.214    6:22:47.303    5.089      5.089      Paused by player, Unpause by player
42   3:13:49.726    6:23:11.858    6:23:18.975    7.117      7.117      Paused by player, Unpause by player
43   3:14:43.126    6:24:12.367    6:24:16.861    4.494      4.494      Paused by player, Unpause by player
44   3:14:53.676    6:24:27.403    6:24:29.586    2.183      2.183      Paused by player, Unpause by player
45   3:15:06.076    6:24:41.989    6:24:45.663    3.674      3.674      Paused by player, Unpause by player
46   3:15:15.176    6:24:54.742    6:24:58.373    3.631      3.631      Paused by player, Unpause by player
47   3:15:43.226    6:25:26.415    6:25:27.107    0.692      0.692      Paused by player, Unpause by player
48   3:15:49.626    6:25:33.512    6:25:34.104    0.592      0.592      Paused by player, Unpause by player
0    3:16:01.276    6:25:45.799    6:26:53.390    67.591                Paused by player, Unpause by rendered
1    3:16:44.623    6:27:36.740    6:27:37.788    1.048      1.048      Paused by player, Unpause by player
2    3:16:57.073    6:27:50.225    6:27:51.641    1.416      1.416      Paused by player, Unpause by player
3    3:16:57.423    6:27:51.958    6:27:53.049    1.091      1.091      Paused by player, Unpause by player
4    3:17:33.723    6:28:29.365    6:29:44.157    74.792     74.792     Paused by player, Unpause by player
5    3:17:38.623    6:29:49.084    6:29:52.616    3.532      3.532      Paused by player, Unpause by player
6    3:17:38.773    6:29:52.774    6:29:53.322    0.548      0.548      Paused by player, Unpause by player
7    3:18:19.473    6:30:33.976    6:30:52.242    18.266     18.266     Paused by player, Unpause by player
0    3:21:38.173    6:34:10.951    6:38:28.049    257.098               Paused by player, Unpause by changed look direction
1    3:23:03.925    6:39:53.763    6:39:55.874    2.111      2.111      Paused by player, Unpause by player
2    3:30:02.725    6:46:54.628    6:47:04.497    9.869      9.869      Paused by player, Unpause by player
3    3:30:46.425    6:47:48.188    6:47:56.338    8.150      8.150      Paused by player, Unpause by player
4    3:31:53.475    6:49:03.377    6:49:09.788    6.411      6.411      Paused by player, Unpause by player
5    3:32:26.875    6:49:43.170    6:49:47.908    4.738      4.738      Paused by player, Unpause by player
6    3:32:37.925    6:49:58.977    6:49:59.420    0.443                 Paused by changed dimension, Unpause by moved mouse
7    3:32:43.768    6:50:05.268    6:50:15.372    10.104     10.104     Paused by player, Unpause by player
8    3:32:43.818    6:50:15.399    6:50:15.505    0.106                 Paused by changed dimension, Unpause by rendered
0    3:32:44.609    6:50:25.610    6:53:09.771    164.161               Paused by player, Unpause by changed look direction
1    3:32:51.361    6:53:16.482    6:53:16.683    0.201                 Paused by changed dimension, Unpause by moved mouse
2    3:33:06.166    6:53:31.513    6:55:06.832    95.319     95.319     Paused by player, Unpause by player
3    3:33:38.716    6:55:39.379    6:55:39.440    0.061                 Paused by changed dimension, Unpause by changed look direction
4    3:33:40.133    6:55:40.829    6:55:40.945    0.116                 Paused by changed dimension, Unpause by rendered
5    3:33:48.805    6:55:49.621    6:55:51.854    2.233      2.233      Paused by player, Unpause by player
6    3:33:49.605    6:55:52.607    6:55:56.528    3.921      3.921      Paused by player, Unpause by player
7    3:33:50.805    6:55:57.709    6:55:58.433    0.724      0.724      Paused by player, Unpause by player
8    3:33:52.855    6:56:00.477    6:56:00.591    0.114                 Paused by changed dimension, Unpause by rendered
9    3:34:00.293    6:56:08.024    6:56:08.085    0.061                 Paused by changed dimension, Unpause by rendered
10   3:34:12.386    6:56:20.185    6:56:21.526    1.341      1.341      Paused by player, Unpause by player
11   3:34:39.386    6:56:48.489    6:56:50.921    2.432      2.432      Paused by player, Unpause by player
12   3:34:47.486    6:56:59.029    6:56:59.120    0.091                 Paused by changed dimension, Unpause by changed look direction
13   3:34:48.895    6:57:00.477    6:57:00.565    0.088                 Paused by changed dimension, Unpause by moved mouse
14   3:34:49.586    6:57:01.286    6:57:01.352    0.066                 Paused by changed dimension, Unpause by changed look direction
15   3:34:51.038    6:57:02.777    6:57:02.877    0.100                 Paused by changed dimension, Unpause by changed look direction
16   3:34:55.691    6:57:07.476    6:57:07.567    0.091                 Paused by changed dimension, Unpause by changed look direction
17   3:34:59.043    6:57:10.876    6:57:10.928    0.052                 Paused by changed dimension, Unpause by rendered
18   3:35:03.242    6:57:15.108    6:57:17.533    2.425      2.425      Paused by player, Unpause by player
19   3:35:03.892    6:57:18.135    6:57:19.915    1.780      1.780      Paused by player, Unpause by player
20   3:35:06.692    6:57:22.729    6:57:22.832    0.103                 Paused by changed dimension, Unpause by rendered
21   3:35:09.887    6:57:26.025    6:57:26.088    0.063                 Paused by changed dimension, Unpause by rendered
22   3:35:10.727    6:57:26.932    6:57:27.015    0.083                 Paused by changed dimension, Unpause by moved player
23   3:35:17.978    6:57:34.225    6:57:34.286    0.061                 Paused by changed dimension, Unpause by moved player
24   3:35:19.428    6:57:35.690    6:57:35.774    0.084                 Paused by changed dimension, Unpause by changed look direction
25   3:35:30.480    6:57:46.767    6:57:52.961    6.194      6.194      Paused by player, Unpause by player
26   3:35:41.130    6:58:03.588    6:58:06.083    2.495      2.495      Paused by player, Unpause by player
27   3:35:41.580    6:58:06.515    6:58:07.225    0.710      0.710      Paused by player, Unpause by player
28   3:35:42.130    6:58:07.745    6:58:12.246    4.501      4.501      Paused by player, Unpause by player
29   3:35:42.730    6:58:12.806    6:58:14.403    1.597      1.597      Paused by player, Unpause by player
30   3:35:43.830    6:58:15.465    6:58:17.362    1.897      1.897      Paused by player, Unpause by player
31   3:36:09.080    6:58:42.580    6:58:43.375    0.795      0.795      Paused by player, Unpause by player
32   3:36:09.580    6:58:43.845    6:58:55.741    11.896     11.896     Paused by player, Unpause by player
33   3:36:34.030    6:59:20.163    6:59:26.333    6.170      6.170      Paused by player, Unpause by player
34   3:37:02.080    6:59:54.386    7:00:03.008    8.622      8.622      Paused by player, Unpause by player
35   3:38:18.830    7:01:19.737    7:01:21.021    1.284      1.284      Paused by player, Unpause by player
36   3:40:29.430    7:03:31.614    7:03:32.846    1.232      1.232      Paused by player, Unpause by player
37   3:43:07.780    7:06:11.156    7:06:14.843    3.687      3.687      Paused by player, Unpause by player
38   3:43:29.380    7:06:36.415    7:06:47.618    11.203     11.203     Paused by player, Unpause by player
39   3:45:40.030    7:08:58.271    7:09:30.715    32.444     32.444     Paused by player, Unpause by player
40   3:45:47.080    7:09:37.736    7:09:40.163    2.427      2.427      Paused by player, Unpause by player
41   3:45:47.780    7:09:40.854    7:09:42.753    1.899      1.899      Paused by player, Unpause by player
42   3:45:49.330    7:09:44.296    7:09:45.890    1.594      1.594      Paused by player, Unpause by player
43   3:46:00.080    7:09:56.640    7:09:58.568    1.928      1.928      Paused by player, Unpause by player
44   3:46:34.880    7:10:33.336    7:10:46.851    13.515     13.515     Paused by player, Unpause by player
45   3:46:41.780    7:10:53.753    7:10:56.185    2.432      2.432      Paused by player, Unpause by player
46   3:46:56.430    7:11:10.802    7:11:27.424    16.622     16.622     Paused by player, Unpause by player
47   3:47:46.330    7:12:17.317    7:12:21.755    4.438      4.438      Paused by player, Unpause by player
48   3:48:07.830    7:12:43.208    7:12:47.598    4.390      4.390      Paused by player, Unpause by player
49   3:48:08.280    7:12:48.011    7:12:51.608    3.597      3.597      Paused by player, Unpause by player
50   3:48:08.680    7:12:51.975    7:12:55.209    3.234      3.234      Paused by player, Unpause by player
51   3:48:10.980    7:12:57.488    7:12:58.397    0.909      0.909      Paused by player, Unpause by player
52   3:48:14.630    7:13:02.016    7:13:03.624    1.608      1.608      Paused by player, Unpause by player
53   3:48:21.830    7:13:10.785    7:13:11.231    0.446      0.446      Paused by player, Unpause by player
54   3:48:22.530    7:13:11.892    7:13:12.448    0.556      0.556      Paused by player, Unpause by player
55   3:48:23.080    7:13:12.954    7:13:13.843    0.889      0.889      Paused by player, Unpause by player
56   3:48:23.580    7:13:14.309    7:13:25.749    11.440     11.440     Paused by player, Unpause by player
57   3:48:29.180    7:13:31.326    7:13:36.755    5.429      5.429      Paused by player, Unpause by player
58   3:48:42.880    7:13:50.451    7:13:51.259    0.808      0.808      Paused by player, Unpause by player
59   3:48:43.330    7:13:51.693    7:13:52.063    0.370      0.370      Paused by player, Unpause by player
60   3:48:43.880    7:13:52.573    7:13:52.729    0.156      0.156      Paused by player, Unpause by player
61   3:48:44.930    7:13:53.737    7:13:54.028    0.291      0.291      Paused by player, Unpause by player
62   3:48:45.580    7:13:54.639    7:13:57.867    3.228      3.228      Paused by player, Unpause by player
63   3:48:53.130    7:14:05.400    7:14:07.406    2.006      2.006      Paused by player, Unpause by player
64   3:48:53.530    7:14:07.780    7:14:13.828    6.048      6.048      Paused by player, Unpause by player
65   3:49:03.380    7:14:23.658    7:14:28.867    5.209      5.209      Paused by player, Unpause by player
66   3:49:07.530    7:14:32.983    7:14:33.903    0.920      0.920      Paused by player, Unpause by player
67   3:49:08.880    7:14:35.245    7:14:37.014    1.769      1.769      Paused by player, Unpause by player
68   3:49:10.280    7:14:38.383    7:14:38.990    0.607      0.607      Paused by player, Unpause by player
69   3:49:10.880    7:14:39.557    7:14:43.656    4.099      4.099      Paused by player, Unpause by player
70   3:49:17.680    7:14:50.420    7:14:51.739    1.319      1.319      Paused by player, Unpause by player
71   3:49:18.330    7:14:52.383    7:15:02.952    10.569     10.569     Paused by player, Unpause by player
72   3:49:22.030    7:15:06.624    7:15:07.010    0.386      0.386      Paused by player, Unpause by player
73   3:49:22.330    7:15:07.296    7:15:10.256    2.960      2.960      Paused by player, Unpause by player
74   3:49:51.130    7:15:39.074    7:16:03.001    23.927     23.927     Paused by player, Unpause by player
75   3:50:06.580    7:16:18.401    7:16:18.897    0.496      0.496      Paused by player, Unpause by player
76   3:50:07.980    7:16:20.261    7:16:31.640    11.379     11.379     Paused by player, Unpause by player
77   3:50:14.780    7:16:38.470    7:18:18.037    99.567     99.567     Paused by player, Unpause by player
78   3:50:41.680    7:18:44.945    7:18:49.813    4.868      4.868      Paused by player, Unpause by player
79   3:51:59.380    7:20:07.524    7:20:19.848    12.324     12.324     Paused by player, Unpause by player
80   3:51:59.930    7:20:20.398    7:20:55.132    34.734     34.734     Paused by player, Unpause by player
81   3:52:02.780    7:20:57.961    7:21:25.672    27.711     27.711     Paused by player, Unpause by player
82   3:52:30.230    7:21:53.164    7:22:13.266    20.102     20.102     Paused by player, Unpause by player
83   3:52:31.730    7:22:14.760    7:22:31.917    17.157     17.157     Paused by player, Unpause by player
84   3:53:21.880    7:23:22.079    7:24:36.835    74.756     74.756     Paused by player, Unpause by player
85   3:59:24.980    7:30:39.914    7:30:42.106    2.192      2.192      Paused by player, Unpause by player
86   3:59:41.080    7:30:58.204    7:31:25.133    26.929     26.929     Paused by player, Unpause by player
87   3:59:44.280    7:31:28.337    7:38:32.252    423.915    423.915    Paused by player, Unpause by player
88   3:59:45.530    7:38:33.530    7:38:36.129    2.599      2.599      Paused by player, Unpause by player
89   3:59:45.830    7:38:36.424    7:38:40.178    3.754      3.754      Paused by player, Unpause by player
0    3:59:54.530    7:38:48.903    7:39:00.609    11.706                Paused by player, Unpause by rendered
1    4:00:02.620    7:39:08.668    7:39:17.662    8.994      8.994      Paused by player, Unpause by player
2    4:00:44.870    7:39:59.914    7:40:12.894    12.980     12.980     Paused by player, Unpause by player
3    4:00:59.920    7:40:27.914    7:40:37.528    9.614      9.614      Paused by player, Unpause by player
4    4:01:39.070    7:41:16.629    7:41:34.051    17.422     17.422     Paused by player, Unpause by player
5    4:01:39.720    7:41:34.694    7:42:00.324    25.630     25.630     Paused by player, Unpause by player
6    4:01:41.770    7:42:02.375    7:42:06.742    4.367      4.367      Paused by player, Unpause by player
7    4:01:43.270    7:42:08.253    7:42:11.238    2.985      2.985      Paused by player, Unpause by player
8    4:02:19.070    7:42:47.038    7:42:52.548    5.510      5.510      Paused by player, Unpause by player
9    4:03:04.570    7:43:38.035    7:44:02.271    24.236     24.236     Paused by player, Unpause by player
10   4:03:06.770    7:44:04.476    7:44:16.694    12.218     12.218     Paused by player, Unpause by player
11   4:04:25.420    7:45:35.327    7:45:35.683    0.356      0.356      Paused by player, Unpause by player
12   4:04:26.170    7:45:36.405    7:45:40.950    4.545      4.545      Paused by player, Unpause by player
13   4:04:28.220    7:45:42.983    7:45:59.189    16.206     16.206     Paused by player, Unpause by player
14   4:04:31.820    7:46:02.805    7:46:06.580    3.775      3.775      Paused by player, Unpause by player
15   4:05:10.770    7:46:45.526    7:46:47.055    1.529      1.529      Paused by player, Unpause by player
16   4:07:29.320    7:49:05.601    7:49:05.644    0.043                 Paused by changed dimension, Unpause by moved mouse
17   4:07:31.464    7:49:07.806    7:49:07.899    0.093                 Paused by changed dimension, Unpause by changed look direction
18   4:07:34.116    7:49:10.501    7:49:10.558    0.057                 Paused by changed dimension, Unpause by rendered
19   4:07:58.013    7:49:34.454    7:49:34.553    0.099                 Paused by changed dimension, Unpause by rendered
20   4:08:19.703    7:49:56.221    7:49:56.944    0.723      0.723      Paused by player, Unpause by player
21   4:08:20.253    7:49:57.482    7:49:57.732    0.250      0.250      Paused by player, Unpause by player
22   4:08:20.853    7:49:58.320    7:49:59.409    1.089      1.089      Paused by player, Unpause by player
23   4:09:19.353    7:50:57.910    7:50:58.550    0.640      0.640      Paused by player, Unpause by player
24   4:09:21.303    7:51:00.460    7:51:01.616    1.156      1.156      Paused by player, Unpause by player
25   4:09:22.003    7:51:02.312    7:51:03.158    0.846      0.846      Paused by player, Unpause by player
26   4:09:22.303    7:51:03.458    7:51:03.703    0.245      0.245      Paused by player, Unpause by player
27   4:09:22.553    7:51:03.958    7:51:04.183    0.225      0.225      Paused by player, Unpause by player
28   4:09:22.853    7:51:04.455    7:51:04.778    0.323      0.323      Paused by player, Unpause by player
29   4:09:23.053    7:51:04.977    7:51:05.445    0.468      0.468      Paused by player, Unpause by player
30   4:09:24.153    7:51:06.526    7:51:07.419    0.893      0.893      Paused by player, Unpause by player
31   4:11:08.903    7:52:52.201    7:52:52.242    0.041                 Paused by changed dimension, Unpause by moved mouse
32   4:18:44.800    8:00:28.143    8:00:40.282    12.139     12.139     Paused by player, Unpause by player
33   4:19:02.450    8:00:57.928    8:01:00.627    2.699      2.699      Paused by player, Unpause by player
34   4:19:07.500    8:01:05.671    8:01:09.848    4.177      4.177      Paused by player, Unpause by player
35   4:19:11.800    8:01:14.115    8:01:16.905    2.790      2.790      Paused by player, Unpause by player
36   4:21:18.850    8:03:23.951    8:03:24.110    0.159                 Paused by changed dimension, Unpause by rendered
37   4:21:42.114    8:03:47.422    8:03:51.348    3.926      3.926      Paused by player, Unpause by player
38   4:21:47.164    8:03:56.395    8:03:58.390    1.995      1.995      Paused by player, Unpause by player
39   4:21:49.914    8:04:01.138    8:04:02.831    1.693      1.693      Paused by player, Unpause by player
40   4:21:50.964    8:04:03.837    8:04:20.512    16.675     16.675     Paused by player, Unpause by player
41   4:22:08.714    8:04:38.243    8:05:51.821    73.578     73.578     Paused by player, Unpause by player
42   4:22:17.114    8:06:00.222    8:06:10.112    9.890      9.890      Paused by player, Unpause by player
43   4:22:28.014    8:06:20.970    8:06:31.562    10.592     10.592     Paused by player, Unpause by player
44   4:22:31.764    8:06:35.276    8:06:35.415    0.139                 Paused by changed dimension, Unpause by rendered
45   4:22:45.791    8:06:49.451    8:06:49.489    0.038                 Paused by changed dimension, Unpause by changed look direction
46   4:23:05.744    8:07:09.420    8:07:19.591    10.171     10.171     Paused by player, Unpause by player
47   4:23:28.844    8:07:42.686    8:07:42.743    0.057                 Paused by changed dimension, Unpause by moved mouse
48   4:23:36.931    8:07:50.838    8:07:50.913    0.075                 Paused by changed dimension, Unpause by rendered
49   4:24:22.419    8:08:36.386    8:08:40.119    3.733      3.733      Paused by player, Unpause by player
50   4:24:35.669    8:08:53.330    8:08:53.402    0.072                 Paused by changed dimension, Unpause by moved mouse
51   4:24:45.058    8:09:02.818    8:09:02.898    0.080                 Paused by changed dimension, Unpause by rendered
52   4:26:50.900    8:11:08.733    8:11:15.725    6.992      6.992      Paused by player, Unpause by player
53   4:26:51.550    8:11:16.345    8:11:21.096    4.751      4.751      Paused by player, Unpause by player
54   4:26:53.400    8:11:22.906    8:11:26.702    3.796      3.796      Paused by player, Unpause by player
55   4:26:54.350    8:11:27.618    8:11:30.745    3.127      3.127      Paused by player, Unpause by player
56   4:26:55.450    8:11:31.835    8:11:35.317    3.482      3.482      Paused by player, Unpause by player
57   4:26:56.350    8:11:36.176    8:11:39.735    3.559      3.559      Paused by player, Unpause by player
58   4:27:36.650    8:12:20.038    8:12:21.354    1.316      1.316      Paused by player, Unpause by player
59   4:27:44.700    8:12:29.382    8:13:13.683    44.301     44.301     Paused by player, Unpause by player
60   4:30:25.050    8:15:54.012    8:15:54.112    0.100                 Paused by changed dimension, Unpause by moved mouse
61   4:30:48.878    8:16:17.946    8:16:20.561    2.615      2.615      Paused by player, Unpause by player
62   4:30:50.728    8:16:22.378    8:16:23.380    1.002      1.002      Paused by player, Unpause by player
63   4:30:55.728    8:16:28.340    8:16:39.334    10.994     10.994     Paused by player, Unpause by player
64   4:30:57.028    8:16:40.594    8:16:41.233    0.639      0.639      Paused by player, Unpause by player
65   4:30:57.528    8:16:41.709    8:16:42.651    0.942      0.942      Paused by player, Unpause by player
66   4:31:08.328    8:16:53.431    8:17:05.018    11.587     11.587     Paused by player, Unpause by player
67   4:31:33.778    8:17:30.461    8:17:44.691    14.230     14.230     Paused by player, Unpause by player
68   4:31:44.628    8:17:55.522    8:17:55.639    0.117                 Paused by changed dimension, Unpause by rendered
69   4:32:06.976    8:18:17.987    8:18:18.073    0.086                 Paused by changed dimension, Unpause by moved mouse
70   4:32:10.879    8:18:21.958    8:18:27.907    5.949      5.949      Paused by player, Unpause by player
71   4:32:46.129    8:19:03.120    8:19:21.636    18.516     18.516     Paused by player, Unpause by player
72   4:33:02.879    8:19:38.416    8:19:38.518    0.102                 Paused by changed dimension, Unpause by rendered
73   4:33:20.563    8:19:56.162    8:20:03.702    7.540      7.540      Paused by player, Unpause by player
74   4:33:53.963    8:20:37.101    8:21:04.235    27.134     27.134     Paused by player, Unpause by player
75   4:35:44.363    8:22:54.601    8:22:54.719    0.118                 Paused by changed dimension, Unpause by rendered
76   4:35:48.815    8:22:59.176    8:23:01.277    2.101      2.101      Paused by player, Unpause by player
77   4:35:49.115    8:23:01.545    8:26:30.900    209.355    209.355    Paused by player, Unpause by player
78   4:36:45.065    8:27:26.837    8:28:14.986    48.149     48.149     Paused by player, Unpause by player
0    4:39:02.665    8:30:32.554    8:31:39.726    67.172                Paused by player, Unpause by moved mouse
1    4:39:05.412    8:31:42.496    8:31:42.656    0.160                 Paused by changed dimension, Unpause by rendered
2    4:41:14.689    8:33:52.425    8:33:59.444    7.019      7.019      Paused by player, Unpause by player
3    4:43:01.139    8:35:45.858    8:35:45.917    0.059                 Paused by changed dimension, Unpause by rendered
4    4:45:52.857    8:38:37.651    8:38:37.760    0.109                 Paused by changed dimension, Unpause by rendered
5    4:46:02.542    8:38:47.423    8:38:47.465    0.042                 Paused by changed dimension, Unpause by moved mouse
6    4:46:04.185    8:38:49.120    8:38:54.362    5.242      5.242      Paused by player, Unpause by player
7    4:46:15.335    8:39:05.491    8:39:12.103    6.612      6.612      Paused by player, Unpause by player
8    4:46:16.785    8:39:13.532    8:39:13.709    0.177                 Paused by changed dimension, Unpause by rendered
9    4:46:18.447    8:39:15.357    8:39:24.992    9.635      9.635      Paused by player, Unpause by player
10   4:46:39.797    8:39:46.340    8:39:53.759    7.419      7.419      Paused by player, Unpause by player
11   4:46:49.447    8:40:03.390    8:40:03.551    0.161                 Paused by changed dimension, Unpause by rendered
12   4:48:36.049    8:41:50.159    8:42:14.388    24.229     24.229     Paused by player, Unpause by player
13   4:49:01.499    8:42:39.816    8:42:40.725    0.909      0.909      Paused by player, Unpause by player
14   4:49:02.149    8:42:41.340    8:42:42.121    0.781      0.781      Paused by player, Unpause by player
15   4:51:00.199    8:44:40.178    8:44:47.102    6.924      6.924      Paused by player, Unpause by player
16   4:51:30.999    8:45:17.893    8:46:17.277    59.384     59.384     Paused by player, Unpause by player
17   4:51:34.849    8:46:21.139    8:46:21.306    0.167                 Paused by changed dimension, Unpause by rendered
18   4:51:48.577    8:46:35.014    8:46:36.525    1.511      1.511      Paused by player, Unpause by player
19   4:51:52.227    8:46:40.138    8:46:43.645    3.507      3.507      Paused by player, Unpause by player
20   4:52:05.627    8:46:57.000    8:46:59.795    2.795      2.795      Paused by player, Unpause by player
21   4:52:06.977    8:47:01.108    8:47:05.439    4.331      4.331      Paused by player, Unpause by player
22   4:52:12.077    8:47:10.517    8:47:11.822    1.305      1.305      Paused by player, Unpause by player
23   4:52:12.977    8:47:12.693    8:47:19.107    6.414      6.414      Paused by player, Unpause by player
24   4:52:13.727    8:47:19.814    8:48:55.238    95.424     95.424     Paused by player, Unpause by player
25   4:52:19.777    8:49:01.269    8:49:14.452    13.183     13.183     Paused by player, Unpause by player
26   4:52:30.527    8:49:25.225    8:50:02.219    36.994     36.994     Paused by player, Unpause by player
27   4:52:30.927    8:50:02.576    8:50:36.060    33.484     33.484     Paused by player, Unpause by player
28   4:52:37.977    8:50:43.082    8:50:44.593    1.511      1.511      Paused by player, Unpause by player
29   4:53:00.827    8:51:07.401    8:51:17.431    10.030     10.030     Paused by player, Unpause by player
30   4:53:02.377    8:51:18.957    8:51:51.681    32.724     32.724     Paused by player, Unpause by player
31   4:53:21.427    8:52:10.692    8:52:10.750    0.058                 Paused by changed dimension, Unpause by rendered
32   4:54:27.320    8:53:16.665    8:53:16.842    0.177                 Paused by changed dimension, Unpause by rendered
33   4:54:34.164    8:53:23.702    8:53:30.976    7.274      7.274      Paused by player, Unpause by player
34   4:56:36.764    8:55:33.552    8:55:33.599    0.047                 Paused by changed dimension, Unpause by rendered
35   4:56:42.055    8:55:38.907    8:55:38.983    0.076                 Paused by changed dimension, Unpause by rendered
36   4:56:51.920    8:55:48.838    8:55:48.886    0.048                 Paused by changed dimension, Unpause by rendered
37   4:57:07.207    8:56:04.179    8:56:04.257    0.078                 Paused by changed dimension, Unpause by rendered
38   4:57:31.966    8:56:29.033    8:56:35.170    6.137      6.137      Paused by player, Unpause by player
39   4:58:08.366    8:57:11.574    8:57:11.624    0.050                 Paused by changed dimension, Unpause by rendered
40   4:58:17.561    8:57:20.855    8:57:20.937    0.082                 Paused by changed dimension, Unpause by rendered
41   4:58:54.043    8:57:57.405    8:57:57.444    0.039                 Paused by changed dimension, Unpause by changed look direction
42   4:59:03.902    8:58:07.316    8:58:07.479    0.163                 Paused by changed dimension, Unpause by rendered
43   4:59:26.453    8:58:30.012    8:58:30.070    0.058                 Paused by changed dimension, Unpause by rendered
44   4:59:30.137    8:58:33.759    8:58:33.843    0.084                 Paused by changed dimension, Unpause by rendered
45   4:59:34.223    8:58:37.907    8:58:37.945    0.038                 Paused by changed dimension, Unpause by rendered
46   4:59:37.480    8:58:41.245    8:58:41.363    0.118                 Paused by changed dimension, Unpause by rendered
47   5:00:08.024    8:59:11.890    8:59:11.937    0.047                 Paused by changed dimension, Unpause by rendered
48   5:00:10.020    8:59:13.937    8:59:14.011    0.074                 Paused by changed dimension, Unpause by rendered
49   5:00:12.710    8:59:16.687    8:59:16.743    0.056                 Paused by changed dimension, Unpause by rendered
50   5:00:17.705    8:59:21.743    8:59:21.884    0.141                 Paused by changed dimension, Unpause by changed look direction
51   5:00:28.256    8:59:32.341    8:59:33.354    1.013      1.013      Paused by player, Unpause by player
52   5:00:28.556    8:59:33.635    8:59:34.572    0.937      0.937      Paused by player, Unpause by player
53   5:00:28.856    8:59:34.865    8:59:36.056    1.191      1.191      Paused by player, Unpause by player
54   5:00:29.306    8:59:36.504    8:59:42.512    6.008      6.008      Paused by player, Unpause by player
55   5:00:37.806    8:59:50.998    8:59:51.053    0.055                 Paused by changed dimension, Unpause by rendered
56   5:00:57.440    9:00:10.719    9:00:10.795    0.076                 Paused by changed dimension, Unpause by rendered
57   5:01:00.169    9:00:13.503    9:00:13.541    0.038                 Paused by changed dimension, Unpause by rendered
58   5:01:09.418    9:00:22.799    9:00:22.885    0.086                 Paused by changed dimension, Unpause by rendered
59   5:01:36.416    9:00:49.887    9:00:50.539    0.652      0.652      Paused by player, Unpause by player
60   5:01:36.866    9:00:50.971    9:01:30.959    39.988     39.988     Paused by player, Unpause by player
61   5:01:41.866    9:01:35.953    9:01:36.021    0.068                 Paused by changed dimension, Unpause by moved mouse
62   5:02:06.042    9:02:00.238    9:02:00.318    0.080                 Paused by changed dimension, Unpause by rendered
63   5:02:11.477    9:02:05.738    9:02:15.611    9.873      9.873      Paused by player, Unpause by player
64   5:02:17.027    9:02:21.129    9:02:21.173    0.044                 Paused by changed dimension, Unpause by rendered
65   5:02:54.325    9:02:58.460    9:02:58.991    0.531      0.531      Paused by player, Unpause by player
66   5:03:17.375    9:03:22.030    9:03:22.132    0.102                 Paused by changed dimension, Unpause by rendered
67   5:03:22.572    9:03:27.322    9:03:27.445    0.123                 Paused by changed dimension, Unpause by rendered
68   5:03:26.240    9:03:31.116    9:03:31.193    0.077                 Paused by changed dimension, Unpause by rendered
69   5:03:29.779    9:03:34.713    9:03:40.156    5.443      5.443      Paused by player, Unpause by player
70   5:03:42.379    9:03:52.749    9:03:52.811    0.062                 Paused by changed dimension, Unpause by rendered
71   5:04:50.162    9:05:00.597    9:05:05.444    4.847      4.847      Paused by player, Unpause by player
72   5:06:49.262    9:07:04.589    9:07:18.479    13.890     13.890     Paused by player, Unpause by player
73   5:09:29.312    9:09:58.488    9:09:59.747    1.259      1.259      Paused by player, Unpause by player
74   5:10:03.662    9:10:34.098    9:10:37.142    3.044      3.044      Paused by player, Unpause by player
75   5:10:09.012    9:10:42.448    9:10:44.706    2.258      2.258      Paused by player, Unpause by player
76   5:10:30.462    9:11:06.162    9:11:12.251    6.089      6.089      Paused by player, Unpause by player
77   5:10:47.612    9:11:29.361    9:11:31.258    1.897      1.897      Paused by player, Unpause by player
78   5:10:48.162    9:11:31.769    9:11:32.172    0.403      0.403      Paused by player, Unpause by player
79   5:10:49.062    9:11:33.028    9:11:36.008    2.980      2.980      Paused by player, Unpause by player
80   5:10:54.662    9:11:41.586    9:11:46.439    4.853      4.853      Paused by player, Unpause by player
81   5:10:58.962    9:11:50.714    9:11:54.369    3.655      3.655      Paused by player, Unpause by player
82   5:15:06.112    9:16:01.487    9:16:01.930    0.443      0.443      Paused by player, Unpause by player
83   5:15:06.462    9:16:02.261    9:16:12.176    9.915      9.915      Paused by player, Unpause by player
84   5:15:48.212    9:16:53.913    9:16:54.017    0.104                 Paused by changed dimension, Unpause by rendered
85   5:15:52.282    9:16:58.075    9:16:58.120    0.045                 Paused by changed dimension, Unpause by rendered
86   5:15:58.012    9:17:03.840    9:17:03.936    0.096                 Paused by changed dimension, Unpause by moved mouse
87   5:16:01.400    9:17:07.305    9:17:07.352    0.047                 Paused by changed dimension, Unpause by rendered
88   5:16:06.971    9:17:12.918    9:17:12.987    0.069                 Paused by changed dimension, Unpause by changed look direction
89   5:16:51.289    9:17:57.235    9:17:57.282    0.047                 Paused by changed dimension, Unpause by rendered
90   5:16:53.170    9:17:59.149    9:17:59.238    0.089                 Paused by changed dimension, Unpause by rendered
91   5:16:55.660    9:18:01.713    9:18:01.776    0.063                 Paused by changed dimension, Unpause by moved mouse
92   5:18:17.505    9:19:23.625    9:19:24.225    0.600      0.600      Paused by player, Unpause by player
93   5:18:30.855    9:19:37.532    9:19:37.644    0.112                 Paused by changed dimension, Unpause by moved mouse
94   5:18:31.780    9:19:38.546    9:19:38.670    0.124                 Paused by changed dimension, Unpause by rendered
95   5:19:56.164    9:21:03.060    9:21:11.752    8.692      8.692      Paused by player, Unpause by player
96   5:20:02.614    9:21:18.197    9:21:25.441    7.244      7.244      Paused by player, Unpause by player
97   5:20:22.214    9:21:45.013    9:21:56.740    11.727     11.727     Paused by player, Unpause by player
98   5:20:36.064    9:22:10.581    9:22:17.399    6.818      6.818      Paused by player, Unpause by player
99   5:20:37.014    9:22:18.321    9:22:19.411    1.090      1.090      Paused by player, Unpause by player
100  5:20:37.964    9:22:20.344    9:22:21.386    1.042      1.042      Paused by player, Unpause by player
101  5:20:38.614    9:22:22.029    9:22:27.019    4.990      4.990      Paused by player, Unpause by player
102  5:20:48.864    9:22:37.272    9:22:42.327    5.055      5.055      Paused by player, Unpause by player
103  5:23:28.064    9:25:21.521    9:25:25.154    3.633      3.633      Paused by player, Unpause by player
104  5:24:02.714    9:25:59.761    9:26:04.601    4.840      4.840      Paused by player, Unpause by player
105  5:24:48.614    9:26:50.469    9:26:57.010    6.541      6.541      Paused by player, Unpause by player
106  5:25:05.164    9:27:13.536    9:27:17.091    3.555      3.555      Paused by player, Unpause by player
107  5:25:49.564    9:28:01.457    9:28:07.645    6.188      6.188      Paused by player, Unpause by player
108  5:26:24.714    9:28:42.779    9:28:50.651    7.872      7.872      Paused by player, Unpause by player
109  5:26:35.214    9:29:01.109    9:29:16.075    14.966     14.966     Paused by player, Unpause by player
110  5:31:05.564    9:33:46.409    9:33:46.493    0.084                 Paused by changed dimension, Unpause by rendered
111  5:31:20.433    9:34:01.376    9:34:06.063    4.687      4.687      Paused by player, Unpause by player
112  5:31:35.333    9:34:20.967    9:34:21.008    0.041                 Paused by changed dimension, Unpause by changed look direction
113  5:31:43.691    9:34:29.371    9:34:29.455    0.084                 Paused by changed dimension, Unpause by rendered
114  5:31:50.227    9:34:35.975    9:34:36.087    0.112                 Paused by changed dimension, Unpause by rendered
115  5:32:08.766    9:34:54.631    9:34:54.706    0.075                 Paused by changed dimension, Unpause by rendered
116  5:32:53.260    9:35:39.185    9:35:42.863    3.678      3.678      Paused by player, Unpause by player
117  5:32:53.960    9:35:43.535    9:36:02.292    18.757     18.757     Paused by player, Unpause by player
118  5:33:12.110    9:36:20.405    9:36:20.526    0.121                 Paused by changed dimension, Unpause by rendered
119  5:33:28.353    9:36:36.773    9:36:36.849    0.076                 Paused by changed dimension, Unpause by rendered
120  5:33:38.799    9:36:47.295    9:36:47.338    0.043                 Paused by changed dimension, Unpause by rendered
121  5:33:53.085    9:37:01.613    9:37:01.699    0.086                 Paused by changed dimension, Unpause by rendered
122  5:33:54.329    9:37:02.933    9:37:03.002    0.069                 Paused by changed dimension, Unpause by moved mouse
123  5:34:16.925    9:37:25.627    9:37:26.468    0.841      0.841      Paused by player, Unpause by player
124  5:34:25.025    9:37:34.542    9:37:34.667    0.125                 Paused by changed dimension, Unpause by changed look direction
125  5:34:33.431    9:37:42.969    9:37:47.042    4.073      4.073      Paused by player, Unpause by player
126  5:34:39.881    9:37:53.445    9:37:57.278    3.833      3.833      Paused by player, Unpause by player
127  5:35:24.331    9:38:41.698    9:38:41.743    0.045                 Paused by changed dimension, Unpause by changed look direction
128  5:35:24.485    9:38:41.894    9:38:41.977    0.083                 Paused by changed dimension, Unpause by changed look direction
129  5:35:35.487    9:38:52.940    9:38:55.209    2.269      2.269      Paused by player, Unpause by player
130  5:35:36.987    9:38:56.707    9:40:28.524    91.817     91.817     Paused by player, Unpause by player
131  5:35:53.537    9:40:45.053    9:40:47.898    2.845      2.845      Paused by player, Unpause by player
132  5:36:05.587    9:40:59.937    9:44:36.633    216.696    216.696    Paused by player, Unpause by player
133  5:36:28.837    9:44:59.902    9:45:03.125    3.223      3.223      Paused by player, Unpause by player
134  5:36:48.787    9:45:23.029    9:46:21.205    58.176     58.176     Paused by player, Unpause by player
135  5:37:45.037    9:47:17.436    9:47:20.114    2.678      2.678      Paused by player, Unpause by player
136  5:39:08.737    9:48:43.813    9:48:47.319    3.506      3.506      Paused by player, Unpause by player
137  5:39:10.637    9:48:49.212    9:48:53.189    3.977      3.977      Paused by player, Unpause by player
138  5:39:15.187    9:48:57.698    9:49:00.434    2.736      2.736      Paused by player, Unpause by player
139  5:39:35.137    9:49:20.358    9:49:20.868    0.510      0.510      Paused by player, Unpause by player
140  5:39:35.737    9:49:21.435    9:49:54.389    32.954     32.954     Paused by player, Unpause by player
141  5:40:09.087    9:50:27.696    9:50:28.825    1.129      1.129      Paused by player, Unpause by player
142  5:40:09.837    9:50:29.547    9:50:30.549    1.002      1.002      Paused by player, Unpause by player
143  5:40:11.687    9:50:32.367    9:50:33.277    0.910      0.910      Paused by player, Unpause by player
144  5:40:26.637    9:50:48.271    9:52:08.493    80.222     80.222     Paused by player, Unpause by player
145  5:40:28.387    9:52:10.258    9:52:16.680    6.422      6.422      Paused by player, Unpause by player
146  5:40:38.287    9:52:26.542    9:58:20.470    353.928    353.928    Paused by player, Unpause by player
147  5:40:58.587    9:58:40.751    9:58:42.298    1.547      1.547      Paused by player, Unpause by player
148  5:41:00.137    9:58:43.831    9:58:44.708    0.877      0.877      Paused by player, Unpause by player
149  5:41:02.137    9:58:46.661    9:58:47.393    0.732      0.732      Paused by player, Unpause by player
150  5:41:05.237    9:58:50.470    9:59:17.890    27.420     27.420     Paused by player, Unpause by player
151  5:41:19.137    9:59:31.812    10:00:29.224   57.412     57.412     Paused by player, Unpause by player
152  5:41:32.637    10:00:42.729   10:01:11.540   28.811     28.811     Paused by player, Unpause by player
153  5:42:55.637    10:02:34.542   10:02:38.633   4.091      4.091      Paused by player, Unpause by player
154  5:43:18.737    10:03:01.721   10:03:02.936   1.215      1.215      Paused by player, Unpause by player
155  5:43:19.137    10:03:03.305   10:03:03.798   0.493      0.493      Paused by player, Unpause by player
156  5:43:19.587    10:03:04.223   10:03:06.707   2.484      2.484      Paused by player, Unpause by player
157  5:43:20.187    10:03:07.296   10:03:10.689   3.393      3.393      Paused by player, Unpause by player
158  5:43:20.687    10:03:11.183   10:03:13.911   2.728      2.728      Paused by player, Unpause by player
159  5:43:38.587    10:03:31.772   10:03:33.928   2.156      2.156      Paused by player, Unpause by player
160  5:43:46.687    10:03:42.028   10:03:44.700   2.672      2.672      Paused by player, Unpause by player
161  5:43:58.937    10:03:56.925   10:03:56.989   0.064                 Paused by changed dimension, Unpause by rendered
162  5:44:01.405    10:03:59.457   10:03:59.534   0.077                 Paused by changed dimension, Unpause by changed look direction
163  5:44:17.606    10:04:15.715   10:04:16.330   0.615      0.615      Paused by player, Unpause by player
164  5:44:17.756    10:04:16.459   10:04:16.771   0.312      0.312      Paused by player, Unpause by player
165  5:45:01.806    10:05:00.776   10:05:00.939   0.163                 Paused by changed dimension, Unpause by rendered
166  5:45:04.949    10:05:04.088   10:05:04.162   0.074                 Paused by changed dimension, Unpause by changed look direction
167  5:45:21.201    10:05:20.351   10:05:51.533   31.182     31.182     Paused by player, Unpause by player
168  5:45:33.901    10:06:04.212   10:06:06.660   2.448      2.448      Paused by player, Unpause by player
169  5:46:06.801    10:06:39.540   10:06:39.606   0.066                 Paused by changed dimension, Unpause by rendered
170  5:46:14.441    10:06:47.241   10:06:47.325   0.084                 Paused by changed dimension, Unpause by changed look direction
171  5:46:16.242    10:06:49.068   10:06:50.583   1.515      1.515      Paused by player, Unpause by player
0    5:46:21.542    10:06:55.879   10:09:38.596   162.717               Paused by player, Unpause by rendered
1    5:46:29.771    10:09:46.805   10:09:47.010   0.205                 Paused by changed dimension, Unpause by moved mouse
2    5:46:47.239    10:10:04.512   10:10:04.688   0.176                 Paused by changed dimension, Unpause by moved mouse
3    5:47:07.534    10:10:25.010   10:10:25.063   0.053                 Paused by changed dimension, Unpause by changed look direction
4    5:47:11.086    10:10:28.615   10:10:28.688   0.073                 Paused by changed dimension, Unpause by changed look direction
5    5:47:12.799    10:10:30.360   10:10:30.433   0.073                 Paused by changed dimension, Unpause by changed look direction
6    5:47:19.552    10:10:37.160   10:10:37.256   0.096                 Paused by changed dimension, Unpause by changed look direction
